control_id,matched_event_id,event_date,lat,lon,distance_from_event_km,nearest_known_event_km,note
ctl-38346-1,38346,2018-06-17,28.21714,83.57233,8.02,3.81,"absence of a record is not evidence of stability: a control is a slope with no recorded failure, not a slope proven not to fail, so any false-alarm rate derived from these sites is a lower bound on the true rate"
ctl-38346-2,38346,2018-06-17,28.15192,83.59995,4.02,3.22,"absence of a record is not evidence of stability: a control is a slope with no recorded failure, not a slope proven not to fail, so any false-alarm rate derived from these sites is a lower bound on the true rate"
ctl-38346-3,38346,2018-06-17,28.10952,83.47646,9.09,1.36,"absence of a record is not evidence of stability: a control is a slope with no recorded failure, not a slope proven not to fail, so any false-alarm rate derived from these sites is a lower bound on the true rate"
ctl-38349-1,38349,2018-06-17,28.31571,83.51828,10.8,1.95,"absence of a record is not evidence of stability: a control is a slope with no recorded failure, not a slope proven not to fail, so any false-alarm rate derived from these sites is a lower bound on the true rate"
ctl-38349-2,38349,2018-06-17,28.28249,83.47171,5.63,2.26,"absence of a record is not evidence of stability: a control is a slope with no recorded failure, not a slope proven not to fail, so any false-alarm rate derived from these sites is a lower bound on the true rate"
ctl-38349-3,38349,2018-06-17,28.20213,83.45983,3.4,1.21,"absence of a record is not evidence of stability: a control is a slope with no recorded failure, not a slope proven not to fail, so any false-alarm rate derived from these sites is a lower bound on the true rate"
ctl-38350-1,38350,2018-06-17,27.6319,85.58745,8.14,3.23,"absence of a record is not evidence of stability: a control is a slope with no recorded failure, not a slope proven not to fail, so any false-alarm rate derived from these sites is a lower bound on the true rate"
ctl-38350-2,38350,2018-06-17,27.67615,85.59201,3.42,3.13,"absence of a record is not evidence of stability: a control is a slope with no recorded failure, not a slope proven not to fail, so any false-alarm rate derived from these sites is a lower bound on the true rate"
ctl-38350-3,38350,2018-06-17,27.79109,85.61459,9.89,3.36,"absence of a record is not evidence of stability: a control is a slope with no recorded failure, not a slope proven not to fail, so any false-alarm rate derived from these sites is a lower bound on the true rate"
ctl-38355-1,38355,2018-06-17,27.98314,83.8285,9.85,4.96,"absence of a record is not evidence of stability: a control is a slope with no recorded failure, not a slope proven not to fail, so any false-alarm rate derived from these sites is a lower bound on the true rate"
ctl-38355-2,38355,2018-06-17,28.03535,83.96358,4.74,4.74,"absence of a record is not evidence of stability: a control is a slope with no recorded failure, not a slope proven not to fail, so any false-alarm rate derived from these sites is a lower bound on the true rate"
ctl-38355-3,38355,2018-06-17,27.9579,84.02396,11.52,5.77,"absence of a record is not evidence of stability: a control is a slope with no recorded failure, not a slope proven not to fail, so any false-alarm rate derived from these sites is a lower bound on the true rate"
ctl-38516-1,38516,2018-07-02,28.2822,81.87242,10.31,3.9,"absence of a record is not evidence of stability: a control is a slope with no recorded failure, not a slope proven not to fail, so any false-alarm rate derived from these sites is a lower bound on the true rate"
ctl-38516-2,38516,2018-07-02,28.41701,81.92449,6.89,3.49,"absence of a record is not evidence of stability: a control is a slope with no recorded failure, not a slope proven not to fail, so any false-alarm rate derived from these sites is a lower bound on the true rate"
ctl-38516-3,38516,2018-07-02,28.31199,81.9194,5.16,2.36,"absence of a record is not evidence of stability: a control is a slope with no recorded failure, not a slope proven not to fail, so any false-alarm rate derived from these sites is a lower bound on the true rate"
ctl-38528-1,38528,2018-07-02,27.59489,84.95446,10.11,4.55,"absence of a record is not evidence of stability: a control is a slope with no recorded failure, not a slope proven not to fail, so any false-alarm rate derived from these sites is a lower bound on the true rate"
ctl-38528-2,38528,2018-07-02,27.57853,84.97441,10.47,5.32,"absence of a record is not evidence of stability: a control is a slope with no recorded failure, not a slope proven not to fail, so any false-alarm rate derived from these sites is a lower bound on the true rate"
ctl-38528-3,38528,2018-07-02,27.73713,85.04925,8.74,1.23,"absence of a record is not evidence of stability: a control is a slope with no recorded failure, not a slope proven not to fail, so any false-alarm rate derived from these sites is a lower bound on the true rate"
ctl-38529-1,38529,2018-07-02,28.03509,83.90734,3.5,1.15,"absence of a record is not evidence of stability: a control is a slope with no recorded failure, not a slope proven not to fail, so any false-alarm rate derived from these sites is a lower bound on the true rate"
ctl-38529-2,38529,2018-07-02,28.04463,83.89173,1.88,1.88,"absence of a record is not evidence of stability: a control is a slope with no recorded failure, not a slope proven not to fail, so any false-alarm rate derived from these sites is a lower bound on the true rate"
ctl-38529-3,38529,2018-07-02,28.03949,83.89388,2.11,1.98,"absence of a record is not evidence of stability: a control is a slope with no recorded failure, not a slope proven not to fail, so any false-alarm rate derived from these sites is a lower bound on the true rate"
ctl-38541-1,38541,2018-07-02,28.67062,82.50948,7.98,3.14,"absence of a record is not evidence of stability: a control is a slope with no recorded failure, not a slope proven not to fail, so any false-alarm rate derived from these sites is a lower bound on the true rate"
ctl-38541-2,38541,2018-07-02,28.72951,82.49829,5.07,2.56,"absence of a record is not evidence of stability: a control is a slope with no recorded failure, not a slope proven not to fail, so any false-alarm rate derived from these sites is a lower bound on the true rate"
ctl-38541-3,38541,2018-07-02,28.75064,82.43238,3.93,1.2,"absence of a record is not evidence of stability: a control is a slope with no recorded failure, not a slope proven not to fail, so any false-alarm rate derived from these sites is a lower bound on the true rate"
ctl-38631-1,38631,2018-07-10,27.52721,85.86579,8.12,2.67,"absence of a record is not evidence of stability: a control is a slope with no recorded failure, not a slope proven not to fail, so any false-alarm rate derived from these sites is a lower bound on the true rate"
ctl-38631-2,38631,2018-07-10,27.58033,85.889,2.88,2.88,"absence of a record is not evidence of stability: a control is a slope with no recorded failure, not a slope proven not to fail, so any false-alarm rate derived from these sites is a lower bound on the true rate"
ctl-38631-3,38631,2018-07-10,27.56546,85.93744,2.79,2.79,"absence of a record is not evidence of stability: a control is a slope with no recorded failure, not a slope proven not to fail, so any false-alarm rate derived from these sites is a lower bound on the true rate"
ctl-38633-1,38633,2018-07-10,27.80998,85.34851,7.12,1.54,"absence of a record is not evidence of stability: a control is a slope with no recorded failure, not a slope proven not to fail, so any false-alarm rate derived from these sites is a lower bound on the true rate"
ctl-38633-2,38633,2018-07-10,27.85056,85.31193,10.26,1.44,"absence of a record is not evidence of stability: a control is a slope with no recorded failure, not a slope proven not to fail, so any false-alarm rate derived from these sites is a lower bound on the true rate"
ctl-38633-3,38633,2018-07-10,27.86653,85.42204,3.52,3.52,"absence of a record is not evidence of stability: a control is a slope with no recorded failure, not a slope proven not to fail, so any false-alarm rate derived from these sites is a lower bound on the true rate"
ctl-38642-1,38642,2018-07-12,27.62181,85.57293,4.47,2.07,"absence of a record is not evidence of stability: a control is a slope with no recorded failure, not a slope proven not to fail, so any false-alarm rate derived from these sites is a lower bound on the true rate"
ctl-38642-2,38642,2018-07-12,27.5885,85.62698,10.63,2.76,"absence of a record is not evidence of stability: a control is a slope with no recorded failure, not a slope proven not to fail, so any false-alarm rate derived from these sites is a lower bound on the true rate"
ctl-38642-3,38642,2018-07-12,27.56783,85.57865,8.2,3.49,"absence of a record is not evidence of stability: a control is a slope with no recorded failure, not a slope proven not to fail, so any false-alarm rate derived from these sites is a lower bound on the true rate"
ctl-38645-1,38645,2018-07-12,27.50051,85.50507,11.05,4.75,"absence of a record is not evidence of stability: a control is a slope with no recorded failure, not a slope proven not to fail, so any false-alarm rate derived from these sites is a lower bound on the true rate"
ctl-38645-2,38645,2018-07-12,27.5973,85.51607,3.91,3.43,"absence of a record is not evidence of stability: a control is a slope with no recorded failure, not a slope proven not to fail, so any false-alarm rate derived from these sites is a lower bound on the true rate"
ctl-38645-3,38645,2018-07-12,27.60584,85.53007,5.39,2.28,"absence of a record is not evidence of stability: a control is a slope with no recorded failure, not a slope proven not to fail, so any false-alarm rate derived from these sites is a lower bound on the true rate"
ctl-38648-1,38648,2018-07-11,28.09319,84.69262,2.0,2.0,"absence of a record is not evidence of stability: a control is a slope with no recorded failure, not a slope proven not to fail, so any false-alarm rate derived from these sites is a lower bound on the true rate"
ctl-38648-2,38648,2018-07-11,28.06221,84.67056,2.2,2.2,"absence of a record is not evidence of stability: a control is a slope with no recorded failure, not a slope proven not to fail, so any false-alarm rate derived from these sites is a lower bound on the true rate"
ctl-38648-3,38648,2018-07-11,27.99899,84.73314,9.7,6.38,"absence of a record is not evidence of stability: a control is a slope with no recorded failure, not a slope proven not to fail, so any false-alarm rate derived from these sites is a lower bound on the true rate"
ctl-38649-1,38649,2018-07-10,29.82656,80.70817,1.7,1.7,"absence of a record is not evidence of stability: a control is a slope with no recorded failure, not a slope proven not to fail, so any false-alarm rate derived from these sites is a lower bound on the true rate"
ctl-38649-2,38649,2018-07-10,29.73217,80.67373,11.94,1.57,"absence of a record is not evidence of stability: a control is a slope with no recorded failure, not a slope proven not to fail, so any false-alarm rate derived from these sites is a lower bound on the true rate"
ctl-38649-3,38649,2018-07-10,29.90508,80.60342,11.67,1.15,"absence of a record is not evidence of stability: a control is a slope with no recorded failure, not a slope proven not to fail, so any false-alarm rate derived from these sites is a lower bound on the true rate"
ctl-38662-1,38662,2018-07-12,27.80674,85.16216,1.13,1.13,"absence of a record is not evidence of stability: a control is a slope with no recorded failure, not a slope proven not to fail, so any false-alarm rate derived from these sites is a lower bound on the true rate"
ctl-38662-2,38662,2018-07-12,27.73429,85.15354,8.49,2.9,"absence of a record is not evidence of stability: a control is a slope with no recorded failure, not a slope proven not to fail, so any false-alarm rate derived from these sites is a lower bound on the true rate"
ctl-38662-3,38662,2018-07-12,27.78622,85.14246,3.93,3.34,"absence of a record is not evidence of stability: a control is a slope with no recorded failure, not a slope proven not to fail, so any false-alarm rate derived from these sites is a lower bound on the true rate"
ctl-38664-1,38664,2018-07-12,27.69577,85.55176,2.22,2.22,"absence of a record is not evidence of stability: a control is a slope with no recorded failure, not a slope proven not to fail, so any false-alarm rate derived from these sites is a lower bound on the true rate"
ctl-38664-2,38664,2018-07-12,27.76569,85.52536,5.98,5.98,"absence of a record is not evidence of stability: a control is a slope with no recorded failure, not a slope proven not to fail, so any false-alarm rate derived from these sites is a lower bound on the true rate"
ctl-38664-3,38664,2018-07-12,27.73945,85.60225,6.5,1.5,"absence of a record is not evidence of stability: a control is a slope with no recorded failure, not a slope proven not to fail, so any false-alarm rate derived from these sites is a lower bound on the true rate"
ctl-38665-1,38665,2018-07-11,27.62505,86.13508,11.02,2.89,"absence of a record is not evidence of stability: a control is a slope with no recorded failure, not a slope proven not to fail, so any false-alarm rate derived from these sites is a lower bound on the true rate"
ctl-38665-2,38665,2018-07-11,27.59658,86.28029,7.69,2.34,"absence of a record is not evidence of stability: a control is a slope with no recorded failure, not a slope proven not to fail, so any false-alarm rate derived from these sites is a lower bound on the true rate"
ctl-38665-3,38665,2018-07-11,27.47517,86.19307,9.38,3.58,"absence of a record is not evidence of stability: a control is a slope with no recorded failure, not a slope proven not to fail, so any false-alarm rate derived from these sites is a lower bound on the true rate"
ctl-38666-1,38666,2018-07-11,27.43464,85.92251,9.55,8.46,"absence of a record is not evidence of stability: a control is a slope with no recorded failure, not a slope proven not to fail, so any false-alarm rate derived from these sites is a lower bound on the true rate"
ctl-38666-2,38666,2018-07-11,27.51494,85.94999,1.01,1.01,"absence of a record is not evidence of stability: a control is a slope with no recorded failure, not a slope proven not to fail, so any false-alarm rate derived from these sites is a lower bound on the true rate"
ctl-38666-3,38666,2018-07-11,27.52884,85.93558,1.21,1.21,"absence of a record is not evidence of stability: a control is a slope with no recorded failure, not a slope proven not to fail, so any false-alarm rate derived from these sites is a lower bound on the true rate"
ctl-38682-1,38682,2018-07-13,27.50368,86.49501,10.65,4.1,"absence of a record is not evidence of stability: a control is a slope with no recorded failure, not a slope proven not to fail, so any false-alarm rate derived from these sites is a lower bound on the true rate"
ctl-38682-2,38682,2018-07-13,27.49344,86.60487,4.38,3.09,"absence of a record is not evidence of stability: a control is a slope with no recorded failure, not a slope proven not to fail, so any false-alarm rate derived from these sites is a lower bound on the true rate"
ctl-38682-3,38682,2018-07-13,27.54712,86.55378,10.65,2.6,"absence of a record is not evidence of stability: a control is a slope with no recorded failure, not a slope proven not to fail, so any false-alarm rate derived from these sites is a lower bound on the true rate"
ctl-38699-1,38699,2018-07-13,27.91865,84.71129,1.94,1.94,"absence of a record is not evidence of stability: a control is a slope with no recorded failure, not a slope proven not to fail, so any false-alarm rate derived from these sites is a lower bound on the true rate"
ctl-38699-2,38699,2018-07-13,27.93708,84.69168,1.76,1.76,"absence of a record is not evidence of stability: a control is a slope with no recorded failure, not a slope proven not to fail, so any false-alarm rate derived from these sites is a lower bound on the true rate"
ctl-38699-3,38699,2018-07-13,27.9946,84.77874,9.41,4.34,"absence of a record is not evidence of stability: a control is a slope with no recorded failure, not a slope proven not to fail, so any false-alarm rate derived from these sites is a lower bound on the true rate"
ctl-38703-1,38703,2018-07-14,27.47855,86.27004,6.22,5.03,"absence of a record is not evidence of stability: a control is a slope with no recorded failure, not a slope proven not to fail, so any false-alarm rate derived from these sites is a lower bound on the true rate"
ctl-38703-2,38703,2018-07-14,27.55625,86.26096,3.91,2.64,"absence of a record is not evidence of stability: a control is a slope with no recorded failure, not a slope proven not to fail, so any false-alarm rate derived from these sites is a lower bound on the true rate"
ctl-38703-3,38703,2018-07-14,27.54386,86.3451,5.65,1.36,"absence of a record is not evidence of stability: a control is a slope with no recorded failure, not a slope proven not to fail, so any false-alarm rate derived from these sites is a lower bound on the true rate"
ctl-38714-1,38714,2018-07-14,27.97242,85.3756,3.21,1.26,"absence of a record is not evidence of stability: a control is a slope with no recorded failure, not a slope proven not to fail, so any false-alarm rate derived from these sites is a lower bound on the true rate"
ctl-38714-2,38714,2018-07-14,27.93137,85.33883,5.81,2.19,"absence of a record is not evidence of stability: a control is a slope with no recorded failure, not a slope proven not to fail, so any false-alarm rate derived from these sites is a lower bound on the true rate"
ctl-38714-3,38714,2018-07-14,27.98665,85.36876,2.33,2.33,"absence of a record is not evidence of stability: a control is a slope with no recorded failure, not a slope proven not to fail, so any false-alarm rate derived from these sites is a lower bound on the true rate"
ctl-38748-1,38748,2018-07-17,27.39052,87.03915,4.71,2.47,"absence of a record is not evidence of stability: a control is a slope with no recorded failure, not a slope proven not to fail, so any false-alarm rate derived from these sites is a lower bound on the true rate"
ctl-38748-2,38748,2018-07-17,27.43245,87.09942,3.53,3.53,"absence of a record is not evidence of stability: a control is a slope with no recorded failure, not a slope proven not to fail, so any false-alarm rate derived from these sites is a lower bound on the true rate"
ctl-38748-3,38748,2018-07-17,27.41568,87.05109,1.78,1.78,"absence of a record is not evidence of stability: a control is a slope with no recorded failure, not a slope proven not to fail, so any false-alarm rate derived from these sites is a lower bound on the true rate"
ctl-38760-1,38760,2018-07-18,27.95302,84.64402,3.51,2.34,"absence of a record is not evidence of stability: a control is a slope with no recorded failure, not a slope proven not to fail, so any false-alarm rate derived from these sites is a lower bound on the true rate"
ctl-38760-2,38760,2018-07-18,28.0116,84.70983,10.44,5.59,"absence of a record is not evidence of stability: a control is a slope with no recorded failure, not a slope proven not to fail, so any false-alarm rate derived from these sites is a lower bound on the true rate"
ctl-38760-3,38760,2018-07-18,27.91099,84.63193,3.61,3.61,"absence of a record is not evidence of stability: a control is a slope with no recorded failure, not a slope proven not to fail, so any false-alarm rate derived from these sites is a lower bound on the true rate"
ctl-38761-1,38761,2018-07-18,27.99272,84.69596,3.35,3.35,"absence of a record is not evidence of stability: a control is a slope with no recorded failure, not a slope proven not to fail, so any false-alarm rate derived from these sites is a lower bound on the true rate"
ctl-38761-2,38761,2018-07-18,27.88091,84.62116,11.28,2.25,"absence of a record is not evidence of stability: a control is a slope with no recorded failure, not a slope proven not to fail, so any false-alarm rate derived from these sites is a lower bound on the true rate"
ctl-38761-3,38761,2018-07-18,27.98442,84.60917,6.19,2.46,"absence of a record is not evidence of stability: a control is a slope with no recorded failure, not a slope proven not to fail, so any false-alarm rate derived from these sites is a lower bound on the true rate"
ctl-38781-1,38781,2018-07-19,28.1503,84.71988,9.87,5.59,"absence of a record is not evidence of stability: a control is a slope with no recorded failure, not a slope proven not to fail, so any false-alarm rate derived from these sites is a lower bound on the true rate"
ctl-38781-2,38781,2018-07-19,28.10098,84.63503,2.06,1.61,"absence of a record is not evidence of stability: a control is a slope with no recorded failure, not a slope proven not to fail, so any false-alarm rate derived from these sites is a lower bound on the true rate"
ctl-38781-3,38781,2018-07-19,28.06808,84.63806,5.65,1.66,"absence of a record is not evidence of stability: a control is a slope with no recorded failure, not a slope proven not to fail, so any false-alarm rate derived from these sites is a lower bound on the true rate"
ctl-39107-1,39107,2018-08-06,27.88038,85.17,9.01,2.81,"absence of a record is not evidence of stability: a control is a slope with no recorded failure, not a slope proven not to fail, so any false-alarm rate derived from these sites is a lower bound on the true rate"
ctl-39107-2,39107,2018-08-06,28.00447,85.32097,11.81,3.36,"absence of a record is not evidence of stability: a control is a slope with no recorded failure, not a slope proven not to fail, so any false-alarm rate derived from these sites is a lower bound on the true rate"
ctl-39107-3,39107,2018-08-06,27.9187,85.35779,10.47,1.61,"absence of a record is not evidence of stability: a control is a slope with no recorded failure, not a slope proven not to fail, so any false-alarm rate derived from these sites is a lower bound on the true rate"
ctl-39108-1,39108,2018-08-06,29.03538,82.48668,3.09,3.09,"absence of a record is not evidence of stability: a control is a slope with no recorded failure, not a slope proven not to fail, so any false-alarm rate derived from these sites is a lower bound on the true rate"
ctl-39108-2,39108,2018-08-06,29.05268,82.53364,5.63,3.33,"absence of a record is not evidence of stability: a control is a slope with no recorded failure, not a slope proven not to fail, so any false-alarm rate derived from these sites is a lower bound on the true rate"
ctl-39108-3,39108,2018-08-06,29.09155,82.45874,3.74,2.95,"absence of a record is not evidence of stability: a control is a slope with no recorded failure, not a slope proven not to fail, so any false-alarm rate derived from these sites is a lower bound on the true rate"
ctl-39119-1,39119,2018-08-06,28.06715,84.73959,5.87,1.69,"absence of a record is not evidence of stability: a control is a slope with no recorded failure, not a slope proven not to fail, so any false-alarm rate derived from these sites is a lower bound on the true rate"
ctl-39119-2,39119,2018-08-06,28.09336,84.80777,7.05,3.89,"absence of a record is not evidence of stability: a control is a slope with no recorded failure, not a slope proven not to fail, so any false-alarm rate derived from these sites is a lower bound on the true rate"
ctl-39119-3,39119,2018-08-06,28.0886,84.68068,11.98,1.52,"absence of a record is not evidence of stability: a control is a slope with no recorded failure, not a slope proven not to fail, so any false-alarm rate derived from these sites is a lower bound on the true rate"
ctl-39139-1,39139,2018-08-08,27.88185,86.13056,11.64,5.82,"absence of a record is not evidence of stability: a control is a slope with no recorded failure, not a slope proven not to fail, so any false-alarm rate derived from these sites is a lower bound on the true rate"
ctl-39139-2,39139,2018-08-08,27.83473,86.27417,10.32,2.98,"absence of a record is not evidence of stability: a control is a slope with no recorded failure, not a slope proven not to fail, so any false-alarm rate derived from these sites is a lower bound on the true rate"
ctl-39139-3,39139,2018-08-08,27.801,86.24613,6.33,3.44,"absence of a record is not evidence of stability: a control is a slope with no recorded failure, not a slope proven not to fail, so any false-alarm rate derived from these sites is a lower bound on the true rate"
ctl-39159-1,39159,2018-08-08,27.9295,85.68836,5.41,4.62,"absence of a record is not evidence of stability: a control is a slope with no recorded failure, not a slope proven not to fail, so any false-alarm rate derived from these sites is a lower bound on the true rate"
ctl-39159-2,39159,2018-08-08,27.93038,85.66371,5.16,2.76,"absence of a record is not evidence of stability: a control is a slope with no recorded failure, not a slope proven not to fail, so any false-alarm rate derived from these sites is a lower bound on the true rate"
ctl-39159-3,39159,2018-08-08,27.89163,85.62965,3.91,2.69,"absence of a record is not evidence of stability: a control is a slope with no recorded failure, not a slope proven not to fail, so any false-alarm rate derived from these sites is a lower bound on the true rate"
ctl-39275-1,39275,2018-08-15,27.54715,86.62924,11.52,7.54,"absence of a record is not evidence of stability: a control is a slope with no recorded failure, not a slope proven not to fail, so any false-alarm rate derived from these sites is a lower bound on the true rate"
ctl-39275-2,39275,2018-08-15,27.43101,86.56201,7.11,2.33,"absence of a record is not evidence of stability: a control is a slope with no recorded failure, not a slope proven not to fail, so any false-alarm rate derived from these sites is a lower bound on the true rate"
ctl-39275-3,39275,2018-08-15,27.43659,86.65879,2.7,2.7,"absence of a record is not evidence of stability: a control is a slope with no recorded failure, not a slope proven not to fail, so any false-alarm rate derived from these sites is a lower bound on the true rate"
ctl-39286-1,39286,2018-08-15,28.61973,82.32943,11.64,1.84,"absence of a record is not evidence of stability: a control is a slope with no recorded failure, not a slope proven not to fail, so any false-alarm rate derived from these sites is a lower bound on the true rate"
ctl-39286-2,39286,2018-08-15,28.71094,82.31508,6.96,2.11,"absence of a record is not evidence of stability: a control is a slope with no recorded failure, not a slope proven not to fail, so any false-alarm rate derived from these sites is a lower bound on the true rate"
ctl-39286-3,39286,2018-08-15,28.69911,82.37798,1.63,1.0,"absence of a record is not evidence of stability: a control is a slope with no recorded failure, not a slope proven not to fail, so any false-alarm rate derived from these sites is a lower bound on the true rate"
ctl-39289-1,39289,2018-08-15,27.44746,86.98067,6.52,4.03,"absence of a record is not evidence of stability: a control is a slope with no recorded failure, not a slope proven not to fail, so any false-alarm rate derived from these sites is a lower bound on the true rate"
ctl-39289-2,39289,2018-08-15,27.43597,87.02673,2.73,2.73,"absence of a record is not evidence of stability: a control is a slope with no recorded failure, not a slope proven not to fail, so any false-alarm rate derived from these sites is a lower bound on the true rate"
ctl-39289-3,39289,2018-08-15,27.4188,87.05098,1.88,1.57,"absence of a record is not evidence of stability: a control is a slope with no recorded failure, not a slope proven not to fail, so any false-alarm rate derived from these sites is a lower bound on the true rate"
ctl-39319-1,39319,2018-08-13,29.05554,82.41936,7.54,5.61,"absence of a record is not evidence of stability: a control is a slope with no recorded failure, not a slope proven not to fail, so any false-alarm rate derived from these sites is a lower bound on the true rate"
ctl-39319-2,39319,2018-08-13,29.10974,82.51374,3.58,3.58,"absence of a record is not evidence of stability: a control is a slope with no recorded failure, not a slope proven not to fail, so any false-alarm rate derived from these sites is a lower bound on the true rate"
ctl-39319-3,39319,2018-08-13,29.08854,82.59944,10.78,3.78,"absence of a record is not evidence of stability: a control is a slope with no recorded failure, not a slope proven not to fail, so any false-alarm rate derived from these sites is a lower bound on the true rate"
ctl-39320-1,39320,2018-08-17,27.97019,84.85356,7.53,5.8,"absence of a record is not evidence of stability: a control is a slope with no recorded failure, not a slope proven not to fail, so any false-alarm rate derived from these sites is a lower bound on the true rate"
ctl-39320-2,39320,2018-08-17,27.97614,84.8772,5.61,5.1,"absence of a record is not evidence of stability: a control is a slope with no recorded failure, not a slope proven not to fail, so any false-alarm rate derived from these sites is a lower bound on the true rate"
ctl-39320-3,39320,2018-08-17,28.07535,84.87846,6.74,2.97,"absence of a record is not evidence of stability: a control is a slope with no recorded failure, not a slope proven not to fail, so any false-alarm rate derived from these sites is a lower bound on the true rate"
ctl-39321-1,39321,2018-08-17,27.39004,87.07484,3.24,2.13,"absence of a record is not evidence of stability: a control is a slope with no recorded failure, not a slope proven not to fail, so any false-alarm rate derived from these sites is a lower bound on the true rate"
ctl-39321-2,39321,2018-08-17,27.37036,87.12929,3.62,3.62,"absence of a record is not evidence of stability: a control is a slope with no recorded failure, not a slope proven not to fail, so any false-alarm rate derived from these sites is a lower bound on the true rate"
ctl-39321-3,39321,2018-08-17,27.37291,87.18767,8.38,2.32,"absence of a record is not evidence of stability: a control is a slope with no recorded failure, not a slope proven not to fail, so any false-alarm rate derived from these sites is a lower bound on the true rate"
ctl-39338-1,39338,2018-08-17,29.39724,81.31319,4.47,2.8,"absence of a record is not evidence of stability: a control is a slope with no recorded failure, not a slope proven not to fail, so any false-alarm rate derived from these sites is a lower bound on the true rate"
ctl-39338-2,39338,2018-08-17,29.50438,81.35633,11.97,3.95,"absence of a record is not evidence of stability: a control is a slope with no recorded failure, not a slope proven not to fail, so any false-alarm rate derived from these sites is a lower bound on the true rate"
ctl-39338-3,39338,2018-08-17,29.42891,81.34292,3.91,3.91,"absence of a record is not evidence of stability: a control is a slope with no recorded failure, not a slope proven not to fail, so any false-alarm rate derived from these sites is a lower bound on the true rate"
ctl-39343-1,39343,2018-08-18,27.75277,85.18222,10.16,2.42,"absence of a record is not evidence of stability: a control is a slope with no recorded failure, not a slope proven not to fail, so any false-alarm rate derived from these sites is a lower bound on the true rate"
ctl-39343-2,39343,2018-08-18,27.84826,85.27483,7.72,2.32,"absence of a record is not evidence of stability: a control is a slope with no recorded failure, not a slope proven not to fail, so any false-alarm rate derived from these sites is a lower bound on the true rate"
ctl-39343-3,39343,2018-08-18,27.85258,85.28521,8.18,1.62,"absence of a record is not evidence of stability: a control is a slope with no recorded failure, not a slope proven not to fail, so any false-alarm rate derived from these sites is a lower bound on the true rate"
ctl-39346-1,39346,2018-08-18,27.84721,85.4112,9.98,1.35,"absence of a record is not evidence of stability: a control is a slope with no recorded failure, not a slope proven not to fail, so any false-alarm rate derived from these sites is a lower bound on the true rate"
ctl-39346-2,39346,2018-08-18,27.89125,85.33124,2.47,2.47,"absence of a record is not evidence of stability: a control is a slope with no recorded failure, not a slope proven not to fail, so any false-alarm rate derived from these sites is a lower bound on the true rate"
ctl-39346-3,39346,2018-08-18,27.85612,85.30728,2.17,1.72,"absence of a record is not evidence of stability: a control is a slope with no recorded failure, not a slope proven not to fail, so any false-alarm rate derived from these sites is a lower bound on the true rate"
ctl-39348-1,39348,2018-08-18,28.62136,82.20931,3.99,3.99,"absence of a record is not evidence of stability: a control is a slope with no recorded failure, not a slope proven not to fail, so any false-alarm rate derived from these sites is a lower bound on the true rate"
ctl-39348-2,39348,2018-08-18,28.67271,82.32155,8.88,1.26,"absence of a record is not evidence of stability: a control is a slope with no recorded failure, not a slope proven not to fail, so any false-alarm rate derived from these sites is a lower bound on the true rate"
ctl-39348-3,39348,2018-08-18,28.64346,82.31569,7.97,2.1,"absence of a record is not evidence of stability: a control is a slope with no recorded failure, not a slope proven not to fail, so any false-alarm rate derived from these sites is a lower bound on the true rate"
ctl-39421-1,39421,2018-08-17,28.32199,82.59598,6.37,2.83,"absence of a record is not evidence of stability: a control is a slope with no recorded failure, not a slope proven not to fail, so any false-alarm rate derived from these sites is a lower bound on the true rate"
ctl-39421-2,39421,2018-08-17,28.35202,82.69002,10.29,2.94,"absence of a record is not evidence of stability: a control is a slope with no recorded failure, not a slope proven not to fail, so any false-alarm rate derived from these sites is a lower bound on the true rate"
ctl-39421-3,39421,2018-08-17,28.2758,82.62191,1.04,1.04,"absence of a record is not evidence of stability: a control is a slope with no recorded failure, not a slope proven not to fail, so any false-alarm rate derived from these sites is a lower bound on the true rate"
ctl-39641-1,39641,2018-09-10,27.30088,87.82714,8.0,1.09,"absence of a record is not evidence of stability: a control is a slope with no recorded failure, not a slope proven not to fail, so any false-alarm rate derived from these sites is a lower bound on the true rate"
ctl-39641-2,39641,2018-09-10,27.22835,87.71689,9.14,2.81,"absence of a record is not evidence of stability: a control is a slope with no recorded failure, not a slope proven not to fail, so any false-alarm rate derived from these sites is a lower bound on the true rate"
ctl-39641-3,39641,2018-09-10,27.35743,87.74991,5.7,1.04,"absence of a record is not evidence of stability: a control is a slope with no recorded failure, not a slope proven not to fail, so any false-alarm rate derived from these sites is a lower bound on the true rate"
ctl-39653-1,39653,2018-09-11,27.29713,87.76584,1.83,1.83,"absence of a record is not evidence of stability: a control is a slope with no recorded failure, not a slope proven not to fail, so any false-alarm rate derived from these sites is a lower bound on the true rate"
ctl-39653-2,39653,2018-09-11,27.19064,87.74697,10.93,1.59,"absence of a record is not evidence of stability: a control is a slope with no recorded failure, not a slope proven not to fail, so any false-alarm rate derived from these sites is a lower bound on the true rate"
ctl-39653-3,39653,2018-09-11,27.2055,87.72723,10.17,3.93,"absence of a record is not evidence of stability: a control is a slope with no recorded failure, not a slope proven not to fail, so any false-alarm rate derived from these sites is a lower bound on the true rate"
ctl-39661-1,39661,2018-09-12,27.99427,85.46223,2.63,2.63,"absence of a record is not evidence of stability: a control is a slope with no recorded failure, not a slope proven not to fail, so any false-alarm rate derived from these sites is a lower bound on the true rate"
ctl-39661-2,39661,2018-09-12,28.00959,85.41655,4.39,4.39,"absence of a record is not evidence of stability: a control is a slope with no recorded failure, not a slope proven not to fail, so any false-alarm rate derived from these sites is a lower bound on the true rate"
ctl-39661-3,39661,2018-09-12,28.034,85.36684,9.74,6.02,"absence of a record is not evidence of stability: a control is a slope with no recorded failure, not a slope proven not to fail, so any false-alarm rate derived from these sites is a lower bound on the true rate"
ctl-39666-1,39666,2018-09-12,28.67308,83.77248,10.87,8.43,"absence of a record is not evidence of stability: a control is a slope with no recorded failure, not a slope proven not to fail, so any false-alarm rate derived from these sites is a lower bound on the true rate"
ctl-39666-2,39666,2018-09-12,28.67566,83.68758,3.74,3.07,"absence of a record is not evidence of stability: a control is a slope with no recorded failure, not a slope proven not to fail, so any false-alarm rate derived from these sites is a lower bound on the true rate"
ctl-39666-3,39666,2018-09-12,28.71305,83.59925,9.57,2.85,"absence of a record is not evidence of stability: a control is a slope with no recorded failure, not a slope proven not to fail, so any false-alarm rate derived from these sites is a lower bound on the true rate"
ctl-39705-1,39705,2018-09-15,29.90078,82.2131,5.46,5.46,"absence of a record is not evidence of stability: a control is a slope with no recorded failure, not a slope proven not to fail, so any false-alarm rate derived from these sites is a lower bound on the true rate"
ctl-39705-2,39705,2018-09-15,29.9584,82.24015,2.7,2.7,"absence of a record is not evidence of stability: a control is a slope with no recorded failure, not a slope proven not to fail, so any false-alarm rate derived from these sites is a lower bound on the true rate"
ctl-39705-3,39705,2018-09-15,30.02983,82.23586,10.5,10.5,"absence of a record is not evidence of stability: a control is a slope with no recorded failure, not a slope proven not to fail, so any false-alarm rate derived from these sites is a lower bound on the true rate"
ctl-39711-1,39711,2018-09-15,27.63642,87.14173,9.91,9.91,"absence of a record is not evidence of stability: a control is a slope with no recorded failure, not a slope proven not to fail, so any false-alarm rate derived from these sites is a lower bound on the true rate"
ctl-39711-2,39711,2018-09-15,27.56997,87.19703,1.27,1.27,"absence of a record is not evidence of stability: a control is a slope with no recorded failure, not a slope proven not to fail, so any false-alarm rate derived from these sites is a lower bound on the true rate"
ctl-39711-3,39711,2018-09-15,27.60885,87.19002,4.65,4.65,"absence of a record is not evidence of stability: a control is a slope with no recorded failure, not a slope proven not to fail, so any false-alarm rate derived from these sites is a lower bound on the true rate"
ctl-43463-1,43463,2019-07-06,28.24301,84.39446,9.81,1.64,"absence of a record is not evidence of stability: a control is a slope with no recorded failure, not a slope proven not to fail, so any false-alarm rate derived from these sites is a lower bound on the true rate"
ctl-43463-2,43463,2019-07-06,28.17565,84.57048,9.91,4.62,"absence of a record is not evidence of stability: a control is a slope with no recorded failure, not a slope proven not to fail, so any false-alarm rate derived from these sites is a lower bound on the true rate"
ctl-43463-3,43463,2019-07-06,28.25257,84.53181,9.65,4.8,"absence of a record is not evidence of stability: a control is a slope with no recorded failure, not a slope proven not to fail, so any false-alarm rate derived from these sites is a lower bound on the true rate"
ctl-43499-1,43499,2019-07-09,26.88563,87.99287,10.58,2.61,"absence of a record is not evidence of stability: a control is a slope with no recorded failure, not a slope proven not to fail, so any false-alarm rate derived from these sites is a lower bound on the true rate"
ctl-43499-2,43499,2019-07-09,26.8382,88.04394,3.44,3.44,"absence of a record is not evidence of stability: a control is a slope with no recorded failure, not a slope proven not to fail, so any false-alarm rate derived from these sites is a lower bound on the true rate"
ctl-43499-3,43499,2019-07-09,26.80711,88.13304,6.06,5.84,"absence of a record is not evidence of stability: a control is a slope with no recorded failure, not a slope proven not to fail, so any false-alarm rate derived from these sites is a lower bound on the true rate"
ctl-43500-1,43500,2019-07-10,27.43077,85.24696,9.74,2.01,"absence of a record is not evidence of stability: a control is a slope with no recorded failure, not a slope proven not to fail, so any false-alarm rate derived from these sites is a lower bound on the true rate"
ctl-43500-2,43500,2019-07-10,27.42244,85.16123,1.26,1.26,"absence of a record is not evidence of stability: a control is a slope with no recorded failure, not a slope proven not to fail, so any false-alarm rate derived from these sites is a lower bound on the true rate"
ctl-43500-3,43500,2019-07-10,27.44575,85.11415,4.61,2.61,"absence of a record is not evidence of stability: a control is a slope with no recorded failure, not a slope proven not to fail, so any false-alarm rate derived from these sites is a lower bound on the true rate"
ctl-43504-1,43504,2019-07-09,27.90681,83.25116,11.62,4.55,"absence of a record is not evidence of stability: a control is a slope with no recorded failure, not a slope proven not to fail, so any false-alarm rate derived from these sites is a lower bound on the true rate"
ctl-43504-2,43504,2019-07-09,27.86737,83.18311,8.05,3.45,"absence of a record is not evidence of stability: a control is a slope with no recorded failure, not a slope proven not to fail, so any false-alarm rate derived from these sites is a lower bound on the true rate"
ctl-43504-3,43504,2019-07-09,27.82263,83.10778,11.78,4.38,"absence of a record is not evidence of stability: a control is a slope with no recorded failure, not a slope proven not to fail, so any false-alarm rate derived from these sites is a lower bound on the true rate"
ctl-43507-1,43507,2019-07-08,28.11927,82.88675,11.32,1.97,"absence of a record is not evidence of stability: a control is a slope with no recorded failure, not a slope proven not to fail, so any false-alarm rate derived from these sites is a lower bound on the true rate"
ctl-43507-2,43507,2019-07-08,28.08856,82.91734,11.66,2.61,"absence of a record is not evidence of stability: a control is a slope with no recorded failure, not a slope proven not to fail, so any false-alarm rate derived from these sites is a lower bound on the true rate"
ctl-43507-3,43507,2019-07-08,28.03296,82.92768,11.58,6.04,"absence of a record is not evidence of stability: a control is a slope with no recorded failure, not a slope proven not to fail, so any false-alarm rate derived from these sites is a lower bound on the true rate"
ctl-43522-1,43522,2019-07-11,27.21761,87.69851,2.19,2.19,"absence of a record is not evidence of stability: a control is a slope with no recorded failure, not a slope proven not to fail, so any false-alarm rate derived from these sites is a lower bound on the true rate"
ctl-43522-2,43522,2019-07-11,27.20412,87.77354,9.0,2.3,"absence of a record is not evidence of stability: a control is a slope with no recorded failure, not a slope proven not to fail, so any false-alarm rate derived from these sites is a lower bound on the true rate"
ctl-43522-3,43522,2019-07-11,27.16695,87.6841,7.66,1.48,"absence of a record is not evidence of stability: a control is a slope with no recorded failure, not a slope proven not to fail, so any false-alarm rate derived from these sites is a lower bound on the true rate"
ctl-43523-1,43523,2019-07-11,27.15509,87.01033,3.8,2.23,"absence of a record is not evidence of stability: a control is a slope with no recorded failure, not a slope proven not to fail, so any false-alarm rate derived from these sites is a lower bound on the true rate"
ctl-43523-2,43523,2019-07-11,27.17201,87.0428,1.02,1.02,"absence of a record is not evidence of stability: a control is a slope with no recorded failure, not a slope proven not to fail, so any false-alarm rate derived from these sites is a lower bound on the true rate"
ctl-43523-3,43523,2019-07-11,27.15197,86.97883,6.92,5.2,"absence of a record is not evidence of stability: a control is a slope with no recorded failure, not a slope proven not to fail, so any false-alarm rate derived from these sites is a lower bound on the true rate"
ctl-43527-1,43527,2019-07-11,27.17593,86.13898,9.15,5.72,"absence of a record is not evidence of stability: a control is a slope with no recorded failure, not a slope proven not to fail, so any false-alarm rate derived from these sites is a lower bound on the true rate"
ctl-43527-2,43527,2019-07-11,27.25599,86.24177,5.0,5.0,"absence of a record is not evidence of stability: a control is a slope with no recorded failure, not a slope proven not to fail, so any false-alarm rate derived from these sites is a lower bound on the true rate"
ctl-43527-3,43527,2019-07-11,27.17926,86.29373,8.3,4.0,"absence of a record is not evidence of stability: a control is a slope with no recorded failure, not a slope proven not to fail, so any false-alarm rate derived from these sites is a lower bound on the true rate"
ctl-43542-1,43542,2019-07-12,27.04672,86.80905,4.45,4.45,"absence of a record is not evidence of stability: a control is a slope with no recorded failure, not a slope proven not to fail, so any false-alarm rate derived from these sites is a lower bound on the true rate"
ctl-43542-2,43542,2019-07-12,26.9987,86.93118,8.91,5.9,"absence of a record is not evidence of stability: a control is a slope with no recorded failure, not a slope proven not to fail, so any false-alarm rate derived from these sites is a lower bound on the true rate"
ctl-43542-3,43542,2019-07-12,26.99044,86.86987,4.4,4.4,"absence of a record is not evidence of stability: a control is a slope with no recorded failure, not a slope proven not to fail, so any false-alarm rate derived from these sites is a lower bound on the true rate"
ctl-43543-1,43543,2019-07-12,27.15053,86.60722,2.4,2.4,"absence of a record is not evidence of stability: a control is a slope with no recorded failure, not a slope proven not to fail, so any false-alarm rate derived from these sites is a lower bound on the true rate"
ctl-43543-2,43543,2019-07-12,27.096,86.52234,10.92,4.74,"absence of a record is not evidence of stability: a control is a slope with no recorded failure, not a slope proven not to fail, so any false-alarm rate derived from these sites is a lower bound on the true rate"
ctl-43543-3,43543,2019-07-12,27.13247,86.58269,4.31,4.31,"absence of a record is not evidence of stability: a control is a slope with no recorded failure, not a slope proven not to fail, so any false-alarm rate derived from these sites is a lower bound on the true rate"
ctl-43544-1,43544,2019-07-12,27.20489,86.84685,1.0,1.0,"absence of a record is not evidence of stability: a control is a slope with no recorded failure, not a slope proven not to fail, so any false-alarm rate derived from these sites is a lower bound on the true rate"
ctl-43544-2,43544,2019-07-12,27.16186,86.80911,5.72,1.68,"absence of a record is not evidence of stability: a control is a slope with no recorded failure, not a slope proven not to fail, so any false-alarm rate derived from these sites is a lower bound on the true rate"
ctl-43544-3,43544,2019-07-12,27.13506,86.85506,8.19,4.15,"absence of a record is not evidence of stability: a control is a slope with no recorded failure, not a slope proven not to fail, so any false-alarm rate derived from these sites is a lower bound on the true rate"
ctl-43560-1,43560,2019-07-12,27.09977,86.96487,5.86,1.1,"absence of a record is not evidence of stability: a control is a slope with no recorded failure, not a slope proven not to fail, so any false-alarm rate derived from these sites is a lower bound on the true rate"
ctl-43560-2,43560,2019-07-12,27.1332,86.87082,6.2,5.47,"absence of a record is not evidence of stability: a control is a slope with no recorded failure, not a slope proven not to fail, so any false-alarm rate derived from these sites is a lower bound on the true rate"
ctl-43560-3,43560,2019-07-12,27.13023,86.99341,9.74,3.17,"absence of a record is not evidence of stability: a control is a slope with no recorded failure, not a slope proven not to fail, so any false-alarm rate derived from these sites is a lower bound on the true rate"
ctl-43585-1,43585,2019-07-12,27.12613,86.29457,1.93,1.93,"absence of a record is not evidence of stability: a control is a slope with no recorded failure, not a slope proven not to fail, so any false-alarm rate derived from these sites is a lower bound on the true rate"
ctl-43585-2,43585,2019-07-12,27.10693,86.3656,7.95,1.44,"absence of a record is not evidence of stability: a control is a slope with no recorded failure, not a slope proven not to fail, so any false-alarm rate derived from these sites is a lower bound on the true rate"
ctl-43585-3,43585,2019-07-12,27.14405,86.19549,9.99,8.02,"absence of a record is not evidence of stability: a control is a slope with no recorded failure, not a slope proven not to fail, so any false-alarm rate derived from these sites is a lower bound on the true rate"
ctl-43587-1,43587,2019-07-12,27.92275,85.73075,8.39,1.91,"absence of a record is not evidence of stability: a control is a slope with no recorded failure, not a slope proven not to fail, so any false-alarm rate derived from these sites is a lower bound on the true rate"
ctl-43587-2,43587,2019-07-12,27.9391,85.65139,3.19,3.19,"absence of a record is not evidence of stability: a control is a slope with no recorded failure, not a slope proven not to fail, so any false-alarm rate derived from these sites is a lower bound on the true rate"
ctl-43587-3,43587,2019-07-12,27.87801,85.65227,3.69,1.74,"absence of a record is not evidence of stability: a control is a slope with no recorded failure, not a slope proven not to fail, so any false-alarm rate derived from these sites is a lower bound on the true rate"
ctl-43601-1,43601,2019-07-12,27.80276,84.94941,10.33,3.3,"absence of a record is not evidence of stability: a control is a slope with no recorded failure, not a slope proven not to fail, so any false-alarm rate derived from these sites is a lower bound on the true rate"
ctl-43601-2,43601,2019-07-12,27.68513,84.86196,5.55,3.24,"absence of a record is not evidence of stability: a control is a slope with no recorded failure, not a slope proven not to fail, so any false-alarm rate derived from these sites is a lower bound on the true rate"
ctl-43601-3,43601,2019-07-12,27.71004,84.87296,3.14,3.14,"absence of a record is not evidence of stability: a control is a slope with no recorded failure, not a slope proven not to fail, so any false-alarm rate derived from these sites is a lower bound on the true rate"
ctl-43615-1,43615,2019-07-12,27.60286,85.39202,6.43,3.22,"absence of a record is not evidence of stability: a control is a slope with no recorded failure, not a slope proven not to fail, so any false-alarm rate derived from these sites is a lower bound on the true rate"
ctl-43615-2,43615,2019-07-12,27.61112,85.23368,9.25,1.68,"absence of a record is not evidence of stability: a control is a slope with no recorded failure, not a slope proven not to fail, so any false-alarm rate derived from these sites is a lower bound on the true rate"
ctl-43615-3,43615,2019-07-12,27.62612,85.31904,2.93,1.5,"absence of a record is not evidence of stability: a control is a slope with no recorded failure, not a slope proven not to fail, so any false-alarm rate derived from these sites is a lower bound on the true rate"
ctl-43617-1,43617,2019-07-12,27.6826,85.00629,6.69,2.9,"absence of a record is not evidence of stability: a control is a slope with no recorded failure, not a slope proven not to fail, so any false-alarm rate derived from these sites is a lower bound on the true rate"
ctl-43617-2,43617,2019-07-12,27.64488,84.9543,3.74,3.74,"absence of a record is not evidence of stability: a control is a slope with no recorded failure, not a slope proven not to fail, so any false-alarm rate derived from these sites is a lower bound on the true rate"
ctl-43617-3,43617,2019-07-12,27.64258,84.92733,6.01,3.61,"absence of a record is not evidence of stability: a control is a slope with no recorded failure, not a slope proven not to fail, so any false-alarm rate derived from these sites is a lower bound on the true rate"
ctl-43623-1,43623,2019-07-13,26.96917,88.12062,8.33,3.52,"absence of a record is not evidence of stability: a control is a slope with no recorded failure, not a slope proven not to fail, so any false-alarm rate derived from these sites is a lower bound on the true rate"
ctl-43623-2,43623,2019-07-13,26.95895,88.10353,7.54,2.23,"absence of a record is not evidence of stability: a control is a slope with no recorded failure, not a slope proven not to fail, so any false-alarm rate derived from these sites is a lower bound on the true rate"
ctl-43623-3,43623,2019-07-13,26.82069,88.05624,10.8,2.0,"absence of a record is not evidence of stability: a control is a slope with no recorded failure, not a slope proven not to fail, so any false-alarm rate derived from these sites is a lower bound on the true rate"
ctl-43626-1,43626,2019-07-13,27.00996,87.0776,8.9,1.68,"absence of a record is not evidence of stability: a control is a slope with no recorded failure, not a slope proven not to fail, so any false-alarm rate derived from these sites is a lower bound on the true rate"
ctl-43626-2,43626,2019-07-13,27.00301,87.05,10.13,4.15,"absence of a record is not evidence of stability: a control is a slope with no recorded failure, not a slope proven not to fail, so any false-alarm rate derived from these sites is a lower bound on the true rate"
ctl-43626-3,43626,2019-07-13,27.08609,86.97072,10.86,2.72,"absence of a record is not evidence of stability: a control is a slope with no recorded failure, not a slope proven not to fail, so any false-alarm rate derived from these sites is a lower bound on the true rate"
ctl-43634-1,43634,2019-07-13,27.49253,85.42627,6.21,2.35,"absence of a record is not evidence of stability: a control is a slope with no recorded failure, not a slope proven not to fail, so any false-alarm rate derived from these sites is a lower bound on the true rate"
ctl-43634-2,43634,2019-07-13,27.47409,85.3347,3.72,1.86,"absence of a record is not evidence of stability: a control is a slope with no recorded failure, not a slope proven not to fail, so any false-alarm rate derived from these sites is a lower bound on the true rate"
ctl-43634-3,43634,2019-07-13,27.41186,85.35064,9.41,3.86,"absence of a record is not evidence of stability: a control is a slope with no recorded failure, not a slope proven not to fail, so any false-alarm rate derived from these sites is a lower bound on the true rate"
ctl-43635-1,43635,2019-07-13,27.49753,85.41574,7.89,1.7,"absence of a record is not evidence of stability: a control is a slope with no recorded failure, not a slope proven not to fail, so any false-alarm rate derived from these sites is a lower bound on the true rate"
ctl-43635-2,43635,2019-07-13,27.50475,85.35503,1.85,1.29,"absence of a record is not evidence of stability: a control is a slope with no recorded failure, not a slope proven not to fail, so any false-alarm rate derived from these sites is a lower bound on the true rate"
ctl-43635-3,43635,2019-07-13,27.49325,85.37333,3.98,1.02,"absence of a record is not evidence of stability: a control is a slope with no recorded failure, not a slope proven not to fail, so any false-alarm rate derived from these sites is a lower bound on the true rate"
ctl-43657-1,43657,2019-07-13,27.75735,84.8727,6.93,3.11,"absence of a record is not evidence of stability: a control is a slope with no recorded failure, not a slope proven not to fail, so any false-alarm rate derived from these sites is a lower bound on the true rate"
ctl-43657-2,43657,2019-07-13,27.70613,84.78514,3.54,3.54,"absence of a record is not evidence of stability: a control is a slope with no recorded failure, not a slope proven not to fail, so any false-alarm rate derived from these sites is a lower bound on the true rate"
ctl-43657-3,43657,2019-07-13,27.78957,84.85384,8.76,1.22,"absence of a record is not evidence of stability: a control is a slope with no recorded failure, not a slope proven not to fail, so any false-alarm rate derived from these sites is a lower bound on the true rate"
ctl-43659-1,43659,2019-07-13,27.8891,82.64912,5.48,5.48,"absence of a record is not evidence of stability: a control is a slope with no recorded failure, not a slope proven not to fail, so any false-alarm rate derived from these sites is a lower bound on the true rate"
ctl-43659-2,43659,2019-07-13,27.95001,82.71847,5.57,4.1,"absence of a record is not evidence of stability: a control is a slope with no recorded failure, not a slope proven not to fail, so any false-alarm rate derived from these sites is a lower bound on the true rate"
ctl-43659-3,43659,2019-07-13,27.97834,82.63169,5.61,4.58,"absence of a record is not evidence of stability: a control is a slope with no recorded failure, not a slope proven not to fail, so any false-alarm rate derived from these sites is a lower bound on the true rate"
ctl-43662-1,43662,2019-07-13,28.98079,82.52098,7.42,1.23,"absence of a record is not evidence of stability: a control is a slope with no recorded failure, not a slope proven not to fail, so any false-alarm rate derived from these sites is a lower bound on the true rate"
ctl-43662-2,43662,2019-07-13,29.01234,82.48627,10.41,4.49,"absence of a record is not evidence of stability: a control is a slope with no recorded failure, not a slope proven not to fail, so any false-alarm rate derived from these sites is a lower bound on the true rate"
ctl-43662-3,43662,2019-07-13,29.04972,82.59479,5.18,5.18,"absence of a record is not evidence of stability: a control is a slope with no recorded failure, not a slope proven not to fail, so any false-alarm rate derived from these sites is a lower bound on the true rate"
ctl-43680-1,43680,2019-07-13,27.8595,82.72343,4.86,4.86,"absence of a record is not evidence of stability: a control is a slope with no recorded failure, not a slope proven not to fail, so any false-alarm rate derived from these sites is a lower bound on the true rate"
ctl-43680-2,43680,2019-07-13,27.94789,82.74244,10.38,4.85,"absence of a record is not evidence of stability: a control is a slope with no recorded failure, not a slope proven not to fail, so any false-alarm rate derived from these sites is a lower bound on the true rate"
ctl-43680-3,43680,2019-07-13,27.85775,82.7159,5.6,5.6,"absence of a record is not evidence of stability: a control is a slope with no recorded failure, not a slope proven not to fail, so any false-alarm rate derived from these sites is a lower bound on the true rate"
ctl-43688-1,43688,2019-07-14,27.26941,87.53745,7.0,4.89,"absence of a record is not evidence of stability: a control is a slope with no recorded failure, not a slope proven not to fail, so any false-alarm rate derived from these sites is a lower bound on the true rate"
ctl-43688-2,43688,2019-07-14,27.32545,87.61426,3.42,2.03,"absence of a record is not evidence of stability: a control is a slope with no recorded failure, not a slope proven not to fail, so any false-alarm rate derived from these sites is a lower bound on the true rate"
ctl-43688-3,43688,2019-07-14,27.37076,87.59088,5.79,2.84,"absence of a record is not evidence of stability: a control is a slope with no recorded failure, not a slope proven not to fail, so any false-alarm rate derived from these sites is a lower bound on the true rate"
ctl-43719-1,43719,2019-07-15,26.89996,87.31481,4.69,2.33,"absence of a record is not evidence of stability: a control is a slope with no recorded failure, not a slope proven not to fail, so any false-alarm rate derived from these sites is a lower bound on the true rate"
ctl-43719-2,43719,2019-07-15,26.94303,87.40477,5.44,3.0,"absence of a record is not evidence of stability: a control is a slope with no recorded failure, not a slope proven not to fail, so any false-alarm rate derived from these sites is a lower bound on the true rate"
ctl-43719-3,43719,2019-07-15,26.95649,87.40199,6.13,4.0,"absence of a record is not evidence of stability: a control is a slope with no recorded failure, not a slope proven not to fail, so any false-alarm rate derived from these sites is a lower bound on the true rate"
ctl-43720-1,43720,2019-07-15,27.17926,87.30422,7.84,1.58,"absence of a record is not evidence of stability: a control is a slope with no recorded failure, not a slope proven not to fail, so any false-alarm rate derived from these sites is a lower bound on the true rate"
ctl-43720-2,43720,2019-07-15,27.06575,87.26968,5.33,1.7,"absence of a record is not evidence of stability: a control is a slope with no recorded failure, not a slope proven not to fail, so any false-alarm rate derived from these sites is a lower bound on the true rate"
ctl-43720-3,43720,2019-07-15,27.10252,87.28063,1.3,1.3,"absence of a record is not evidence of stability: a control is a slope with no recorded failure, not a slope proven not to fail, so any false-alarm rate derived from these sites is a lower bound on the true rate"
ctl-43728-1,43728,2019-07-15,26.93016,86.64492,2.49,1.98,"absence of a record is not evidence of stability: a control is a slope with no recorded failure, not a slope proven not to fail, so any false-alarm rate derived from these sites is a lower bound on the true rate"
ctl-43728-2,43728,2019-07-15,26.94179,86.64971,1.55,1.55,"absence of a record is not evidence of stability: a control is a slope with no recorded failure, not a slope proven not to fail, so any false-alarm rate derived from these sites is a lower bound on the true rate"
ctl-43728-3,43728,2019-07-15,26.89085,86.70397,9.36,2.97,"absence of a record is not evidence of stability: a control is a slope with no recorded failure, not a slope proven not to fail, so any false-alarm rate derived from these sites is a lower bound on the true rate"
ctl-43764-1,43764,2019-07-15,28.29529,84.32298,9.26,3.28,"absence of a record is not evidence of stability: a control is a slope with no recorded failure, not a slope proven not to fail, so any false-alarm rate derived from these sites is a lower bound on the true rate"
ctl-43764-2,43764,2019-07-15,28.2838,84.42424,3.77,1.16,"absence of a record is not evidence of stability: a control is a slope with no recorded failure, not a slope proven not to fail, so any false-alarm rate derived from these sites is a lower bound on the true rate"
ctl-43764-3,43764,2019-07-15,28.24371,84.40226,1.21,1.21,"absence of a record is not evidence of stability: a control is a slope with no recorded failure, not a slope proven not to fail, so any false-alarm rate derived from these sites is a lower bound on the true rate"
ctl-43773-1,43773,2019-07-17,27.67089,85.45492,11.99,1.4,"absence of a record is not evidence of stability: a control is a slope with no recorded failure, not a slope proven not to fail, so any false-alarm rate derived from these sites is a lower bound on the true rate"
ctl-43773-2,43773,2019-07-17,27.7485,85.27524,8.14,1.61,"absence of a record is not evidence of stability: a control is a slope with no recorded failure, not a slope proven not to fail, so any false-alarm rate derived from these sites is a lower bound on the true rate"
ctl-43773-3,43773,2019-07-17,27.73617,85.2735,8.16,2.87,"absence of a record is not evidence of stability: a control is a slope with no recorded failure, not a slope proven not to fail, so any false-alarm rate derived from these sites is a lower bound on the true rate"
ctl-43827-1,43827,2019-07-23,28.21919,83.49918,11.43,1.42,"absence of a record is not evidence of stability: a control is a slope with no recorded failure, not a slope proven not to fail, so any false-alarm rate derived from these sites is a lower bound on the true rate"
ctl-43827-2,43827,2019-07-23,28.19335,83.39858,1.22,1.22,"absence of a record is not evidence of stability: a control is a slope with no recorded failure, not a slope proven not to fail, so any false-alarm rate derived from these sites is a lower bound on the true rate"
ctl-43827-3,43827,2019-07-23,28.17662,83.36709,2.39,2.39,"absence of a record is not evidence of stability: a control is a slope with no recorded failure, not a slope proven not to fail, so any false-alarm rate derived from these sites is a lower bound on the true rate"
ctl-43849-1,43849,2019-07-23,28.07508,83.58294,7.2,3.55,"absence of a record is not evidence of stability: a control is a slope with no recorded failure, not a slope proven not to fail, so any false-alarm rate derived from these sites is a lower bound on the true rate"
ctl-43849-2,43849,2019-07-23,28.07042,83.42308,8.68,3.85,"absence of a record is not evidence of stability: a control is a slope with no recorded failure, not a slope proven not to fail, so any false-alarm rate derived from these sites is a lower bound on the true rate"
ctl-43849-3,43849,2019-07-23,28.04216,83.49301,2.84,2.76,"absence of a record is not evidence of stability: a control is a slope with no recorded failure, not a slope proven not to fail, so any false-alarm rate derived from these sites is a lower bound on the true rate"
ctl-43856-1,43856,2019-07-23,26.75359,87.85043,9.22,5.35,"absence of a record is not evidence of stability: a control is a slope with no recorded failure, not a slope proven not to fail, so any false-alarm rate derived from these sites is a lower bound on the true rate"
ctl-43856-2,43856,2019-07-23,26.77899,87.76715,10.0,3.78,"absence of a record is not evidence of stability: a control is a slope with no recorded failure, not a slope proven not to fail, so any false-alarm rate derived from these sites is a lower bound on the true rate"
ctl-43856-3,43856,2019-07-23,26.71066,87.79282,2.19,2.19,"absence of a record is not evidence of stability: a control is a slope with no recorded failure, not a slope proven not to fail, so any false-alarm rate derived from these sites is a lower bound on the true rate"
ctl-43859-1,43859,2019-07-24,27.31856,85.13547,4.43,4.43,"absence of a record is not evidence of stability: a control is a slope with no recorded failure, not a slope proven not to fail, so any false-alarm rate derived from these sites is a lower bound on the true rate"
ctl-43859-2,43859,2019-07-24,27.25354,85.24625,11.53,10.96,"absence of a record is not evidence of stability: a control is a slope with no recorded failure, not a slope proven not to fail, so any false-alarm rate derived from these sites is a lower bound on the true rate"
ctl-43859-3,43859,2019-07-24,27.40684,85.21689,8.85,2.56,"absence of a record is not evidence of stability: a control is a slope with no recorded failure, not a slope proven not to fail, so any false-alarm rate derived from these sites is a lower bound on the true rate"
ctl-43860-1,43860,2019-07-24,28.67278,81.56894,8.59,4.12,"absence of a record is not evidence of stability: a control is a slope with no recorded failure, not a slope proven not to fail, so any false-alarm rate derived from these sites is a lower bound on the true rate"
ctl-43860-2,43860,2019-07-24,28.72929,81.61057,2.12,2.12,"absence of a record is not evidence of stability: a control is a slope with no recorded failure, not a slope proven not to fail, so any false-alarm rate derived from these sites is a lower bound on the true rate"
ctl-43860-3,43860,2019-07-24,28.65151,81.56952,10.34,4.06,"absence of a record is not evidence of stability: a control is a slope with no recorded failure, not a slope proven not to fail, so any false-alarm rate derived from these sites is a lower bound on the true rate"
ctl-43865-1,43865,2019-07-24,26.65538,88.13257,2.33,2.33,"absence of a record is not evidence of stability: a control is a slope with no recorded failure, not a slope proven not to fail, so any false-alarm rate derived from these sites is a lower bound on the true rate"
ctl-43865-2,43865,2019-07-24,26.58504,88.21405,9.6,9.6,"absence of a record is not evidence of stability: a control is a slope with no recorded failure, not a slope proven not to fail, so any false-alarm rate derived from these sites is a lower bound on the true rate"
ctl-43865-3,43865,2019-07-24,26.59928,88.17664,5.71,5.71,"absence of a record is not evidence of stability: a control is a slope with no recorded failure, not a slope proven not to fail, so any false-alarm rate derived from these sites is a lower bound on the true rate"
ctl-43871-1,43871,2019-07-23,27.30758,87.34759,6.56,1.58,"absence of a record is not evidence of stability: a control is a slope with no recorded failure, not a slope proven not to fail, so any false-alarm rate derived from these sites is a lower bound on the true rate"
ctl-43871-2,43871,2019-07-23,27.38037,87.19781,10.33,1.17,"absence of a record is not evidence of stability: a control is a slope with no recorded failure, not a slope proven not to fail, so any false-alarm rate derived from these sites is a lower bound on the true rate"
ctl-43871-3,43871,2019-07-23,27.3584,87.28648,2.16,2.16,"absence of a record is not evidence of stability: a control is a slope with no recorded failure, not a slope proven not to fail, so any false-alarm rate derived from these sites is a lower bound on the true rate"
ctl-43884-1,43884,2019-07-24,28.77597,81.59971,7.98,1.03,"absence of a record is not evidence of stability: a control is a slope with no recorded failure, not a slope proven not to fail, so any false-alarm rate derived from these sites is a lower bound on the true rate"
ctl-43884-2,43884,2019-07-24,28.66942,81.70725,8.77,2.83,"absence of a record is not evidence of stability: a control is a slope with no recorded failure, not a slope proven not to fail, so any false-alarm rate derived from these sites is a lower bound on the true rate"
ctl-43884-3,43884,2019-07-24,28.82148,81.65178,9.06,3.99,"absence of a record is not evidence of stability: a control is a slope with no recorded failure, not a slope proven not to fail, so any false-alarm rate derived from these sites is a lower bound on the true rate"
ctl-43893-1,43893,2019-07-25,26.88567,87.78554,6.91,2.94,"absence of a record is not evidence of stability: a control is a slope with no recorded failure, not a slope proven not to fail, so any false-alarm rate derived from these sites is a lower bound on the true rate"
ctl-43893-2,43893,2019-07-25,26.94131,87.72037,5.78,2.16,"absence of a record is not evidence of stability: a control is a slope with no recorded failure, not a slope proven not to fail, so any false-alarm rate derived from these sites is a lower bound on the true rate"
ctl-43893-3,43893,2019-07-25,26.96868,87.74635,3.95,1.55,"absence of a record is not evidence of stability: a control is a slope with no recorded failure, not a slope proven not to fail, so any false-alarm rate derived from these sites is a lower bound on the true rate"
ctl-43904-1,43904,2019-07-26,26.72153,87.15931,10.13,9.54,"absence of a record is not evidence of stability: a control is a slope with no recorded failure, not a slope proven not to fail, so any false-alarm rate derived from these sites is a lower bound on the true rate"
ctl-43904-2,43904,2019-07-26,26.64733,87.21397,10.69,5.67,"absence of a record is not evidence of stability: a control is a slope with no recorded failure, not a slope proven not to fail, so any false-alarm rate derived from these sites is a lower bound on the true rate"
ctl-43904-3,43904,2019-07-26,26.6014,87.06728,6.11,5.9,"absence of a record is not evidence of stability: a control is a slope with no recorded failure, not a slope proven not to fail, so any false-alarm rate derived from these sites is a lower bound on the true rate"
ctl-43920-1,43920,2019-07-26,26.93614,87.48954,5.16,4.42,"absence of a record is not evidence of stability: a control is a slope with no recorded failure, not a slope proven not to fail, so any false-alarm rate derived from these sites is a lower bound on the true rate"
ctl-43920-2,43920,2019-07-26,26.92911,87.57513,10.35,4.57,"absence of a record is not evidence of stability: a control is a slope with no recorded failure, not a slope proven not to fail, so any false-alarm rate derived from these sites is a lower bound on the true rate"
ctl-43920-3,43920,2019-07-26,26.92158,87.44756,4.74,1.96,"absence of a record is not evidence of stability: a control is a slope with no recorded failure, not a slope proven not to fail, so any false-alarm rate derived from these sites is a lower bound on the true rate"
ctl-43923-1,43923,2019-07-25,28.97043,81.25367,8.7,2.43,"absence of a record is not evidence of stability: a control is a slope with no recorded failure, not a slope proven not to fail, so any false-alarm rate derived from these sites is a lower bound on the true rate"
ctl-43923-2,43923,2019-07-25,28.99275,81.16175,1.11,1.11,"absence of a record is not evidence of stability: a control is a slope with no recorded failure, not a slope proven not to fail, so any false-alarm rate derived from these sites is a lower bound on the true rate"
ctl-43923-3,43923,2019-07-25,28.98003,81.14582,1.94,1.94,"absence of a record is not evidence of stability: a control is a slope with no recorded failure, not a slope proven not to fail, so any false-alarm rate derived from these sites is a lower bound on the true rate"
ctl-43924-1,43924,2019-07-25,29.00878,81.15715,6.37,2.95,"absence of a record is not evidence of stability: a control is a slope with no recorded failure, not a slope proven not to fail, so any false-alarm rate derived from these sites is a lower bound on the true rate"
ctl-43924-2,43924,2019-07-25,28.95886,81.15246,8.59,2.99,"absence of a record is not evidence of stability: a control is a slope with no recorded failure, not a slope proven not to fail, so any false-alarm rate derived from these sites is a lower bound on the true rate"
ctl-43924-3,43924,2019-07-25,29.02116,81.15919,6.39,4.25,"absence of a record is not evidence of stability: a control is a slope with no recorded failure, not a slope proven not to fail, so any false-alarm rate derived from these sites is a lower bound on the true rate"
ctl-43933-1,43933,2019-07-26,27.63147,84.11358,2.02,2.02,"absence of a record is not evidence of stability: a control is a slope with no recorded failure, not a slope proven not to fail, so any false-alarm rate derived from these sites is a lower bound on the true rate"
ctl-43933-2,43933,2019-07-26,27.60149,84.1753,8.6,8.6,"absence of a record is not evidence of stability: a control is a slope with no recorded failure, not a slope proven not to fail, so any false-alarm rate derived from these sites is a lower bound on the true rate"
ctl-43933-3,43933,2019-07-26,27.56273,84.10593,7.39,7.11,"absence of a record is not evidence of stability: a control is a slope with no recorded failure, not a slope proven not to fail, so any false-alarm rate derived from these sites is a lower bound on the true rate"
ctl-43952-1,43952,2019-07-11,28.26524,82.48022,6.83,1.2,"absence of a record is not evidence of stability: a control is a slope with no recorded failure, not a slope proven not to fail, so any false-alarm rate derived from these sites is a lower bound on the true rate"
ctl-43952-2,43952,2019-07-11,28.27988,82.53082,9.2,2.11,"absence of a record is not evidence of stability: a control is a slope with no recorded failure, not a slope proven not to fail, so any false-alarm rate derived from these sites is a lower bound on the true rate"
ctl-43952-3,43952,2019-07-11,28.3098,82.53706,8.72,3.33,"absence of a record is not evidence of stability: a control is a slope with no recorded failure, not a slope proven not to fail, so any false-alarm rate derived from these sites is a lower bound on the true rate"
ctl-44022-1,44022,2019-07-12,27.3836,86.42742,3.76,1.51,"absence of a record is not evidence of stability: a control is a slope with no recorded failure, not a slope proven not to fail, so any false-alarm rate derived from these sites is a lower bound on the true rate"
ctl-44022-2,44022,2019-07-12,27.37951,86.42276,3.11,1.12,"absence of a record is not evidence of stability: a control is a slope with no recorded failure, not a slope proven not to fail, so any false-alarm rate derived from these sites is a lower bound on the true rate"
ctl-44022-3,44022,2019-07-12,27.36378,86.3317,6.89,1.65,"absence of a record is not evidence of stability: a control is a slope with no recorded failure, not a slope proven not to fail, so any false-alarm rate derived from these sites is a lower bound on the true rate"
ctl-44023-1,44023,2019-07-12,27.31644,86.45067,3.03,2.21,"absence of a record is not evidence of stability: a control is a slope with no recorded failure, not a slope proven not to fail, so any false-alarm rate derived from these sites is a lower bound on the true rate"
ctl-44023-2,44023,2019-07-12,27.30168,86.35751,6.32,2.2,"absence of a record is not evidence of stability: a control is a slope with no recorded failure, not a slope proven not to fail, so any false-alarm rate derived from these sites is a lower bound on the true rate"
ctl-44023-3,44023,2019-07-12,27.2065,86.40235,11.73,2.03,"absence of a record is not evidence of stability: a control is a slope with no recorded failure, not a slope proven not to fail, so any false-alarm rate derived from these sites is a lower bound on the true rate"
ctl-44024-1,44024,2019-07-12,27.31937,86.39967,4.11,2.01,"absence of a record is not evidence of stability: a control is a slope with no recorded failure, not a slope proven not to fail, so any false-alarm rate derived from these sites is a lower bound on the true rate"
ctl-44024-2,44024,2019-07-12,27.29352,86.4065,3.13,2.37,"absence of a record is not evidence of stability: a control is a slope with no recorded failure, not a slope proven not to fail, so any false-alarm rate derived from these sites is a lower bound on the true rate"
ctl-44024-3,44024,2019-07-12,27.31616,86.37779,2.97,1.1,"absence of a record is not evidence of stability: a control is a slope with no recorded failure, not a slope proven not to fail, so any false-alarm rate derived from these sites is a lower bound on the true rate"
ctl-44025-1,44025,2019-07-12,27.31634,86.44934,6.87,2.2,"absence of a record is not evidence of stability: a control is a slope with no recorded failure, not a slope proven not to fail, so any false-alarm rate derived from these sites is a lower bound on the true rate"
ctl-44025-2,44025,2019-07-12,27.22634,86.34165,11.7,4.44,"absence of a record is not evidence of stability: a control is a slope with no recorded failure, not a slope proven not to fail, so any false-alarm rate derived from these sites is a lower bound on the true rate"
ctl-44025-3,44025,2019-07-12,27.38038,86.44313,8.66,1.99,"absence of a record is not evidence of stability: a control is a slope with no recorded failure, not a slope proven not to fail, so any false-alarm rate derived from these sites is a lower bound on the true rate"
ctl-44026-1,44026,2019-07-14,27.16347,86.32056,10.54,2.75,"absence of a record is not evidence of stability: a control is a slope with no recorded failure, not a slope proven not to fail, so any false-alarm rate derived from these sites is a lower bound on the true rate"
ctl-44026-2,44026,2019-07-14,27.17302,86.26638,10.59,4.44,"absence of a record is not evidence of stability: a control is a slope with no recorded failure, not a slope proven not to fail, so any false-alarm rate derived from these sites is a lower bound on the true rate"
ctl-44026-3,44026,2019-07-14,27.20657,86.33721,6.16,4.27,"absence of a record is not evidence of stability: a control is a slope with no recorded failure, not a slope proven not to fail, so any false-alarm rate derived from these sites is a lower bound on the true rate"
ctl-44027-1,44027,2019-07-12,27.31917,86.33985,3.02,3.02,"absence of a record is not evidence of stability: a control is a slope with no recorded failure, not a slope proven not to fail, so any false-alarm rate derived from these sites is a lower bound on the true rate"
ctl-44027-2,44027,2019-07-12,27.19239,86.34614,11.34,2.57,"absence of a record is not evidence of stability: a control is a slope with no recorded failure, not a slope proven not to fail, so any false-alarm rate derived from these sites is a lower bound on the true rate"
ctl-44027-3,44027,2019-07-12,27.22015,86.38945,10.03,3.97,"absence of a record is not evidence of stability: a control is a slope with no recorded failure, not a slope proven not to fail, so any false-alarm rate derived from these sites is a lower bound on the true rate"
ctl-44081-1,44081,2019-08-06,27.80033,85.7197,1.81,1.81,"absence of a record is not evidence of stability: a control is a slope with no recorded failure, not a slope proven not to fail, so any false-alarm rate derived from these sites is a lower bound on the true rate"
ctl-44081-2,44081,2019-08-06,27.81998,85.7461,1.59,1.59,"absence of a record is not evidence of stability: a control is a slope with no recorded failure, not a slope proven not to fail, so any false-alarm rate derived from these sites is a lower bound on the true rate"
ctl-44081-3,44081,2019-08-06,27.79009,85.80199,7.18,1.04,"absence of a record is not evidence of stability: a control is a slope with no recorded failure, not a slope proven not to fail, so any false-alarm rate derived from these sites is a lower bound on the true rate"
ctl-44082-1,44082,2019-08-06,27.87315,85.89352,11.92,4.08,"absence of a record is not evidence of stability: a control is a slope with no recorded failure, not a slope proven not to fail, so any false-alarm rate derived from these sites is a lower bound on the true rate"
ctl-44082-2,44082,2019-08-06,27.72795,85.75225,9.4,1.21,"absence of a record is not evidence of stability: a control is a slope with no recorded failure, not a slope proven not to fail, so any false-alarm rate derived from these sites is a lower bound on the true rate"
ctl-44082-3,44082,2019-08-06,27.80756,85.90876,9.69,1.05,"absence of a record is not evidence of stability: a control is a slope with no recorded failure, not a slope proven not to fail, so any false-alarm rate derived from these sites is a lower bound on the true rate"
ctl-44232-1,44232,2019-07-12,27.43483,85.85081,6.74,3.98,"absence of a record is not evidence of stability: a control is a slope with no recorded failure, not a slope proven not to fail, so any false-alarm rate derived from these sites is a lower bound on the true rate"
ctl-44232-2,44232,2019-07-12,27.52619,85.78414,5.86,5.86,"absence of a record is not evidence of stability: a control is a slope with no recorded failure, not a slope proven not to fail, so any false-alarm rate derived from these sites is a lower bound on the true rate"
ctl-44232-3,44232,2019-07-12,27.45612,85.94309,11.88,5.94,"absence of a record is not evidence of stability: a control is a slope with no recorded failure, not a slope proven not to fail, so any false-alarm rate derived from these sites is a lower bound on the true rate"
ctl-44380-1,44380,2019-09-01,27.37669,86.48798,7.82,2.08,"absence of a record is not evidence of stability: a control is a slope with no recorded failure, not a slope proven not to fail, so any false-alarm rate derived from these sites is a lower bound on the true rate"
ctl-44380-2,44380,2019-09-01,27.5087,86.50844,9.13,3.61,"absence of a record is not evidence of stability: a control is a slope with no recorded failure, not a slope proven not to fail, so any false-alarm rate derived from these sites is a lower bound on the true rate"
ctl-44380-3,44380,2019-09-01,27.43816,86.57062,3.28,2.64,"absence of a record is not evidence of stability: a control is a slope with no recorded failure, not a slope proven not to fail, so any false-alarm rate derived from these sites is a lower bound on the true rate"
ctl-44501-1,44501,2019-07-12,28.88743,82.5426,8.25,5.02,"absence of a record is not evidence of stability: a control is a slope with no recorded failure, not a slope proven not to fail, so any false-alarm rate derived from these sites is a lower bound on the true rate"
ctl-44501-2,44501,2019-07-12,28.8698,82.48546,2.91,2.91,"absence of a record is not evidence of stability: a control is a slope with no recorded failure, not a slope proven not to fail, so any false-alarm rate derived from these sites is a lower bound on the true rate"
ctl-44501-3,44501,2019-07-12,28.8377,82.47512,1.03,1.03,"absence of a record is not evidence of stability: a control is a slope with no recorded failure, not a slope proven not to fail, so any false-alarm rate derived from these sites is a lower bound on the true rate"
ctl-44539-1,44539,2019-09-17,28.16584,83.93527,7.52,3.69,"absence of a record is not evidence of stability: a control is a slope with no recorded failure, not a slope proven not to fail, so any false-alarm rate derived from these sites is a lower bound on the true rate"
ctl-44539-2,44539,2019-09-17,28.17467,83.82624,3.54,2.04,"absence of a record is not evidence of stability: a control is a slope with no recorded failure, not a slope proven not to fail, so any false-alarm rate derived from these sites is a lower bound on the true rate"
ctl-44539-3,44539,2019-09-17,28.10798,83.88642,8.72,1.13,"absence of a record is not evidence of stability: a control is a slope with no recorded failure, not a slope proven not to fail, so any false-alarm rate derived from these sites is a lower bound on the true rate"
ctl-44540-1,44540,2019-09-17,28.33976,83.76095,8.55,1.82,"absence of a record is not evidence of stability: a control is a slope with no recorded failure, not a slope proven not to fail, so any false-alarm rate derived from these sites is a lower bound on the true rate"
ctl-44540-2,44540,2019-09-17,28.2101,83.73139,9.66,2.07,"absence of a record is not evidence of stability: a control is a slope with no recorded failure, not a slope proven not to fail, so any false-alarm rate derived from these sites is a lower bound on the true rate"
ctl-44540-3,44540,2019-09-17,28.33944,83.76697,8.26,1.36,"absence of a record is not evidence of stability: a control is a slope with no recorded failure, not a slope proven not to fail, so any false-alarm rate derived from these sites is a lower bound on the true rate"
ctl-44543-1,44543,2019-09-17,27.42119,87.17369,5.67,1.54,"absence of a record is not evidence of stability: a control is a slope with no recorded failure, not a slope proven not to fail, so any false-alarm rate derived from these sites is a lower bound on the true rate"
ctl-44543-2,44543,2019-09-17,27.53142,87.14481,8.11,1.87,"absence of a record is not evidence of stability: a control is a slope with no recorded failure, not a slope proven not to fail, so any false-alarm rate derived from these sites is a lower bound on the true rate"
ctl-44543-3,44543,2019-09-17,27.55189,87.2339,10.08,3.18,"absence of a record is not evidence of stability: a control is a slope with no recorded failure, not a slope proven not to fail, so any false-alarm rate derived from these sites is a lower bound on the true rate"
ctl-44549-1,44549,2019-09-17,27.65109,85.56657,9.23,1.59,"absence of a record is not evidence of stability: a control is a slope with no recorded failure, not a slope proven not to fail, so any false-alarm rate derived from these sites is a lower bound on the true rate"
ctl-44549-2,44549,2019-09-17,27.75299,85.63591,4.17,4.17,"absence of a record is not evidence of stability: a control is a slope with no recorded failure, not a slope proven not to fail, so any false-alarm rate derived from these sites is a lower bound on the true rate"
ctl-44549-3,44549,2019-09-17,27.70243,85.52335,8.57,2.31,"absence of a record is not evidence of stability: a control is a slope with no recorded failure, not a slope proven not to fail, so any false-alarm rate derived from these sites is a lower bound on the true rate"
ctl-44551-1,44551,2019-09-18,27.55562,85.62939,11.36,1.38,"absence of a record is not evidence of stability: a control is a slope with no recorded failure, not a slope proven not to fail, so any false-alarm rate derived from these sites is a lower bound on the true rate"
ctl-44551-2,44551,2019-09-18,27.64599,85.63577,1.44,1.44,"absence of a record is not evidence of stability: a control is a slope with no recorded failure, not a slope proven not to fail, so any false-alarm rate derived from these sites is a lower bound on the true rate"
ctl-44551-3,44551,2019-09-18,27.65766,85.67583,4.54,1.52,"absence of a record is not evidence of stability: a control is a slope with no recorded failure, not a slope proven not to fail, so any false-alarm rate derived from these sites is a lower bound on the true rate"
ctl-44575-1,44575,2019-09-18,27.5996,85.65715,2.0,2.0,"absence of a record is not evidence of stability: a control is a slope with no recorded failure, not a slope proven not to fail, so any false-alarm rate derived from these sites is a lower bound on the true rate"
ctl-44575-2,44575,2019-09-18,27.50056,85.61494,10.18,3.81,"absence of a record is not evidence of stability: a control is a slope with no recorded failure, not a slope proven not to fail, so any false-alarm rate derived from these sites is a lower bound on the true rate"
ctl-44575-3,44575,2019-09-18,27.68504,85.66166,11.45,1.71,"absence of a record is not evidence of stability: a control is a slope with no recorded failure, not a slope proven not to fail, so any false-alarm rate derived from these sites is a lower bound on the true rate"
ctl-44577-1,44577,2019-09-18,27.83176,83.50571,8.39,3.41,"absence of a record is not evidence of stability: a control is a slope with no recorded failure, not a slope proven not to fail, so any false-alarm rate derived from these sites is a lower bound on the true rate"
ctl-44577-2,44577,2019-09-18,27.84149,83.40642,1.44,1.44,"absence of a record is not evidence of stability: a control is a slope with no recorded failure, not a slope proven not to fail, so any false-alarm rate derived from these sites is a lower bound on the true rate"
ctl-44577-3,44577,2019-09-18,27.8088,83.36996,6.17,3.19,"absence of a record is not evidence of stability: a control is a slope with no recorded failure, not a slope proven not to fail, so any false-alarm rate derived from these sites is a lower bound on the true rate"
ctl-44587-1,44587,2019-09-17,27.14998,87.06113,11.06,1.65,"absence of a record is not evidence of stability: a control is a slope with no recorded failure, not a slope proven not to fail, so any false-alarm rate derived from these sites is a lower bound on the true rate"
ctl-44587-2,44587,2019-09-17,27.0642,86.9033,7.43,2.66,"absence of a record is not evidence of stability: a control is a slope with no recorded failure, not a slope proven not to fail, so any false-alarm rate derived from these sites is a lower bound on the true rate"
ctl-44587-3,44587,2019-09-17,27.15683,86.99462,6.4,3.68,"absence of a record is not evidence of stability: a control is a slope with no recorded failure, not a slope proven not to fail, so any false-alarm rate derived from these sites is a lower bound on the true rate"
ctl-47023-1,47023,2020-06-18,28.11746,84.70683,4.82,4.82,"absence of a record is not evidence of stability: a control is a slope with no recorded failure, not a slope proven not to fail, so any false-alarm rate derived from these sites is a lower bound on the true rate"
ctl-47023-2,47023,2020-06-18,28.18625,84.59776,8.36,2.45,"absence of a record is not evidence of stability: a control is a slope with no recorded failure, not a slope proven not to fail, so any false-alarm rate derived from these sites is a lower bound on the true rate"
ctl-47023-3,47023,2020-06-18,28.1744,84.6499,4.17,4.17,"absence of a record is not evidence of stability: a control is a slope with no recorded failure, not a slope proven not to fail, so any false-alarm rate derived from these sites is a lower bound on the true rate"
ctl-47030-1,47030,2020-06-18,26.89091,87.76999,9.94,3.07,"absence of a record is not evidence of stability: a control is a slope with no recorded failure, not a slope proven not to fail, so any false-alarm rate derived from these sites is a lower bound on the true rate"
ctl-47030-2,47030,2020-06-18,26.95462,87.85665,6.0,1.59,"absence of a record is not evidence of stability: a control is a slope with no recorded failure, not a slope proven not to fail, so any false-alarm rate derived from these sites is a lower bound on the true rate"
ctl-47030-3,47030,2020-06-18,27.0161,87.79249,4.55,2.7,"absence of a record is not evidence of stability: a control is a slope with no recorded failure, not a slope proven not to fail, so any false-alarm rate derived from these sites is a lower bound on the true rate"
ctl-47052-1,47052,2020-06-20,28.22971,83.48927,5.44,2.14,"absence of a record is not evidence of stability: a control is a slope with no recorded failure, not a slope proven not to fail, so any false-alarm rate derived from these sites is a lower bound on the true rate"
ctl-47052-2,47052,2020-06-20,28.21998,83.3931,11.86,3.64,"absence of a record is not evidence of stability: a control is a slope with no recorded failure, not a slope proven not to fail, so any false-alarm rate derived from these sites is a lower bound on the true rate"
ctl-47052-3,47052,2020-06-20,28.2249,83.53122,6.96,2.01,"absence of a record is not evidence of stability: a control is a slope with no recorded failure, not a slope proven not to fail, so any false-alarm rate derived from these sites is a lower bound on the true rate"
ctl-47065-1,47065,2020-06-20,28.08105,83.12858,3.06,3.06,"absence of a record is not evidence of stability: a control is a slope with no recorded failure, not a slope proven not to fail, so any false-alarm rate derived from these sites is a lower bound on the true rate"
ctl-47065-2,47065,2020-06-20,28.03978,83.03748,9.31,4.96,"absence of a record is not evidence of stability: a control is a slope with no recorded failure, not a slope proven not to fail, so any false-alarm rate derived from these sites is a lower bound on the true rate"
ctl-47065-3,47065,2020-06-20,28.12302,83.19606,9.35,3.85,"absence of a record is not evidence of stability: a control is a slope with no recorded failure, not a slope proven not to fail, so any false-alarm rate derived from these sites is a lower bound on the true rate"
ctl-47066-1,47066,2020-06-20,27.94264,83.17998,7.03,2.22,"absence of a record is not evidence of stability: a control is a slope with no recorded failure, not a slope proven not to fail, so any false-alarm rate derived from these sites is a lower bound on the true rate"
ctl-47066-2,47066,2020-06-20,27.86911,83.15535,5.81,2.3,"absence of a record is not evidence of stability: a control is a slope with no recorded failure, not a slope proven not to fail, so any false-alarm rate derived from these sites is a lower bound on the true rate"
ctl-47066-3,47066,2020-06-20,27.90649,83.2074,2.33,2.33,"absence of a record is not evidence of stability: a control is a slope with no recorded failure, not a slope proven not to fail, so any false-alarm rate derived from these sites is a lower bound on the true rate"
ctl-47079-1,47079,2020-06-22,27.82898,83.53306,7.69,2.19,"absence of a record is not evidence of stability: a control is a slope with no recorded failure, not a slope proven not to fail, so any false-alarm rate derived from these sites is a lower bound on the true rate"
ctl-47079-2,47079,2020-06-22,27.80094,83.4463,2.74,2.74,"absence of a record is not evidence of stability: a control is a slope with no recorded failure, not a slope proven not to fail, so any false-alarm rate derived from these sites is a lower bound on the true rate"
ctl-47079-3,47079,2020-06-22,27.87729,83.49477,7.07,1.5,"absence of a record is not evidence of stability: a control is a slope with no recorded failure, not a slope proven not to fail, so any false-alarm rate derived from these sites is a lower bound on the true rate"
ctl-47092-1,47092,2020-06-22,27.90441,83.88293,6.07,6.07,"absence of a record is not evidence of stability: a control is a slope with no recorded failure, not a slope proven not to fail, so any false-alarm rate derived from these sites is a lower bound on the true rate"
ctl-47092-2,47092,2020-06-22,27.77282,83.84244,10.14,4.82,"absence of a record is not evidence of stability: a control is a slope with no recorded failure, not a slope proven not to fail, so any false-alarm rate derived from these sites is a lower bound on the true rate"
ctl-47092-3,47092,2020-06-22,27.78436,83.83636,8.87,3.55,"absence of a record is not evidence of stability: a control is a slope with no recorded failure, not a slope proven not to fail, so any false-alarm rate derived from these sites is a lower bound on the true rate"
ctl-47141-1,47141,2020-06-28,27.94711,83.70421,4.0,1.48,"absence of a record is not evidence of stability: a control is a slope with no recorded failure, not a slope proven not to fail, so any false-alarm rate derived from these sites is a lower bound on the true rate"
ctl-47141-2,47141,2020-06-28,27.93301,83.85903,11.77,4.54,"absence of a record is not evidence of stability: a control is a slope with no recorded failure, not a slope proven not to fail, so any false-alarm rate derived from these sites is a lower bound on the true rate"
ctl-47141-3,47141,2020-06-28,27.8289,83.73346,11.13,5.55,"absence of a record is not evidence of stability: a control is a slope with no recorded failure, not a slope proven not to fail, so any false-alarm rate derived from these sites is a lower bound on the true rate"
ctl-47149-1,47149,2020-06-28,29.5209,80.39126,10.66,3.77,"absence of a record is not evidence of stability: a control is a slope with no recorded failure, not a slope proven not to fail, so any false-alarm rate derived from these sites is a lower bound on the true rate"
ctl-47149-2,47149,2020-06-28,29.46696,80.43394,4.03,4.03,"absence of a record is not evidence of stability: a control is a slope with no recorded failure, not a slope proven not to fail, so any false-alarm rate derived from these sites is a lower bound on the true rate"
ctl-47149-3,47149,2020-06-28,29.50372,80.45125,5.56,2.28,"absence of a record is not evidence of stability: a control is a slope with no recorded failure, not a slope proven not to fail, so any false-alarm rate derived from these sites is a lower bound on the true rate"
ctl-47157-1,47157,2020-06-29,28.08168,83.55858,6.58,3.62,"absence of a record is not evidence of stability: a control is a slope with no recorded failure, not a slope proven not to fail, so any false-alarm rate derived from these sites is a lower bound on the true rate"
ctl-47157-2,47157,2020-06-29,28.04522,83.65905,4.11,4.11,"absence of a record is not evidence of stability: a control is a slope with no recorded failure, not a slope proven not to fail, so any false-alarm rate derived from these sites is a lower bound on the true rate"
ctl-47157-3,47157,2020-06-29,28.12329,83.61861,7.45,2.22,"absence of a record is not evidence of stability: a control is a slope with no recorded failure, not a slope proven not to fail, so any false-alarm rate derived from these sites is a lower bound on the true rate"
ctl-47176-1,47176,2020-06-29,28.07594,82.26042,6.38,5.6,"absence of a record is not evidence of stability: a control is a slope with no recorded failure, not a slope proven not to fail, so any false-alarm rate derived from these sites is a lower bound on the true rate"
ctl-47176-2,47176,2020-06-29,28.00681,82.26644,6.92,6.92,"absence of a record is not evidence of stability: a control is a slope with no recorded failure, not a slope proven not to fail, so any false-alarm rate derived from these sites is a lower bound on the true rate"
ctl-47176-3,47176,2020-06-29,27.98064,82.18878,7.06,7.06,"absence of a record is not evidence of stability: a control is a slope with no recorded failure, not a slope proven not to fail, so any false-alarm rate derived from these sites is a lower bound on the true rate"
ctl-47183-1,47183,2020-06-29,28.80421,81.46723,6.0,6.0,"absence of a record is not evidence of stability: a control is a slope with no recorded failure, not a slope proven not to fail, so any false-alarm rate derived from these sites is a lower bound on the true rate"
ctl-47183-2,47183,2020-06-29,28.81879,81.38195,3.07,3.07,"absence of a record is not evidence of stability: a control is a slope with no recorded failure, not a slope proven not to fail, so any false-alarm rate derived from these sites is a lower bound on the true rate"
ctl-47183-3,47183,2020-06-29,28.83449,81.48613,7.28,2.9,"absence of a record is not evidence of stability: a control is a slope with no recorded failure, not a slope proven not to fail, so any false-alarm rate derived from these sites is a lower bound on the true rate"
ctl-47217-1,47217,2020-07-03,28.2887,83.35596,9.52,2.16,"absence of a record is not evidence of stability: a control is a slope with no recorded failure, not a slope proven not to fail, so any false-alarm rate derived from these sites is a lower bound on the true rate"
ctl-47217-2,47217,2020-07-03,28.18336,83.23964,9.18,2.25,"absence of a record is not evidence of stability: a control is a slope with no recorded failure, not a slope proven not to fail, so any false-alarm rate derived from these sites is a lower bound on the true rate"
ctl-47217-3,47217,2020-07-03,28.139,83.39604,9.92,1.56,"absence of a record is not evidence of stability: a control is a slope with no recorded failure, not a slope proven not to fail, so any false-alarm rate derived from these sites is a lower bound on the true rate"
ctl-47221-1,47221,2020-07-03,27.92615,85.71446,8.29,3.53,"absence of a record is not evidence of stability: a control is a slope with no recorded failure, not a slope proven not to fail, so any false-alarm rate derived from these sites is a lower bound on the true rate"
ctl-47221-2,47221,2020-07-03,27.78823,85.79415,11.78,1.83,"absence of a record is not evidence of stability: a control is a slope with no recorded failure, not a slope proven not to fail, so any false-alarm rate derived from these sites is a lower bound on the true rate"
ctl-47221-3,47221,2020-07-03,27.88145,85.79042,1.41,1.41,"absence of a record is not evidence of stability: a control is a slope with no recorded failure, not a slope proven not to fail, so any false-alarm rate derived from these sites is a lower bound on the true rate"
ctl-47246-1,47246,2020-07-04,27.60158,86.33785,7.48,3.77,"absence of a record is not evidence of stability: a control is a slope with no recorded failure, not a slope proven not to fail, so any false-alarm rate derived from these sites is a lower bound on the true rate"
ctl-47246-2,47246,2020-07-04,27.46686,86.4327,10.6,4.22,"absence of a record is not evidence of stability: a control is a slope with no recorded failure, not a slope proven not to fail, so any false-alarm rate derived from these sites is a lower bound on the true rate"
ctl-47246-3,47246,2020-07-04,27.49686,86.41167,6.78,2.14,"absence of a record is not evidence of stability: a control is a slope with no recorded failure, not a slope proven not to fail, so any false-alarm rate derived from these sites is a lower bound on the true rate"
ctl-47257-1,47257,2020-07-05,29.34718,80.8788,8.94,6.06,"absence of a record is not evidence of stability: a control is a slope with no recorded failure, not a slope proven not to fail, so any false-alarm rate derived from these sites is a lower bound on the true rate"
ctl-47257-2,47257,2020-07-05,29.45669,80.89912,8.19,5.21,"absence of a record is not evidence of stability: a control is a slope with no recorded failure, not a slope proven not to fail, so any false-alarm rate derived from these sites is a lower bound on the true rate"
ctl-47257-3,47257,2020-07-05,29.46937,80.81713,6.16,4.3,"absence of a record is not evidence of stability: a control is a slope with no recorded failure, not a slope proven not to fail, so any false-alarm rate derived from these sites is a lower bound on the true rate"
ctl-47266-1,47266,2020-07-06,27.8248,83.50683,4.72,3.85,"absence of a record is not evidence of stability: a control is a slope with no recorded failure, not a slope proven not to fail, so any false-alarm rate derived from these sites is a lower bound on the true rate"
ctl-47266-2,47266,2020-07-06,27.88343,83.48533,8.14,1.69,"absence of a record is not evidence of stability: a control is a slope with no recorded failure, not a slope proven not to fail, so any false-alarm rate derived from these sites is a lower bound on the true rate"
ctl-47266-3,47266,2020-07-06,27.89886,83.47026,10.36,1.8,"absence of a record is not evidence of stability: a control is a slope with no recorded failure, not a slope proven not to fail, so any false-alarm rate derived from these sites is a lower bound on the true rate"
ctl-47273-1,47273,2020-07-05,28.59433,82.31838,5.17,1.79,"absence of a record is not evidence of stability: a control is a slope with no recorded failure, not a slope proven not to fail, so any false-alarm rate derived from these sites is a lower bound on the true rate"
ctl-47273-2,47273,2020-07-05,28.61798,82.17898,8.9,2.95,"absence of a record is not evidence of stability: a control is a slope with no recorded failure, not a slope proven not to fail, so any false-alarm rate derived from these sites is a lower bound on the true rate"
ctl-47273-3,47273,2020-07-05,28.70604,82.2942,10.58,3.2,"absence of a record is not evidence of stability: a control is a slope with no recorded failure, not a slope proven not to fail, so any false-alarm rate derived from these sites is a lower bound on the true rate"
ctl-47280-1,47280,2020-07-07,27.61989,86.09337,1.75,1.75,"absence of a record is not evidence of stability: a control is a slope with no recorded failure, not a slope proven not to fail, so any false-alarm rate derived from these sites is a lower bound on the true rate"
ctl-47280-2,47280,2020-07-07,27.73055,86.10458,11.12,2.01,"absence of a record is not evidence of stability: a control is a slope with no recorded failure, not a slope proven not to fail, so any false-alarm rate derived from these sites is a lower bound on the true rate"
ctl-47280-3,47280,2020-07-07,27.55483,86.14407,9.2,1.5,"absence of a record is not evidence of stability: a control is a slope with no recorded failure, not a slope proven not to fail, so any false-alarm rate derived from these sites is a lower bound on the true rate"
ctl-47283-1,47283,2020-07-07,28.25747,84.3244,2.08,2.08,"absence of a record is not evidence of stability: a control is a slope with no recorded failure, not a slope proven not to fail, so any false-alarm rate derived from these sites is a lower bound on the true rate"
ctl-47283-2,47283,2020-07-07,28.18064,84.37768,10.59,1.8,"absence of a record is not evidence of stability: a control is a slope with no recorded failure, not a slope proven not to fail, so any false-alarm rate derived from these sites is a lower bound on the true rate"
ctl-47283-3,47283,2020-07-07,28.33366,84.29,8.62,5.35,"absence of a record is not evidence of stability: a control is a slope with no recorded failure, not a slope proven not to fail, so any false-alarm rate derived from these sites is a lower bound on the true rate"
ctl-47298-1,47298,2020-07-07,27.54057,87.1482,1.5,1.5,"absence of a record is not evidence of stability: a control is a slope with no recorded failure, not a slope proven not to fail, so any false-alarm rate derived from these sites is a lower bound on the true rate"
ctl-47298-2,47298,2020-07-07,27.50988,87.19313,4.22,2.67,"absence of a record is not evidence of stability: a control is a slope with no recorded failure, not a slope proven not to fail, so any false-alarm rate derived from these sites is a lower bound on the true rate"
ctl-47298-3,47298,2020-07-07,27.51378,87.15769,2.6,2.6,"absence of a record is not evidence of stability: a control is a slope with no recorded failure, not a slope proven not to fail, so any false-alarm rate derived from these sites is a lower bound on the true rate"
ctl-47340-1,47340,2020-07-10,28.49588,83.32657,7.22,4.06,"absence of a record is not evidence of stability: a control is a slope with no recorded failure, not a slope proven not to fail, so any false-alarm rate derived from these sites is a lower bound on the true rate"
ctl-47340-2,47340,2020-07-10,28.50142,83.41175,2.87,2.87,"absence of a record is not evidence of stability: a control is a slope with no recorded failure, not a slope proven not to fail, so any false-alarm rate derived from these sites is a lower bound on the true rate"
ctl-47340-3,47340,2020-07-10,28.40935,83.32392,10.57,2.4,"absence of a record is not evidence of stability: a control is a slope with no recorded failure, not a slope proven not to fail, so any false-alarm rate derived from these sites is a lower bound on the true rate"
ctl-47347-1,47347,2020-07-05,28.21545,84.37252,2.57,2.57,"absence of a record is not evidence of stability: a control is a slope with no recorded failure, not a slope proven not to fail, so any false-alarm rate derived from these sites is a lower bound on the true rate"
ctl-47347-2,47347,2020-07-05,28.23675,84.40484,3.79,1.95,"absence of a record is not evidence of stability: a control is a slope with no recorded failure, not a slope proven not to fail, so any false-alarm rate derived from these sites is a lower bound on the true rate"
ctl-47347-3,47347,2020-07-05,28.24123,84.35559,1.1,1.1,"absence of a record is not evidence of stability: a control is a slope with no recorded failure, not a slope proven not to fail, so any false-alarm rate derived from these sites is a lower bound on the true rate"
ctl-47361-1,47361,2020-07-10,28.41021,83.31004,10.9,2.15,"absence of a record is not evidence of stability: a control is a slope with no recorded failure, not a slope proven not to fail, so any false-alarm rate derived from these sites is a lower bound on the true rate"
ctl-47361-2,47361,2020-07-10,28.41652,83.38456,4.8,3.08,"absence of a record is not evidence of stability: a control is a slope with no recorded failure, not a slope proven not to fail, so any false-alarm rate derived from these sites is a lower bound on the true rate"
ctl-47361-3,47361,2020-07-10,28.38916,83.44777,8.02,1.8,"absence of a record is not evidence of stability: a control is a slope with no recorded failure, not a slope proven not to fail, so any false-alarm rate derived from these sites is a lower bound on the true rate"
ctl-47374-1,47374,2020-07-10,28.00776,85.81131,3.75,3.75,"absence of a record is not evidence of stability: a control is a slope with no recorded failure, not a slope proven not to fail, so any false-alarm rate derived from these sites is a lower bound on the true rate"
ctl-47374-2,47374,2020-07-10,27.9673,85.86435,3.19,3.19,"absence of a record is not evidence of stability: a control is a slope with no recorded failure, not a slope proven not to fail, so any false-alarm rate derived from these sites is a lower bound on the true rate"
ctl-47374-3,47374,2020-07-10,27.99333,85.90687,6.31,1.91,"absence of a record is not evidence of stability: a control is a slope with no recorded failure, not a slope proven not to fail, so any false-alarm rate derived from these sites is a lower bound on the true rate"
ctl-47401-1,47401,2020-07-11,27.16597,86.12515,7.28,7.28,"absence of a record is not evidence of stability: a control is a slope with no recorded failure, not a slope proven not to fail, so any false-alarm rate derived from these sites is a lower bound on the true rate"
ctl-47401-2,47401,2020-07-11,27.19434,86.27409,11.91,5.81,"absence of a record is not evidence of stability: a control is a slope with no recorded failure, not a slope proven not to fail, so any false-alarm rate derived from these sites is a lower bound on the true rate"
ctl-47401-3,47401,2020-07-11,27.16678,86.05894,11.75,5.35,"absence of a record is not evidence of stability: a control is a slope with no recorded failure, not a slope proven not to fail, so any false-alarm rate derived from these sites is a lower bound on the true rate"
ctl-47402-1,47402,2020-07-11,28.15903,83.43848,4.01,2.19,"absence of a record is not evidence of stability: a control is a slope with no recorded failure, not a slope proven not to fail, so any false-alarm rate derived from these sites is a lower bound on the true rate"
ctl-47402-2,47402,2020-07-11,28.18951,83.36794,8.53,2.02,"absence of a record is not evidence of stability: a control is a slope with no recorded failure, not a slope proven not to fail, so any false-alarm rate derived from these sites is a lower bound on the true rate"
ctl-47402-3,47402,2020-07-11,28.18123,83.44524,1.54,1.54,"absence of a record is not evidence of stability: a control is a slope with no recorded failure, not a slope proven not to fail, so any false-alarm rate derived from these sites is a lower bound on the true rate"
ctl-47405-1,47405,2020-07-10,27.75605,83.44761,6.46,5.42,"absence of a record is not evidence of stability: a control is a slope with no recorded failure, not a slope proven not to fail, so any false-alarm rate derived from these sites is a lower bound on the true rate"
ctl-47405-2,47405,2020-07-10,27.71946,83.44464,4.14,3.94,"absence of a record is not evidence of stability: a control is a slope with no recorded failure, not a slope proven not to fail, so any false-alarm rate derived from these sites is a lower bound on the true rate"
ctl-47405-3,47405,2020-07-10,27.66685,83.54711,7.67,3.52,"absence of a record is not evidence of stability: a control is a slope with no recorded failure, not a slope proven not to fail, so any false-alarm rate derived from these sites is a lower bound on the true rate"
ctl-47407-1,47407,2020-07-11,27.49964,83.73378,7.99,3.22,"absence of a record is not evidence of stability: a control is a slope with no recorded failure, not a slope proven not to fail, so any false-alarm rate derived from these sites is a lower bound on the true rate"
ctl-47407-2,47407,2020-07-11,27.53797,83.70537,8.45,3.46,"absence of a record is not evidence of stability: a control is a slope with no recorded failure, not a slope proven not to fail, so any false-alarm rate derived from these sites is a lower bound on the true rate"
ctl-47407-3,47407,2020-07-11,27.59083,83.71857,8.24,7.24,"absence of a record is not evidence of stability: a control is a slope with no recorded failure, not a slope proven not to fail, so any false-alarm rate derived from these sites is a lower bound on the true rate"
ctl-47409-1,47409,2020-07-10,27.53228,83.64148,7.9,7.9,"absence of a record is not evidence of stability: a control is a slope with no recorded failure, not a slope proven not to fail, so any false-alarm rate derived from these sites is a lower bound on the true rate"
ctl-47409-2,47409,2020-07-10,27.44755,83.76371,8.1,8.1,"absence of a record is not evidence of stability: a control is a slope with no recorded failure, not a slope proven not to fail, so any false-alarm rate derived from these sites is a lower bound on the true rate"
ctl-47409-3,47409,2020-07-10,27.4278,83.65877,5.84,5.84,"absence of a record is not evidence of stability: a control is a slope with no recorded failure, not a slope proven not to fail, so any false-alarm rate derived from these sites is a lower bound on the true rate"
ctl-47411-1,47411,2020-07-11,26.78704,87.60126,4.24,4.24,"absence of a record is not evidence of stability: a control is a slope with no recorded failure, not a slope proven not to fail, so any false-alarm rate derived from these sites is a lower bound on the true rate"
ctl-47411-2,47411,2020-07-11,26.80541,87.66576,2.93,1.37,"absence of a record is not evidence of stability: a control is a slope with no recorded failure, not a slope proven not to fail, so any false-alarm rate derived from these sites is a lower bound on the true rate"
ctl-47411-3,47411,2020-07-11,26.84893,87.63155,6.93,3.59,"absence of a record is not evidence of stability: a control is a slope with no recorded failure, not a slope proven not to fail, so any false-alarm rate derived from these sites is a lower bound on the true rate"
ctl-47439-1,47439,2020-07-12,27.75911,86.00544,6.83,6.55,"absence of a record is not evidence of stability: a control is a slope with no recorded failure, not a slope proven not to fail, so any false-alarm rate derived from these sites is a lower bound on the true rate"
ctl-47439-2,47439,2020-07-12,27.70254,86.14407,10.12,1.79,"absence of a record is not evidence of stability: a control is a slope with no recorded failure, not a slope proven not to fail, so any false-alarm rate derived from these sites is a lower bound on the true rate"
ctl-47439-3,47439,2020-07-12,27.61664,86.05296,10.06,3.75,"absence of a record is not evidence of stability: a control is a slope with no recorded failure, not a slope proven not to fail, so any false-alarm rate derived from these sites is a lower bound on the true rate"
ctl-47440-1,47440,2020-07-11,28.08446,84.05058,9.86,2.07,"absence of a record is not evidence of stability: a control is a slope with no recorded failure, not a slope proven not to fail, so any false-alarm rate derived from these sites is a lower bound on the true rate"
ctl-47440-2,47440,2020-07-11,28.15237,84.24237,11.58,2.35,"absence of a record is not evidence of stability: a control is a slope with no recorded failure, not a slope proven not to fail, so any false-alarm rate derived from these sites is a lower bound on the true rate"
ctl-47440-3,47440,2020-07-11,28.16629,84.13959,8.96,1.46,"absence of a record is not evidence of stability: a control is a slope with no recorded failure, not a slope proven not to fail, so any false-alarm rate derived from these sites is a lower bound on the true rate"
ctl-47470-1,47470,2020-07-13,28.12171,83.74842,5.02,1.93,"absence of a record is not evidence of stability: a control is a slope with no recorded failure, not a slope proven not to fail, so any false-alarm rate derived from these sites is a lower bound on the true rate"
ctl-47470-2,47470,2020-07-13,28.10021,83.79525,1.15,1.15,"absence of a record is not evidence of stability: a control is a slope with no recorded failure, not a slope proven not to fail, so any false-alarm rate derived from these sites is a lower bound on the true rate"
ctl-47470-3,47470,2020-07-13,28.08517,83.74383,6.0,1.53,"absence of a record is not evidence of stability: a control is a slope with no recorded failure, not a slope proven not to fail, so any false-alarm rate derived from these sites is a lower bound on the true rate"
ctl-47472-1,47472,2020-07-13,27.95038,84.27681,8.39,3.02,"absence of a record is not evidence of stability: a control is a slope with no recorded failure, not a slope proven not to fail, so any false-alarm rate derived from these sites is a lower bound on the true rate"
ctl-47472-2,47472,2020-07-13,28.09937,84.28263,10.03,3.93,"absence of a record is not evidence of stability: a control is a slope with no recorded failure, not a slope proven not to fail, so any false-alarm rate derived from these sites is a lower bound on the true rate"
ctl-47472-3,47472,2020-07-13,28.0174,84.34228,2.19,2.19,"absence of a record is not evidence of stability: a control is a slope with no recorded failure, not a slope proven not to fail, so any false-alarm rate derived from these sites is a lower bound on the true rate"
ctl-47473-1,47473,2020-07-13,28.80344,82.65839,1.27,1.27,"absence of a record is not evidence of stability: a control is a slope with no recorded failure, not a slope proven not to fail, so any false-alarm rate derived from these sites is a lower bound on the true rate"
ctl-47473-2,47473,2020-07-13,28.85041,82.62974,7.17,7.17,"absence of a record is not evidence of stability: a control is a slope with no recorded failure, not a slope proven not to fail, so any false-alarm rate derived from these sites is a lower bound on the true rate"
ctl-47473-3,47473,2020-07-13,28.82333,82.6807,3.43,3.43,"absence of a record is not evidence of stability: a control is a slope with no recorded failure, not a slope proven not to fail, so any false-alarm rate derived from these sites is a lower bound on the true rate"
ctl-47474-1,47474,2020-07-13,27.51986,83.80598,10.05,3.9,"absence of a record is not evidence of stability: a control is a slope with no recorded failure, not a slope proven not to fail, so any false-alarm rate derived from these sites is a lower bound on the true rate"
ctl-47474-2,47474,2020-07-13,27.41116,83.88474,4.32,4.32,"absence of a record is not evidence of stability: a control is a slope with no recorded failure, not a slope proven not to fail, so any false-alarm rate derived from these sites is a lower bound on the true rate"
ctl-47474-3,47474,2020-07-13,27.46524,83.85238,2.53,1.69,"absence of a record is not evidence of stability: a control is a slope with no recorded failure, not a slope proven not to fail, so any false-alarm rate derived from these sites is a lower bound on the true rate"
ctl-47477-1,47477,2020-07-13,28.01661,84.3048,4.34,1.51,"absence of a record is not evidence of stability: a control is a slope with no recorded failure, not a slope proven not to fail, so any false-alarm rate derived from these sites is a lower bound on the true rate"
ctl-47477-2,47477,2020-07-13,28.06975,84.28905,2.07,2.07,"absence of a record is not evidence of stability: a control is a slope with no recorded failure, not a slope proven not to fail, so any false-alarm rate derived from these sites is a lower bound on the true rate"
ctl-47477-3,47477,2020-07-13,28.03418,84.31004,2.49,2.31,"absence of a record is not evidence of stability: a control is a slope with no recorded failure, not a slope proven not to fail, so any false-alarm rate derived from these sites is a lower bound on the true rate"
ctl-47485-1,47485,2020-07-14,27.46258,83.78473,8.37,7.62,"absence of a record is not evidence of stability: a control is a slope with no recorded failure, not a slope proven not to fail, so any false-alarm rate derived from these sites is a lower bound on the true rate"
ctl-47485-2,47485,2020-07-14,27.37631,83.92563,11.39,9.85,"absence of a record is not evidence of stability: a control is a slope with no recorded failure, not a slope proven not to fail, so any false-alarm rate derived from these sites is a lower bound on the true rate"
ctl-47485-3,47485,2020-07-14,27.5123,83.94604,9.15,9.15,"absence of a record is not evidence of stability: a control is a slope with no recorded failure, not a slope proven not to fail, so any false-alarm rate derived from these sites is a lower bound on the true rate"
ctl-47490-1,47490,2020-07-14,27.59939,84.06684,5.56,4.14,"absence of a record is not evidence of stability: a control is a slope with no recorded failure, not a slope proven not to fail, so any false-alarm rate derived from these sites is a lower bound on the true rate"
ctl-47490-2,47490,2020-07-14,27.51074,84.06928,6.38,6.38,"absence of a record is not evidence of stability: a control is a slope with no recorded failure, not a slope proven not to fail, so any false-alarm rate derived from these sites is a lower bound on the true rate"
ctl-47490-3,47490,2020-07-14,27.65962,84.0577,11.45,3.12,"absence of a record is not evidence of stability: a control is a slope with no recorded failure, not a slope proven not to fail, so any false-alarm rate derived from these sites is a lower bound on the true rate"
ctl-47496-1,47496,2020-07-14,28.12752,83.57742,5.07,2.32,"absence of a record is not evidence of stability: a control is a slope with no recorded failure, not a slope proven not to fail, so any false-alarm rate derived from these sites is a lower bound on the true rate"
ctl-47496-2,47496,2020-07-14,28.16287,83.5398,2.09,2.09,"absence of a record is not evidence of stability: a control is a slope with no recorded failure, not a slope proven not to fail, so any false-alarm rate derived from these sites is a lower bound on the true rate"
ctl-47496-3,47496,2020-07-14,28.23244,83.54953,6.98,1.94,"absence of a record is not evidence of stability: a control is a slope with no recorded failure, not a slope proven not to fail, so any false-alarm rate derived from these sites is a lower bound on the true rate"
ctl-47500-1,47500,2020-07-14,27.82088,83.61433,4.94,1.96,"absence of a record is not evidence of stability: a control is a slope with no recorded failure, not a slope proven not to fail, so any false-alarm rate derived from these sites is a lower bound on the true rate"
ctl-47500-2,47500,2020-07-14,27.87647,83.60611,3.08,2.37,"absence of a record is not evidence of stability: a control is a slope with no recorded failure, not a slope proven not to fail, so any false-alarm rate derived from these sites is a lower bound on the true rate"
ctl-47500-3,47500,2020-07-14,27.76746,83.61378,10.32,5.6,"absence of a record is not evidence of stability: a control is a slope with no recorded failure, not a slope proven not to fail, so any false-alarm rate derived from these sites is a lower bound on the true rate"
ctl-47549-1,47549,2020-07-18,29.21443,80.91877,8.28,3.86,"absence of a record is not evidence of stability: a control is a slope with no recorded failure, not a slope proven not to fail, so any false-alarm rate derived from these sites is a lower bound on the true rate"
ctl-47549-2,47549,2020-07-18,29.32866,80.99556,7.56,2.9,"absence of a record is not evidence of stability: a control is a slope with no recorded failure, not a slope proven not to fail, so any false-alarm rate derived from these sites is a lower bound on the true rate"
ctl-47549-3,47549,2020-07-18,29.26478,81.08446,9.64,1.19,"absence of a record is not evidence of stability: a control is a slope with no recorded failure, not a slope proven not to fail, so any false-alarm rate derived from these sites is a lower bound on the true rate"
ctl-47555-1,47555,2020-07-18,29.2009,81.73955,2.38,1.72,"absence of a record is not evidence of stability: a control is a slope with no recorded failure, not a slope proven not to fail, so any false-alarm rate derived from these sites is a lower bound on the true rate"
ctl-47555-2,47555,2020-07-18,29.22209,81.73126,1.75,1.52,"absence of a record is not evidence of stability: a control is a slope with no recorded failure, not a slope proven not to fail, so any false-alarm rate derived from these sites is a lower bound on the true rate"
ctl-47555-3,47555,2020-07-18,29.22684,81.78222,3.27,3.27,"absence of a record is not evidence of stability: a control is a slope with no recorded failure, not a slope proven not to fail, so any false-alarm rate derived from these sites is a lower bound on the true rate"
ctl-47557-1,47557,2020-07-19,29.82238,80.93258,10.56,9.89,"absence of a record is not evidence of stability: a control is a slope with no recorded failure, not a slope proven not to fail, so any false-alarm rate derived from these sites is a lower bound on the true rate"
ctl-47557-2,47557,2020-07-19,29.88646,80.82029,2.62,2.62,"absence of a record is not evidence of stability: a control is a slope with no recorded failure, not a slope proven not to fail, so any false-alarm rate derived from these sites is a lower bound on the true rate"
ctl-47557-3,47557,2020-07-19,29.87318,80.82789,1.03,1.03,"absence of a record is not evidence of stability: a control is a slope with no recorded failure, not a slope proven not to fail, so any false-alarm rate derived from these sites is a lower bound on the true rate"
ctl-47568-1,47568,2020-07-20,27.22674,87.65553,2.59,2.59,"absence of a record is not evidence of stability: a control is a slope with no recorded failure, not a slope proven not to fail, so any false-alarm rate derived from these sites is a lower bound on the true rate"
ctl-47568-2,47568,2020-07-20,27.22622,87.67021,3.75,2.19,"absence of a record is not evidence of stability: a control is a slope with no recorded failure, not a slope proven not to fail, so any false-alarm rate derived from these sites is a lower bound on the true rate"
ctl-47568-3,47568,2020-07-20,27.2134,87.62507,1.16,1.16,"absence of a record is not evidence of stability: a control is a slope with no recorded failure, not a slope proven not to fail, so any false-alarm rate derived from these sites is a lower bound on the true rate"
ctl-47571-1,47571,2020-07-20,26.90781,85.81645,3.61,2.58,"absence of a record is not evidence of stability: a control is a slope with no recorded failure, not a slope proven not to fail, so any false-alarm rate derived from these sites is a lower bound on the true rate"
ctl-47571-2,47571,2020-07-20,26.94713,85.79335,2.91,2.91,"absence of a record is not evidence of stability: a control is a slope with no recorded failure, not a slope proven not to fail, so any false-alarm rate derived from these sites is a lower bound on the true rate"
ctl-47571-3,47571,2020-07-20,26.84117,85.76879,9.15,6.54,"absence of a record is not evidence of stability: a control is a slope with no recorded failure, not a slope proven not to fail, so any false-alarm rate derived from these sites is a lower bound on the true rate"
ctl-47579-1,47579,2020-07-20,27.51649,85.23861,9.19,2.59,"absence of a record is not evidence of stability: a control is a slope with no recorded failure, not a slope proven not to fail, so any false-alarm rate derived from these sites is a lower bound on the true rate"
ctl-47579-2,47579,2020-07-20,27.51267,85.21669,9.55,2.12,"absence of a record is not evidence of stability: a control is a slope with no recorded failure, not a slope proven not to fail, so any false-alarm rate derived from these sites is a lower bound on the true rate"
ctl-47579-3,47579,2020-07-20,27.57849,85.2242,2.2,1.84,"absence of a record is not evidence of stability: a control is a slope with no recorded failure, not a slope proven not to fail, so any false-alarm rate derived from these sites is a lower bound on the true rate"
ctl-47587-1,47587,2020-07-20,27.99513,84.75821,11.39,5.0,"absence of a record is not evidence of stability: a control is a slope with no recorded failure, not a slope proven not to fail, so any false-alarm rate derived from these sites is a lower bound on the true rate"
ctl-47587-2,47587,2020-07-20,27.95442,84.65453,9.6,2.56,"absence of a record is not evidence of stability: a control is a slope with no recorded failure, not a slope proven not to fail, so any false-alarm rate derived from these sites is a lower bound on the true rate"
ctl-47587-3,47587,2020-07-20,27.83808,84.74487,6.73,5.89,"absence of a record is not evidence of stability: a control is a slope with no recorded failure, not a slope proven not to fail, so any false-alarm rate derived from these sites is a lower bound on the true rate"
ctl-47590-1,47590,2020-07-20,28.17392,84.49929,11.59,3.13,"absence of a record is not evidence of stability: a control is a slope with no recorded failure, not a slope proven not to fail, so any false-alarm rate derived from these sites is a lower bound on the true rate"
ctl-47590-2,47590,2020-07-20,28.00056,84.46055,8.54,2.26,"absence of a record is not evidence of stability: a control is a slope with no recorded failure, not a slope proven not to fail, so any false-alarm rate derived from these sites is a lower bound on the true rate"
ctl-47590-3,47590,2020-07-20,28.16572,84.50516,10.99,3.95,"absence of a record is not evidence of stability: a control is a slope with no recorded failure, not a slope proven not to fail, so any false-alarm rate derived from these sites is a lower bound on the true rate"
ctl-47594-1,47594,2020-07-20,27.74184,84.7107,1.89,1.89,"absence of a record is not evidence of stability: a control is a slope with no recorded failure, not a slope proven not to fail, so any false-alarm rate derived from these sites is a lower bound on the true rate"
ctl-47594-2,47594,2020-07-20,27.75261,84.74003,1.72,1.72,"absence of a record is not evidence of stability: a control is a slope with no recorded failure, not a slope proven not to fail, so any false-alarm rate derived from these sites is a lower bound on the true rate"
ctl-47594-3,47594,2020-07-20,27.68677,84.69857,7.96,3.78,"absence of a record is not evidence of stability: a control is a slope with no recorded failure, not a slope proven not to fail, so any false-alarm rate derived from these sites is a lower bound on the true rate"
ctl-47596-1,47596,2020-07-20,28.06324,84.84067,4.57,4.57,"absence of a record is not evidence of stability: a control is a slope with no recorded failure, not a slope proven not to fail, so any false-alarm rate derived from these sites is a lower bound on the true rate"
ctl-47596-2,47596,2020-07-20,27.96332,84.86219,6.83,5.72,"absence of a record is not evidence of stability: a control is a slope with no recorded failure, not a slope proven not to fail, so any false-alarm rate derived from these sites is a lower bound on the true rate"
ctl-47596-3,47596,2020-07-20,28.07802,84.88773,7.65,3.06,"absence of a record is not evidence of stability: a control is a slope with no recorded failure, not a slope proven not to fail, so any false-alarm rate derived from these sites is a lower bound on the true rate"
ctl-47597-1,47597,2020-07-20,28.06771,84.38048,8.71,2.45,"absence of a record is not evidence of stability: a control is a slope with no recorded failure, not a slope proven not to fail, so any false-alarm rate derived from these sites is a lower bound on the true rate"
ctl-47597-2,47597,2020-07-20,28.02927,84.36889,8.15,5.03,"absence of a record is not evidence of stability: a control is a slope with no recorded failure, not a slope proven not to fail, so any false-alarm rate derived from these sites is a lower bound on the true rate"
ctl-47597-3,47597,2020-07-20,28.03805,84.54002,8.92,1.01,"absence of a record is not evidence of stability: a control is a slope with no recorded failure, not a slope proven not to fail, so any false-alarm rate derived from these sites is a lower bound on the true rate"
ctl-47600-1,47600,2020-07-20,27.19841,87.61731,5.96,2.34,"absence of a record is not evidence of stability: a control is a slope with no recorded failure, not a slope proven not to fail, so any false-alarm rate derived from these sites is a lower bound on the true rate"
ctl-47600-2,47600,2020-07-20,27.15052,87.57135,4.72,1.51,"absence of a record is not evidence of stability: a control is a slope with no recorded failure, not a slope proven not to fail, so any false-alarm rate derived from these sites is a lower bound on the true rate"
ctl-47600-3,47600,2020-07-20,27.2326,87.58928,5.57,1.73,"absence of a record is not evidence of stability: a control is a slope with no recorded failure, not a slope proven not to fail, so any false-alarm rate derived from these sites is a lower bound on the true rate"
ctl-47603-1,47603,2020-07-20,26.9587,87.49301,5.69,5.69,"absence of a record is not evidence of stability: a control is a slope with no recorded failure, not a slope proven not to fail, so any false-alarm rate derived from these sites is a lower bound on the true rate"
ctl-47603-2,47603,2020-07-20,27.01111,87.58467,5.11,5.11,"absence of a record is not evidence of stability: a control is a slope with no recorded failure, not a slope proven not to fail, so any false-alarm rate derived from these sites is a lower bound on the true rate"
ctl-47603-3,47603,2020-07-20,27.07612,87.58847,11.14,6.94,"absence of a record is not evidence of stability: a control is a slope with no recorded failure, not a slope proven not to fail, so any false-alarm rate derived from these sites is a lower bound on the true rate"
ctl-47616-1,47616,2020-07-20,28.19856,84.48471,10.14,2.09,"absence of a record is not evidence of stability: a control is a slope with no recorded failure, not a slope proven not to fail, so any false-alarm rate derived from these sites is a lower bound on the true rate"
ctl-47616-2,47616,2020-07-20,28.12129,84.40661,2.06,2.06,"absence of a record is not evidence of stability: a control is a slope with no recorded failure, not a slope proven not to fail, so any false-alarm rate derived from these sites is a lower bound on the true rate"
ctl-47616-3,47616,2020-07-20,28.03893,84.39248,9.92,5.85,"absence of a record is not evidence of stability: a control is a slope with no recorded failure, not a slope proven not to fail, so any false-alarm rate derived from these sites is a lower bound on the true rate"
ctl-47621-1,47621,2020-07-20,27.8233,84.65367,7.44,2.5,"absence of a record is not evidence of stability: a control is a slope with no recorded failure, not a slope proven not to fail, so any false-alarm rate derived from these sites is a lower bound on the true rate"
ctl-47621-2,47621,2020-07-20,27.91518,84.71491,4.62,2.38,"absence of a record is not evidence of stability: a control is a slope with no recorded failure, not a slope proven not to fail, so any false-alarm rate derived from these sites is a lower bound on the true rate"
ctl-47621-3,47621,2020-07-20,27.86301,84.63942,4.88,2.58,"absence of a record is not evidence of stability: a control is a slope with no recorded failure, not a slope proven not to fail, so any false-alarm rate derived from these sites is a lower bound on the true rate"
ctl-47630-1,47630,2020-07-21,28.02485,84.32172,9.24,1.06,"absence of a record is not evidence of stability: a control is a slope with no recorded failure, not a slope proven not to fail, so any false-alarm rate derived from these sites is a lower bound on the true rate"
ctl-47630-2,47630,2020-07-21,28.04734,84.37317,8.92,4.55,"absence of a record is not evidence of stability: a control is a slope with no recorded failure, not a slope proven not to fail, so any false-alarm rate derived from these sites is a lower bound on the true rate"
ctl-47630-3,47630,2020-07-21,27.98401,84.46388,7.35,2.52,"absence of a record is not evidence of stability: a control is a slope with no recorded failure, not a slope proven not to fail, so any false-alarm rate derived from these sites is a lower bound on the true rate"
ctl-47651-1,47651,2020-07-21,26.78872,88.15318,8.21,7.58,"absence of a record is not evidence of stability: a control is a slope with no recorded failure, not a slope proven not to fail, so any false-alarm rate derived from these sites is a lower bound on the true rate"
ctl-47651-2,47651,2020-07-21,26.7804,88.02092,5.04,3.37,"absence of a record is not evidence of stability: a control is a slope with no recorded failure, not a slope proven not to fail, so any false-alarm rate derived from these sites is a lower bound on the true rate"
ctl-47651-3,47651,2020-07-21,26.79994,88.00261,7.31,5.18,"absence of a record is not evidence of stability: a control is a slope with no recorded failure, not a slope proven not to fail, so any false-alarm rate derived from these sites is a lower bound on the true rate"
ctl-47656-1,47656,2020-07-21,28.05633,84.60459,10.29,1.93,"absence of a record is not evidence of stability: a control is a slope with no recorded failure, not a slope proven not to fail, so any false-alarm rate derived from these sites is a lower bound on the true rate"
ctl-47656-2,47656,2020-07-21,27.89708,84.55468,9.99,3.88,"absence of a record is not evidence of stability: a control is a slope with no recorded failure, not a slope proven not to fail, so any false-alarm rate derived from these sites is a lower bound on the true rate"
ctl-47656-3,47656,2020-07-21,28.03652,84.63475,8.06,2.83,"absence of a record is not evidence of stability: a control is a slope with no recorded failure, not a slope proven not to fail, so any false-alarm rate derived from these sites is a lower bound on the true rate"
ctl-47657-1,47657,2020-07-21,28.0249,84.31874,11.21,1.06,"absence of a record is not evidence of stability: a control is a slope with no recorded failure, not a slope proven not to fail, so any false-alarm rate derived from these sites is a lower bound on the true rate"
ctl-47657-2,47657,2020-07-21,27.99163,84.45526,3.94,2.87,"absence of a record is not evidence of stability: a control is a slope with no recorded failure, not a slope proven not to fail, so any false-alarm rate derived from these sites is a lower bound on the true rate"
ctl-47657-3,47657,2020-07-21,27.94824,84.50171,8.72,4.47,"absence of a record is not evidence of stability: a control is a slope with no recorded failure, not a slope proven not to fail, so any false-alarm rate derived from these sites is a lower bound on the true rate"
ctl-47660-1,47660,2020-07-21,27.98516,83.7687,4.73,2.36,"absence of a record is not evidence of stability: a control is a slope with no recorded failure, not a slope proven not to fail, so any false-alarm rate derived from these sites is a lower bound on the true rate"
ctl-47660-2,47660,2020-07-21,27.85582,83.72335,10.56,3.73,"absence of a record is not evidence of stability: a control is a slope with no recorded failure, not a slope proven not to fail, so any false-alarm rate derived from these sites is a lower bound on the true rate"
ctl-47660-3,47660,2020-07-21,27.97316,83.80964,5.4,3.14,"absence of a record is not evidence of stability: a control is a slope with no recorded failure, not a slope proven not to fail, so any false-alarm rate derived from these sites is a lower bound on the true rate"
ctl-47671-1,47671,2020-07-22,27.11399,87.42425,7.96,1.45,"absence of a record is not evidence of stability: a control is a slope with no recorded failure, not a slope proven not to fail, so any false-alarm rate derived from these sites is a lower bound on the true rate"
ctl-47671-2,47671,2020-07-22,27.06174,87.49951,9.2,1.23,"absence of a record is not evidence of stability: a control is a slope with no recorded failure, not a slope proven not to fail, so any false-alarm rate derived from these sites is a lower bound on the true rate"
ctl-47671-3,47671,2020-07-22,27.01648,87.45654,5.61,2.61,"absence of a record is not evidence of stability: a control is a slope with no recorded failure, not a slope proven not to fail, so any false-alarm rate derived from these sites is a lower bound on the true rate"
ctl-47687-1,47687,2020-07-22,27.47713,84.98036,5.07,3.34,"absence of a record is not evidence of stability: a control is a slope with no recorded failure, not a slope proven not to fail, so any false-alarm rate derived from these sites is a lower bound on the true rate"
ctl-47687-2,47687,2020-07-22,27.40709,84.99106,9.54,3.52,"absence of a record is not evidence of stability: a control is a slope with no recorded failure, not a slope proven not to fail, so any false-alarm rate derived from these sites is a lower bound on the true rate"
ctl-47687-3,47687,2020-07-22,27.50166,85.03725,1.93,1.93,"absence of a record is not evidence of stability: a control is a slope with no recorded failure, not a slope proven not to fail, so any false-alarm rate derived from these sites is a lower bound on the true rate"
ctl-47704-1,47704,2020-07-24,27.72446,85.0578,2.73,2.73,"absence of a record is not evidence of stability: a control is a slope with no recorded failure, not a slope proven not to fail, so any false-alarm rate derived from these sites is a lower bound on the true rate"
ctl-47704-2,47704,2020-07-24,27.73211,85.16108,8.4,3.1,"absence of a record is not evidence of stability: a control is a slope with no recorded failure, not a slope proven not to fail, so any false-alarm rate derived from these sites is a lower bound on the true rate"
ctl-47704-3,47704,2020-07-24,27.66848,85.08406,8.27,2.79,"absence of a record is not evidence of stability: a control is a slope with no recorded failure, not a slope proven not to fail, so any false-alarm rate derived from these sites is a lower bound on the true rate"
ctl-47716-1,47716,2020-07-24,27.90602,83.97315,9.29,7.41,"absence of a record is not evidence of stability: a control is a slope with no recorded failure, not a slope proven not to fail, so any false-alarm rate derived from these sites is a lower bound on the true rate"
ctl-47716-2,47716,2020-07-24,27.83225,83.96811,5.72,1.06,"absence of a record is not evidence of stability: a control is a slope with no recorded failure, not a slope proven not to fail, so any false-alarm rate derived from these sites is a lower bound on the true rate"
ctl-47716-3,47716,2020-07-24,27.76716,83.91838,8.45,1.65,"absence of a record is not evidence of stability: a control is a slope with no recorded failure, not a slope proven not to fail, so any false-alarm rate derived from these sites is a lower bound on the true rate"
ctl-47730-1,47730,2020-07-24,29.87951,80.6027,8.33,2.85,"absence of a record is not evidence of stability: a control is a slope with no recorded failure, not a slope proven not to fail, so any false-alarm rate derived from these sites is a lower bound on the true rate"
ctl-47730-2,47730,2020-07-24,29.76864,80.54605,5.34,5.34,"absence of a record is not evidence of stability: a control is a slope with no recorded failure, not a slope proven not to fail, so any false-alarm rate derived from these sites is a lower bound on the true rate"
ctl-47730-3,47730,2020-07-24,29.80454,80.58905,1.08,1.08,"absence of a record is not evidence of stability: a control is a slope with no recorded failure, not a slope proven not to fail, so any false-alarm rate derived from these sites is a lower bound on the true rate"
ctl-47750-1,47750,2020-07-27,28.1719,83.81594,3.32,2.26,"absence of a record is not evidence of stability: a control is a slope with no recorded failure, not a slope proven not to fail, so any false-alarm rate derived from these sites is a lower bound on the true rate"
ctl-47750-2,47750,2020-07-27,28.13633,83.82447,3.81,2.4,"absence of a record is not evidence of stability: a control is a slope with no recorded failure, not a slope proven not to fail, so any false-alarm rate derived from these sites is a lower bound on the true rate"
ctl-47750-3,47750,2020-07-27,28.15229,83.77918,1.08,1.08,"absence of a record is not evidence of stability: a control is a slope with no recorded failure, not a slope proven not to fail, so any false-alarm rate derived from these sites is a lower bound on the true rate"
ctl-47751-1,47751,2020-07-27,28.67065,83.6074,2.93,2.93,"absence of a record is not evidence of stability: a control is a slope with no recorded failure, not a slope proven not to fail, so any false-alarm rate derived from these sites is a lower bound on the true rate"
ctl-47751-2,47751,2020-07-27,28.61136,83.58672,8.73,2.4,"absence of a record is not evidence of stability: a control is a slope with no recorded failure, not a slope proven not to fail, so any false-alarm rate derived from these sites is a lower bound on the true rate"
ctl-47751-3,47751,2020-07-27,28.72146,83.48918,10.15,10.15,"absence of a record is not evidence of stability: a control is a slope with no recorded failure, not a slope proven not to fail, so any false-alarm rate derived from these sites is a lower bound on the true rate"
ctl-47752-1,47752,2020-07-27,28.3864,83.53768,1.79,1.79,"absence of a record is not evidence of stability: a control is a slope with no recorded failure, not a slope proven not to fail, so any false-alarm rate derived from these sites is a lower bound on the true rate"
ctl-47752-2,47752,2020-07-27,28.38907,83.55341,1.46,1.46,"absence of a record is not evidence of stability: a control is a slope with no recorded failure, not a slope proven not to fail, so any false-alarm rate derived from these sites is a lower bound on the true rate"
ctl-47752-3,47752,2020-07-27,28.44076,83.46504,11.12,2.12,"absence of a record is not evidence of stability: a control is a slope with no recorded failure, not a slope proven not to fail, so any false-alarm rate derived from these sites is a lower bound on the true rate"
ctl-47771-1,47771,2020-07-28,29.81379,80.54039,7.33,3.32,"absence of a record is not evidence of stability: a control is a slope with no recorded failure, not a slope proven not to fail, so any false-alarm rate derived from these sites is a lower bound on the true rate"
ctl-47771-2,47771,2020-07-28,29.80403,80.61929,8.8,1.76,"absence of a record is not evidence of stability: a control is a slope with no recorded failure, not a slope proven not to fail, so any false-alarm rate derived from these sites is a lower bound on the true rate"
ctl-47771-3,47771,2020-07-28,29.89297,80.57727,2.26,2.26,"absence of a record is not evidence of stability: a control is a slope with no recorded failure, not a slope proven not to fail, so any false-alarm rate derived from these sites is a lower bound on the true rate"
ctl-47772-1,47772,2020-07-27,27.38836,87.01709,4.57,3.1,"absence of a record is not evidence of stability: a control is a slope with no recorded failure, not a slope proven not to fail, so any false-alarm rate derived from these sites is a lower bound on the true rate"
ctl-47772-2,47772,2020-07-27,27.40987,86.99231,7.79,2.95,"absence of a record is not evidence of stability: a control is a slope with no recorded failure, not a slope proven not to fail, so any false-alarm rate derived from these sites is a lower bound on the true rate"
ctl-47772-3,47772,2020-07-27,27.46029,87.1201,11.1,3.66,"absence of a record is not evidence of stability: a control is a slope with no recorded failure, not a slope proven not to fail, so any false-alarm rate derived from these sites is a lower bound on the true rate"
ctl-47774-1,47774,2020-07-28,26.98116,87.43538,10.28,5.27,"absence of a record is not evidence of stability: a control is a slope with no recorded failure, not a slope proven not to fail, so any false-alarm rate derived from these sites is a lower bound on the true rate"
ctl-47774-2,47774,2020-07-28,26.91087,87.32045,7.47,1.27,"absence of a record is not evidence of stability: a control is a slope with no recorded failure, not a slope proven not to fail, so any false-alarm rate derived from these sites is a lower bound on the true rate"
ctl-47774-3,47774,2020-07-28,26.9595,87.3819,5.35,3.75,"absence of a record is not evidence of stability: a control is a slope with no recorded failure, not a slope proven not to fail, so any false-alarm rate derived from these sites is a lower bound on the true rate"
ctl-47785-1,47785,2020-07-28,28.0884,83.43172,2.85,2.85,"absence of a record is not evidence of stability: a control is a slope with no recorded failure, not a slope proven not to fail, so any false-alarm rate derived from these sites is a lower bound on the true rate"
ctl-47785-2,47785,2020-07-28,28.09373,83.4322,2.25,2.25,"absence of a record is not evidence of stability: a control is a slope with no recorded failure, not a slope proven not to fail, so any false-alarm rate derived from these sites is a lower bound on the true rate"
ctl-47785-3,47785,2020-07-28,28.05636,83.52424,10.95,1.44,"absence of a record is not evidence of stability: a control is a slope with no recorded failure, not a slope proven not to fail, so any false-alarm rate derived from these sites is a lower bound on the true rate"
ctl-47787-1,47787,2020-07-28,27.90013,83.58616,8.99,2.32,"absence of a record is not evidence of stability: a control is a slope with no recorded failure, not a slope proven not to fail, so any false-alarm rate derived from these sites is a lower bound on the true rate"
ctl-47787-2,47787,2020-07-28,27.8739,83.77007,9.95,1.01,"absence of a record is not evidence of stability: a control is a slope with no recorded failure, not a slope proven not to fail, so any false-alarm rate derived from these sites is a lower bound on the true rate"
ctl-47787-3,47787,2020-07-28,27.87058,83.59184,7.62,1.73,"absence of a record is not evidence of stability: a control is a slope with no recorded failure, not a slope proven not to fail, so any false-alarm rate derived from these sites is a lower bound on the true rate"
ctl-47794-1,47794,2020-07-28,27.0123,88.02152,8.2,2.39,"absence of a record is not evidence of stability: a control is a slope with no recorded failure, not a slope proven not to fail, so any false-alarm rate derived from these sites is a lower bound on the true rate"
ctl-47794-2,47794,2020-07-28,26.89441,87.95082,9.49,1.8,"absence of a record is not evidence of stability: a control is a slope with no recorded failure, not a slope proven not to fail, so any false-alarm rate derived from these sites is a lower bound on the true rate"
ctl-47794-3,47794,2020-07-28,26.98488,87.85373,9.29,1.73,"absence of a record is not evidence of stability: a control is a slope with no recorded failure, not a slope proven not to fail, so any false-alarm rate derived from these sites is a lower bound on the true rate"
ctl-47795-1,47795,2020-07-28,27.37528,87.17863,5.93,2.31,"absence of a record is not evidence of stability: a control is a slope with no recorded failure, not a slope proven not to fail, so any false-alarm rate derived from these sites is a lower bound on the true rate"
ctl-47795-2,47795,2020-07-28,27.28514,87.1514,7.2,2.98,"absence of a record is not evidence of stability: a control is a slope with no recorded failure, not a slope proven not to fail, so any false-alarm rate derived from these sites is a lower bound on the true rate"
ctl-47795-3,47795,2020-07-28,27.37438,87.14623,7.86,3.06,"absence of a record is not evidence of stability: a control is a slope with no recorded failure, not a slope proven not to fail, so any false-alarm rate derived from these sites is a lower bound on the true rate"
ctl-47801-1,47801,2020-07-28,28.37885,83.65647,7.89,1.43,"absence of a record is not evidence of stability: a control is a slope with no recorded failure, not a slope proven not to fail, so any false-alarm rate derived from these sites is a lower bound on the true rate"
ctl-47801-2,47801,2020-07-28,28.32278,83.59731,1.75,1.75,"absence of a record is not evidence of stability: a control is a slope with no recorded failure, not a slope proven not to fail, so any false-alarm rate derived from these sites is a lower bound on the true rate"
ctl-47801-3,47801,2020-07-28,28.33148,83.63463,4.33,2.2,"absence of a record is not evidence of stability: a control is a slope with no recorded failure, not a slope proven not to fail, so any false-alarm rate derived from these sites is a lower bound on the true rate"
ctl-47802-1,47802,2020-07-28,28.27477,83.74661,1.62,1.33,"absence of a record is not evidence of stability: a control is a slope with no recorded failure, not a slope proven not to fail, so any false-alarm rate derived from these sites is a lower bound on the true rate"
ctl-47802-2,47802,2020-07-28,28.25143,83.76077,4.41,1.93,"absence of a record is not evidence of stability: a control is a slope with no recorded failure, not a slope proven not to fail, so any false-alarm rate derived from these sites is a lower bound on the true rate"
ctl-47802-3,47802,2020-07-28,28.29646,83.73292,1.62,1.62,"absence of a record is not evidence of stability: a control is a slope with no recorded failure, not a slope proven not to fail, so any false-alarm rate derived from these sites is a lower bound on the true rate"
ctl-47804-1,47804,2020-07-28,27.98539,83.13274,1.84,1.35,"absence of a record is not evidence of stability: a control is a slope with no recorded failure, not a slope proven not to fail, so any false-alarm rate derived from these sites is a lower bound on the true rate"
ctl-47804-2,47804,2020-07-28,27.90436,83.07685,10.4,3.42,"absence of a record is not evidence of stability: a control is a slope with no recorded failure, not a slope proven not to fail, so any false-alarm rate derived from these sites is a lower bound on the true rate"
ctl-47804-3,47804,2020-07-28,27.99105,83.07715,7.09,3.9,"absence of a record is not evidence of stability: a control is a slope with no recorded failure, not a slope proven not to fail, so any false-alarm rate derived from these sites is a lower bound on the true rate"
ctl-47805-1,47805,2020-07-29,27.89192,82.7382,10.84,5.04,"absence of a record is not evidence of stability: a control is a slope with no recorded failure, not a slope proven not to fail, so any false-alarm rate derived from these sites is a lower bound on the true rate"
ctl-47805-2,47805,2020-07-29,27.93313,82.62168,9.9,4.16,"absence of a record is not evidence of stability: a control is a slope with no recorded failure, not a slope proven not to fail, so any false-alarm rate derived from these sites is a lower bound on the true rate"
ctl-47805-3,47805,2020-07-29,27.94433,82.71094,4.53,4.53,"absence of a record is not evidence of stability: a control is a slope with no recorded failure, not a slope proven not to fail, so any false-alarm rate derived from these sites is a lower bound on the true rate"
ctl-47818-1,47818,2020-07-29,28.99721,81.78596,2.66,2.66,"absence of a record is not evidence of stability: a control is a slope with no recorded failure, not a slope proven not to fail, so any false-alarm rate derived from these sites is a lower bound on the true rate"
ctl-47818-2,47818,2020-07-29,28.99058,81.76261,2.14,2.14,"absence of a record is not evidence of stability: a control is a slope with no recorded failure, not a slope proven not to fail, so any false-alarm rate derived from these sites is a lower bound on the true rate"
ctl-47818-3,47818,2020-07-29,28.96556,81.72778,4.77,4.77,"absence of a record is not evidence of stability: a control is a slope with no recorded failure, not a slope proven not to fail, so any false-alarm rate derived from these sites is a lower bound on the true rate"
ctl-47836-1,47836,2020-07-29,29.08873,81.79117,6.54,2.72,"absence of a record is not evidence of stability: a control is a slope with no recorded failure, not a slope proven not to fail, so any false-alarm rate derived from these sites is a lower bound on the true rate"
ctl-47836-2,47836,2020-07-29,29.00935,81.72313,5.83,4.11,"absence of a record is not evidence of stability: a control is a slope with no recorded failure, not a slope proven not to fail, so any false-alarm rate derived from these sites is a lower bound on the true rate"
ctl-47836-3,47836,2020-07-29,29.02657,81.70367,4.72,4.72,"absence of a record is not evidence of stability: a control is a slope with no recorded failure, not a slope proven not to fail, so any false-alarm rate derived from these sites is a lower bound on the true rate"
ctl-47839-1,47839,2020-07-29,29.13187,81.25687,9.67,2.45,"absence of a record is not evidence of stability: a control is a slope with no recorded failure, not a slope proven not to fail, so any false-alarm rate derived from these sites is a lower bound on the true rate"
ctl-47839-2,47839,2020-07-29,29.19701,81.34639,1.72,1.72,"absence of a record is not evidence of stability: a control is a slope with no recorded failure, not a slope proven not to fail, so any false-alarm rate derived from these sites is a lower bound on the true rate"
ctl-47839-3,47839,2020-07-29,29.16799,81.42153,8.45,6.47,"absence of a record is not evidence of stability: a control is a slope with no recorded failure, not a slope proven not to fail, so any false-alarm rate derived from these sites is a lower bound on the true rate"
ctl-47840-1,47840,2020-07-28,29.06973,81.31519,8.95,1.04,"absence of a record is not evidence of stability: a control is a slope with no recorded failure, not a slope proven not to fail, so any false-alarm rate derived from these sites is a lower bound on the true rate"
ctl-47840-2,47840,2020-07-28,29.18324,81.31129,10.96,2.45,"absence of a record is not evidence of stability: a control is a slope with no recorded failure, not a slope proven not to fail, so any false-alarm rate derived from these sites is a lower bound on the true rate"
ctl-47840-3,47840,2020-07-28,29.07793,81.36806,4.66,3.85,"absence of a record is not evidence of stability: a control is a slope with no recorded failure, not a slope proven not to fail, so any false-alarm rate derived from these sites is a lower bound on the true rate"
ctl-47852-1,47852,2020-07-29,28.61543,81.40787,2.55,2.55,"absence of a record is not evidence of stability: a control is a slope with no recorded failure, not a slope proven not to fail, so any false-alarm rate derived from these sites is a lower bound on the true rate"
ctl-47852-2,47852,2020-07-29,28.59563,81.2737,11.63,11.63,"absence of a record is not evidence of stability: a control is a slope with no recorded failure, not a slope proven not to fail, so any false-alarm rate derived from these sites is a lower bound on the true rate"
ctl-47852-3,47852,2020-07-29,28.58944,81.35612,5.31,5.31,"absence of a record is not evidence of stability: a control is a slope with no recorded failure, not a slope proven not to fail, so any false-alarm rate derived from these sites is a lower bound on the true rate"
ctl-47865-1,47865,2020-07-31,29.22123,81.91038,11.31,2.13,"absence of a record is not evidence of stability: a control is a slope with no recorded failure, not a slope proven not to fail, so any false-alarm rate derived from these sites is a lower bound on the true rate"
ctl-47865-2,47865,2020-07-31,29.27037,81.75075,5.14,5.14,"absence of a record is not evidence of stability: a control is a slope with no recorded failure, not a slope proven not to fail, so any false-alarm rate derived from these sites is a lower bound on the true rate"
ctl-47865-3,47865,2020-07-31,29.21543,81.71214,9.94,3.2,"absence of a record is not evidence of stability: a control is a slope with no recorded failure, not a slope proven not to fail, so any false-alarm rate derived from these sites is a lower bound on the true rate"
ctl-47869-1,47869,2020-07-31,28.00507,83.31259,10.11,2.69,"absence of a record is not evidence of stability: a control is a slope with no recorded failure, not a slope proven not to fail, so any false-alarm rate derived from these sites is a lower bound on the true rate"
ctl-47869-2,47869,2020-07-31,27.93582,83.40095,8.53,2.32,"absence of a record is not evidence of stability: a control is a slope with no recorded failure, not a slope proven not to fail, so any false-alarm rate derived from these sites is a lower bound on the true rate"
ctl-47869-3,47869,2020-07-31,27.94693,83.45347,8.1,2.6,"absence of a record is not evidence of stability: a control is a slope with no recorded failure, not a slope proven not to fail, so any false-alarm rate derived from these sites is a lower bound on the true rate"
ctl-47871-1,47871,2020-07-31,28.6771,82.14624,4.97,2.34,"absence of a record is not evidence of stability: a control is a slope with no recorded failure, not a slope proven not to fail, so any false-alarm rate derived from these sites is a lower bound on the true rate"
ctl-47871-2,47871,2020-07-31,28.71216,82.13726,2.98,2.98,"absence of a record is not evidence of stability: a control is a slope with no recorded failure, not a slope proven not to fail, so any false-alarm rate derived from these sites is a lower bound on the true rate"
ctl-47871-3,47871,2020-07-31,28.60394,82.11756,11.41,4.02,"absence of a record is not evidence of stability: a control is a slope with no recorded failure, not a slope proven not to fail, so any false-alarm rate derived from these sites is a lower bound on the true rate"
ctl-47893-1,47893,2020-08-03,27.99309,85.64013,3.49,3.49,"absence of a record is not evidence of stability: a control is a slope with no recorded failure, not a slope proven not to fail, so any false-alarm rate derived from these sites is a lower bound on the true rate"
ctl-47893-2,47893,2020-08-03,27.98202,85.59752,1.85,1.85,"absence of a record is not evidence of stability: a control is a slope with no recorded failure, not a slope proven not to fail, so any false-alarm rate derived from these sites is a lower bound on the true rate"
ctl-47893-3,47893,2020-08-03,27.97521,85.59181,2.11,2.11,"absence of a record is not evidence of stability: a control is a slope with no recorded failure, not a slope proven not to fail, so any false-alarm rate derived from these sites is a lower bound on the true rate"
ctl-47901-1,47901,2020-08-03,27.87212,85.89324,10.17,4.03,"absence of a record is not evidence of stability: a control is a slope with no recorded failure, not a slope proven not to fail, so any false-alarm rate derived from these sites is a lower bound on the true rate"
ctl-47901-2,47901,2020-08-03,27.79739,85.97458,1.41,1.41,"absence of a record is not evidence of stability: a control is a slope with no recorded failure, not a slope proven not to fail, so any false-alarm rate derived from these sites is a lower bound on the true rate"
ctl-47901-3,47901,2020-08-03,27.86156,86.03253,9.42,5.45,"absence of a record is not evidence of stability: a control is a slope with no recorded failure, not a slope proven not to fail, so any false-alarm rate derived from these sites is a lower bound on the true rate"
ctl-47925-1,47925,2020-08-06,27.86976,85.098,5.14,3.76,"absence of a record is not evidence of stability: a control is a slope with no recorded failure, not a slope proven not to fail, so any false-alarm rate derived from these sites is a lower bound on the true rate"
ctl-47925-2,47925,2020-08-06,27.8576,84.95132,10.13,2.18,"absence of a record is not evidence of stability: a control is a slope with no recorded failure, not a slope proven not to fail, so any false-alarm rate derived from these sites is a lower bound on the true rate"
ctl-47925-3,47925,2020-08-06,27.89056,85.14022,9.89,2.11,"absence of a record is not evidence of stability: a control is a slope with no recorded failure, not a slope proven not to fail, so any false-alarm rate derived from these sites is a lower bound on the true rate"
ctl-47949-1,47949,2020-08-08,27.08698,86.52647,5.81,5.81,"absence of a record is not evidence of stability: a control is a slope with no recorded failure, not a slope proven not to fail, so any false-alarm rate derived from these sites is a lower bound on the true rate"
ctl-47949-2,47949,2020-08-08,27.13716,86.58022,8.43,3.9,"absence of a record is not evidence of stability: a control is a slope with no recorded failure, not a slope proven not to fail, so any false-alarm rate derived from these sites is a lower bound on the true rate"
ctl-47949-3,47949,2020-08-08,27.11972,86.55328,5.88,5.04,"absence of a record is not evidence of stability: a control is a slope with no recorded failure, not a slope proven not to fail, so any false-alarm rate derived from these sites is a lower bound on the true rate"
ctl-47950-1,47950,2020-08-08,26.88467,87.28768,9.22,4.91,"absence of a record is not evidence of stability: a control is a slope with no recorded failure, not a slope proven not to fail, so any false-alarm rate derived from these sites is a lower bound on the true rate"
ctl-47950-2,47950,2020-08-08,26.94084,87.32283,6.87,2.2,"absence of a record is not evidence of stability: a control is a slope with no recorded failure, not a slope proven not to fail, so any false-alarm rate derived from these sites is a lower bound on the true rate"
ctl-47950-3,47950,2020-08-08,26.87617,87.27762,9.88,4.31,"absence of a record is not evidence of stability: a control is a slope with no recorded failure, not a slope proven not to fail, so any false-alarm rate derived from these sites is a lower bound on the true rate"
ctl-48053-1,48053,2020-08-19,28.96611,81.63953,10.18,5.55,"absence of a record is not evidence of stability: a control is a slope with no recorded failure, not a slope proven not to fail, so any false-alarm rate derived from these sites is a lower bound on the true rate"
ctl-48053-2,48053,2020-08-19,29.12992,81.55083,11.41,1.95,"absence of a record is not evidence of stability: a control is a slope with no recorded failure, not a slope proven not to fail, so any false-alarm rate derived from these sites is a lower bound on the true rate"
ctl-48053-3,48053,2020-08-19,29.01701,81.62349,6.07,2.97,"absence of a record is not evidence of stability: a control is a slope with no recorded failure, not a slope proven not to fail, so any false-alarm rate derived from these sites is a lower bound on the true rate"
ctl-48057-1,48057,2020-08-19,29.52595,80.84183,5.19,2.52,"absence of a record is not evidence of stability: a control is a slope with no recorded failure, not a slope proven not to fail, so any false-alarm rate derived from these sites is a lower bound on the true rate"
ctl-48057-2,48057,2020-08-19,29.61459,80.74139,11.61,6.21,"absence of a record is not evidence of stability: a control is a slope with no recorded failure, not a slope proven not to fail, so any false-alarm rate derived from these sites is a lower bound on the true rate"
ctl-48057-3,48057,2020-08-19,29.62885,80.9285,9.8,5.83,"absence of a record is not evidence of stability: a control is a slope with no recorded failure, not a slope proven not to fail, so any false-alarm rate derived from these sites is a lower bound on the true rate"
ctl-48072-1,48072,2020-08-19,29.51508,80.54269,3.75,3.35,"absence of a record is not evidence of stability: a control is a slope with no recorded failure, not a slope proven not to fail, so any false-alarm rate derived from these sites is a lower bound on the true rate"
ctl-48072-2,48072,2020-08-19,29.44655,80.53588,10.6,2.36,"absence of a record is not evidence of stability: a control is a slope with no recorded failure, not a slope proven not to fail, so any false-alarm rate derived from these sites is a lower bound on the true rate"
ctl-48072-3,48072,2020-08-19,29.5472,80.5546,2.13,2.13,"absence of a record is not evidence of stability: a control is a slope with no recorded failure, not a slope proven not to fail, so any false-alarm rate derived from these sites is a lower bound on the true rate"
ctl-48075-1,48075,2020-08-19,28.36077,82.28264,10.35,6.33,"absence of a record is not evidence of stability: a control is a slope with no recorded failure, not a slope proven not to fail, so any false-alarm rate derived from these sites is a lower bound on the true rate"
ctl-48075-2,48075,2020-08-19,28.36907,82.27433,9.38,6.74,"absence of a record is not evidence of stability: a control is a slope with no recorded failure, not a slope proven not to fail, so any false-alarm rate derived from these sites is a lower bound on the true rate"
ctl-48075-3,48075,2020-08-19,28.44029,82.2688,10.94,6.35,"absence of a record is not evidence of stability: a control is a slope with no recorded failure, not a slope proven not to fail, so any false-alarm rate derived from these sites is a lower bound on the true rate"
ctl-48088-1,48088,2020-08-20,28.6338,82.48425,5.81,2.45,"absence of a record is not evidence of stability: a control is a slope with no recorded failure, not a slope proven not to fail, so any false-alarm rate derived from these sites is a lower bound on the true rate"
ctl-48088-2,48088,2020-08-20,28.55504,82.51453,3.44,1.35,"absence of a record is not evidence of stability: a control is a slope with no recorded failure, not a slope proven not to fail, so any false-alarm rate derived from these sites is a lower bound on the true rate"
ctl-48088-3,48088,2020-08-20,28.62744,82.51216,4.84,1.8,"absence of a record is not evidence of stability: a control is a slope with no recorded failure, not a slope proven not to fail, so any false-alarm rate derived from these sites is a lower bound on the true rate"
ctl-48099-1,48099,2020-08-20,28.39024,82.54784,1.58,1.58,"absence of a record is not evidence of stability: a control is a slope with no recorded failure, not a slope proven not to fail, so any false-alarm rate derived from these sites is a lower bound on the true rate"
ctl-48099-2,48099,2020-08-20,28.44979,82.55726,5.12,1.47,"absence of a record is not evidence of stability: a control is a slope with no recorded failure, not a slope proven not to fail, so any false-alarm rate derived from these sites is a lower bound on the true rate"
ctl-48099-3,48099,2020-08-20,28.45814,82.45081,11.22,3.91,"absence of a record is not evidence of stability: a control is a slope with no recorded failure, not a slope proven not to fail, so any false-alarm rate derived from these sites is a lower bound on the true rate"
ctl-48114-1,48114,2020-08-19,29.27892,81.44757,8.14,8.14,"absence of a record is not evidence of stability: a control is a slope with no recorded failure, not a slope proven not to fail, so any false-alarm rate derived from these sites is a lower bound on the true rate"
ctl-48114-2,48114,2020-08-19,29.25491,81.55385,2.51,2.51,"absence of a record is not evidence of stability: a control is a slope with no recorded failure, not a slope proven not to fail, so any false-alarm rate derived from these sites is a lower bound on the true rate"
ctl-48114-3,48114,2020-08-19,29.22986,81.43031,10.12,8.28,"absence of a record is not evidence of stability: a control is a slope with no recorded failure, not a slope proven not to fail, so any false-alarm rate derived from these sites is a lower bound on the true rate"
ctl-48364-1,48364,2020-09-23,27.1837,87.35484,2.52,2.52,"absence of a record is not evidence of stability: a control is a slope with no recorded failure, not a slope proven not to fail, so any false-alarm rate derived from these sites is a lower bound on the true rate"
ctl-48364-2,48364,2020-09-23,27.24324,87.38135,5.93,4.64,"absence of a record is not evidence of stability: a control is a slope with no recorded failure, not a slope proven not to fail, so any false-alarm rate derived from these sites is a lower bound on the true rate"
ctl-48364-3,48364,2020-09-23,27.18933,87.39826,1.87,1.87,"absence of a record is not evidence of stability: a control is a slope with no recorded failure, not a slope proven not to fail, so any false-alarm rate derived from these sites is a lower bound on the true rate"
ctl-48380-1,48380,2020-09-23,28.21199,83.5097,8.99,1.64,"absence of a record is not evidence of stability: a control is a slope with no recorded failure, not a slope proven not to fail, so any false-alarm rate derived from these sites is a lower bound on the true rate"
ctl-48380-2,48380,2020-09-23,28.28687,83.54767,2.22,1.26,"absence of a record is not evidence of stability: a control is a slope with no recorded failure, not a slope proven not to fail, so any false-alarm rate derived from these sites is a lower bound on the true rate"
ctl-48380-3,48380,2020-09-23,28.32862,83.53864,4.31,1.84,"absence of a record is not evidence of stability: a control is a slope with no recorded failure, not a slope proven not to fail, so any false-alarm rate derived from these sites is a lower bound on the true rate"
ctl-48384-1,48384,2020-09-24,28.2231,84.4769,5.61,4.29,"absence of a record is not evidence of stability: a control is a slope with no recorded failure, not a slope proven not to fail, so any false-alarm rate derived from these sites is a lower bound on the true rate"
ctl-48384-2,48384,2020-09-24,28.2509,84.57144,6.02,5.51,"absence of a record is not evidence of stability: a control is a slope with no recorded failure, not a slope proven not to fail, so any false-alarm rate derived from these sites is a lower bound on the true rate"
ctl-48384-3,48384,2020-09-24,28.12856,84.46823,10.95,2.13,"absence of a record is not evidence of stability: a control is a slope with no recorded failure, not a slope proven not to fail, so any false-alarm rate derived from these sites is a lower bound on the true rate"
ctl-48405-1,48405,2020-09-24,27.77048,83.66743,1.18,1.18,"absence of a record is not evidence of stability: a control is a slope with no recorded failure, not a slope proven not to fail, so any false-alarm rate derived from these sites is a lower bound on the true rate"
ctl-48405-2,48405,2020-09-24,27.80143,83.69776,3.66,3.58,"absence of a record is not evidence of stability: a control is a slope with no recorded failure, not a slope proven not to fail, so any false-alarm rate derived from these sites is a lower bound on the true rate"
ctl-48405-3,48405,2020-09-24,27.74245,83.63022,5.72,5.72,"absence of a record is not evidence of stability: a control is a slope with no recorded failure, not a slope proven not to fail, so any false-alarm rate derived from these sites is a lower bound on the true rate"
ctl-48406-1,48406,2020-09-24,28.11587,82.90888,3.64,1.12,"absence of a record is not evidence of stability: a control is a slope with no recorded failure, not a slope proven not to fail, so any false-alarm rate derived from these sites is a lower bound on the true rate"
ctl-48406-2,48406,2020-09-24,28.20832,82.93366,8.3,3.54,"absence of a record is not evidence of stability: a control is a slope with no recorded failure, not a slope proven not to fail, so any false-alarm rate derived from these sites is a lower bound on the true rate"
ctl-48406-3,48406,2020-09-24,28.24015,82.93955,11.71,4.93,"absence of a record is not evidence of stability: a control is a slope with no recorded failure, not a slope proven not to fail, so any false-alarm rate derived from these sites is a lower bound on the true rate"
ctl-55513-1,55513,2021-06-13,28.01681,83.89037,6.78,1.73,"absence of a record is not evidence of stability: a control is a slope with no recorded failure, not a slope proven not to fail, so any false-alarm rate derived from these sites is a lower bound on the true rate"
ctl-55513-2,55513,2021-06-13,27.97718,83.85321,11.86,5.64,"absence of a record is not evidence of stability: a control is a slope with no recorded failure, not a slope proven not to fail, so any false-alarm rate derived from these sites is a lower bound on the true rate"
ctl-55513-3,55513,2021-06-13,28.149,83.88388,7.98,4.41,"absence of a record is not evidence of stability: a control is a slope with no recorded failure, not a slope proven not to fail, so any false-alarm rate derived from these sites is a lower bound on the true rate"
ctl-55541-1,55541,2021-06-15,27.7261,83.52959,3.79,2.68,"absence of a record is not evidence of stability: a control is a slope with no recorded failure, not a slope proven not to fail, so any false-alarm rate derived from these sites is a lower bound on the true rate"
ctl-55541-2,55541,2021-06-15,27.64347,83.60691,9.66,9.66,"absence of a record is not evidence of stability: a control is a slope with no recorded failure, not a slope proven not to fail, so any false-alarm rate derived from these sites is a lower bound on the true rate"
ctl-55541-3,55541,2021-06-15,27.63586,83.45934,9.05,5.07,"absence of a record is not evidence of stability: a control is a slope with no recorded failure, not a slope proven not to fail, so any false-alarm rate derived from these sites is a lower bound on the true rate"
ctl-55543-1,55543,2021-06-15,28.08997,83.38465,9.48,1.94,"absence of a record is not evidence of stability: a control is a slope with no recorded failure, not a slope proven not to fail, so any false-alarm rate derived from these sites is a lower bound on the true rate"
ctl-55543-2,55543,2021-06-15,28.13812,83.49388,4.65,1.25,"absence of a record is not evidence of stability: a control is a slope with no recorded failure, not a slope proven not to fail, so any false-alarm rate derived from these sites is a lower bound on the true rate"
ctl-55543-3,55543,2021-06-15,28.12234,83.4151,7.0,2.04,"absence of a record is not evidence of stability: a control is a slope with no recorded failure, not a slope proven not to fail, so any false-alarm rate derived from these sites is a lower bound on the true rate"
ctl-55544-1,55544,2021-06-15,27.97334,83.3025,2.92,1.2,"absence of a record is not evidence of stability: a control is a slope with no recorded failure, not a slope proven not to fail, so any false-alarm rate derived from these sites is a lower bound on the true rate"
ctl-55544-2,55544,2021-06-15,27.95008,83.27323,6.1,4.55,"absence of a record is not evidence of stability: a control is a slope with no recorded failure, not a slope proven not to fail, so any false-alarm rate derived from these sites is a lower bound on the true rate"
ctl-55544-3,55544,2021-06-15,27.99546,83.25687,7.94,4.25,"absence of a record is not evidence of stability: a control is a slope with no recorded failure, not a slope proven not to fail, so any false-alarm rate derived from these sites is a lower bound on the true rate"
ctl-55546-1,55546,2021-06-15,27.82693,83.65539,1.69,1.69,"absence of a record is not evidence of stability: a control is a slope with no recorded failure, not a slope proven not to fail, so any false-alarm rate derived from these sites is a lower bound on the true rate"
ctl-55546-2,55546,2021-06-15,27.80983,83.7314,6.03,5.71,"absence of a record is not evidence of stability: a control is a slope with no recorded failure, not a slope proven not to fail, so any false-alarm rate derived from these sites is a lower bound on the true rate"
ctl-55546-3,55546,2021-06-15,27.8286,83.68667,1.48,1.48,"absence of a record is not evidence of stability: a control is a slope with no recorded failure, not a slope proven not to fail, so any false-alarm rate derived from these sites is a lower bound on the true rate"
ctl-55575-1,55575,2021-06-15,28.09778,83.01384,1.46,1.46,"absence of a record is not evidence of stability: a control is a slope with no recorded failure, not a slope proven not to fail, so any false-alarm rate derived from these sites is a lower bound on the true rate"
ctl-55575-2,55575,2021-06-15,28.14556,83.01525,6.66,5.9,"absence of a record is not evidence of stability: a control is a slope with no recorded failure, not a slope proven not to fail, so any false-alarm rate derived from these sites is a lower bound on the true rate"
ctl-55575-3,55575,2021-06-15,28.08449,83.09088,6.97,1.52,"absence of a record is not evidence of stability: a control is a slope with no recorded failure, not a slope proven not to fail, so any false-alarm rate derived from these sites is a lower bound on the true rate"
ctl-55577-1,55577,2021-06-15,27.91283,83.49475,9.27,2.64,"absence of a record is not evidence of stability: a control is a slope with no recorded failure, not a slope proven not to fail, so any false-alarm rate derived from these sites is a lower bound on the true rate"
ctl-55577-2,55577,2021-06-15,27.89118,83.35763,4.92,4.92,"absence of a record is not evidence of stability: a control is a slope with no recorded failure, not a slope proven not to fail, so any false-alarm rate derived from these sites is a lower bound on the true rate"
ctl-55577-3,55577,2021-06-15,27.83612,83.49985,10.51,2.67,"absence of a record is not evidence of stability: a control is a slope with no recorded failure, not a slope proven not to fail, so any false-alarm rate derived from these sites is a lower bound on the true rate"
ctl-55585-1,55585,2021-06-16,28.27974,83.45012,10.77,2.8,"absence of a record is not evidence of stability: a control is a slope with no recorded failure, not a slope proven not to fail, so any false-alarm rate derived from these sites is a lower bound on the true rate"
ctl-55585-2,55585,2021-06-16,28.2101,83.6323,10.83,1.97,"absence of a record is not evidence of stability: a control is a slope with no recorded failure, not a slope proven not to fail, so any false-alarm rate derived from these sites is a lower bound on the true rate"
ctl-55585-3,55585,2021-06-16,28.3355,83.5298,6.47,1.65,"absence of a record is not evidence of stability: a control is a slope with no recorded failure, not a slope proven not to fail, so any false-alarm rate derived from these sites is a lower bound on the true rate"
ctl-55593-1,55593,2021-06-16,29.2112,80.93042,6.7,3.67,"absence of a record is not evidence of stability: a control is a slope with no recorded failure, not a slope proven not to fail, so any false-alarm rate derived from these sites is a lower bound on the true rate"
ctl-55593-2,55593,2021-06-16,29.26324,81.04001,8.99,2.02,"absence of a record is not evidence of stability: a control is a slope with no recorded failure, not a slope proven not to fail, so any false-alarm rate derived from these sites is a lower bound on the true rate"
ctl-55593-3,55593,2021-06-16,29.22223,80.92544,7.62,2.78,"absence of a record is not evidence of stability: a control is a slope with no recorded failure, not a slope proven not to fail, so any false-alarm rate derived from these sites is a lower bound on the true rate"
ctl-55598-1,55598,2021-06-16,29.36911,82.5293,6.99,6.99,"absence of a record is not evidence of stability: a control is a slope with no recorded failure, not a slope proven not to fail, so any false-alarm rate derived from these sites is a lower bound on the true rate"
ctl-55598-2,55598,2021-06-16,29.38735,82.4478,1.88,1.88,"absence of a record is not evidence of stability: a control is a slope with no recorded failure, not a slope proven not to fail, so any false-alarm rate derived from these sites is a lower bound on the true rate"
ctl-55598-3,55598,2021-06-16,29.36494,82.43714,4.37,4.37,"absence of a record is not evidence of stability: a control is a slope with no recorded failure, not a slope proven not to fail, so any false-alarm rate derived from these sites is a lower bound on the true rate"
ctl-55601-1,55601,2021-06-16,28.07538,83.47702,4.86,2.53,"absence of a record is not evidence of stability: a control is a slope with no recorded failure, not a slope proven not to fail, so any false-alarm rate derived from these sites is a lower bound on the true rate"
ctl-55601-2,55601,2021-06-16,27.97616,83.54999,10.56,1.95,"absence of a record is not evidence of stability: a control is a slope with no recorded failure, not a slope proven not to fail, so any false-alarm rate derived from these sites is a lower bound on the true rate"
ctl-55601-3,55601,2021-06-16,28.13341,83.42544,11.77,2.31,"absence of a record is not evidence of stability: a control is a slope with no recorded failure, not a slope proven not to fail, so any false-alarm rate derived from these sites is a lower bound on the true rate"
ctl-55613-1,55613,2021-06-16,28.01331,83.53967,1.82,1.82,"absence of a record is not evidence of stability: a control is a slope with no recorded failure, not a slope proven not to fail, so any false-alarm rate derived from these sites is a lower bound on the true rate"
ctl-55613-2,55613,2021-06-16,28.03812,83.50555,4.99,2.73,"absence of a record is not evidence of stability: a control is a slope with no recorded failure, not a slope proven not to fail, so any false-alarm rate derived from these sites is a lower bound on the true rate"
ctl-55613-3,55613,2021-06-16,28.09675,83.5286,8.46,4.21,"absence of a record is not evidence of stability: a control is a slope with no recorded failure, not a slope proven not to fail, so any false-alarm rate derived from these sites is a lower bound on the true rate"
ctl-55615-1,55615,2021-06-16,28.32086,83.34103,2.57,2.57,"absence of a record is not evidence of stability: a control is a slope with no recorded failure, not a slope proven not to fail, so any false-alarm rate derived from these sites is a lower bound on the true rate"
ctl-55615-2,55615,2021-06-16,28.42301,83.37868,9.58,3.58,"absence of a record is not evidence of stability: a control is a slope with no recorded failure, not a slope proven not to fail, so any false-alarm rate derived from these sites is a lower bound on the true rate"
ctl-55615-3,55615,2021-06-16,28.34165,83.33997,1.74,1.74,"absence of a record is not evidence of stability: a control is a slope with no recorded failure, not a slope proven not to fail, so any false-alarm rate derived from these sites is a lower bound on the true rate"
ctl-55627-1,55627,2021-06-18,29.88339,80.62045,5.02,1.73,"absence of a record is not evidence of stability: a control is a slope with no recorded failure, not a slope proven not to fail, so any false-alarm rate derived from these sites is a lower bound on the true rate"
ctl-55627-2,55627,2021-06-18,29.86552,80.53943,7.23,3.08,"absence of a record is not evidence of stability: a control is a slope with no recorded failure, not a slope proven not to fail, so any false-alarm rate derived from these sites is a lower bound on the true rate"
ctl-55627-3,55627,2021-06-18,29.98906,80.55771,8.46,6.88,"absence of a record is not evidence of stability: a control is a slope with no recorded failure, not a slope proven not to fail, so any false-alarm rate derived from these sites is a lower bound on the true rate"
ctl-55765-1,55765,2021-07-01,27.92552,84.3349,5.09,1.1,"absence of a record is not evidence of stability: a control is a slope with no recorded failure, not a slope proven not to fail, so any false-alarm rate derived from these sites is a lower bound on the true rate"
ctl-55765-2,55765,2021-07-01,27.85719,84.37282,7.31,3.31,"absence of a record is not evidence of stability: a control is a slope with no recorded failure, not a slope proven not to fail, so any false-alarm rate derived from these sites is a lower bound on the true rate"
ctl-55765-3,55765,2021-07-01,27.89325,84.34235,5.37,2.6,"absence of a record is not evidence of stability: a control is a slope with no recorded failure, not a slope proven not to fail, so any false-alarm rate derived from these sites is a lower bound on the true rate"
ctl-55778-1,55778,2021-07-01,27.08029,85.88513,9.08,6.43,"absence of a record is not evidence of stability: a control is a slope with no recorded failure, not a slope proven not to fail, so any false-alarm rate derived from these sites is a lower bound on the true rate"
ctl-55778-2,55778,2021-07-01,27.11825,85.86452,5.25,5.25,"absence of a record is not evidence of stability: a control is a slope with no recorded failure, not a slope proven not to fail, so any false-alarm rate derived from these sites is a lower bound on the true rate"
ctl-55778-3,55778,2021-07-01,27.15972,85.92367,3.88,3.27,"absence of a record is not evidence of stability: a control is a slope with no recorded failure, not a slope proven not to fail, so any false-alarm rate derived from these sites is a lower bound on the true rate"
ctl-55785-1,55785,2021-07-01,28.02462,84.04667,4.14,2.71,"absence of a record is not evidence of stability: a control is a slope with no recorded failure, not a slope proven not to fail, so any false-alarm rate derived from these sites is a lower bound on the true rate"
ctl-55785-2,55785,2021-07-01,28.03369,84.11315,6.4,1.33,"absence of a record is not evidence of stability: a control is a slope with no recorded failure, not a slope proven not to fail, so any false-alarm rate derived from these sites is a lower bound on the true rate"
ctl-55785-3,55785,2021-07-01,27.90337,84.09912,10.37,6.44,"absence of a record is not evidence of stability: a control is a slope with no recorded failure, not a slope proven not to fail, so any false-alarm rate derived from these sites is a lower bound on the true rate"
ctl-55786-1,55786,2021-07-01,27.89961,84.14645,10.87,4.54,"absence of a record is not evidence of stability: a control is a slope with no recorded failure, not a slope proven not to fail, so any false-alarm rate derived from these sites is a lower bound on the true rate"
ctl-55786-2,55786,2021-07-01,27.98432,84.09081,1.96,1.96,"absence of a record is not evidence of stability: a control is a slope with no recorded failure, not a slope proven not to fail, so any false-alarm rate derived from these sites is a lower bound on the true rate"
ctl-55786-3,55786,2021-07-01,27.95246,84.20394,10.29,3.26,"absence of a record is not evidence of stability: a control is a slope with no recorded failure, not a slope proven not to fail, so any false-alarm rate derived from these sites is a lower bound on the true rate"
ctl-55789-1,55789,2021-07-01,28.11811,84.49588,4.82,4.13,"absence of a record is not evidence of stability: a control is a slope with no recorded failure, not a slope proven not to fail, so any false-alarm rate derived from these sites is a lower bound on the true rate"
ctl-55789-2,55789,2021-07-01,28.05622,84.37389,10.35,3.56,"absence of a record is not evidence of stability: a control is a slope with no recorded failure, not a slope proven not to fail, so any false-alarm rate derived from these sites is a lower bound on the true rate"
ctl-55789-3,55789,2021-07-01,28.0131,84.38959,11.19,4.94,"absence of a record is not evidence of stability: a control is a slope with no recorded failure, not a slope proven not to fail, so any false-alarm rate derived from these sites is a lower bound on the true rate"
ctl-55790-1,55790,2021-07-01,28.01519,84.23729,9.72,3.41,"absence of a record is not evidence of stability: a control is a slope with no recorded failure, not a slope proven not to fail, so any false-alarm rate derived from these sites is a lower bound on the true rate"
ctl-55790-2,55790,2021-07-01,28.10883,84.2654,2.33,2.33,"absence of a record is not evidence of stability: a control is a slope with no recorded failure, not a slope proven not to fail, so any false-alarm rate derived from these sites is a lower bound on the true rate"
ctl-55790-3,55790,2021-07-01,28.10817,84.21782,2.52,2.52,"absence of a record is not evidence of stability: a control is a slope with no recorded failure, not a slope proven not to fail, so any false-alarm rate derived from these sites is a lower bound on the true rate"
ctl-55791-1,55791,2021-07-01,27.66484,84.73364,1.29,1.29,"absence of a record is not evidence of stability: a control is a slope with no recorded failure, not a slope proven not to fail, so any false-alarm rate derived from these sites is a lower bound on the true rate"
ctl-55791-2,55791,2021-07-01,27.69079,84.68957,5.05,2.84,"absence of a record is not evidence of stability: a control is a slope with no recorded failure, not a slope proven not to fail, so any false-alarm rate derived from these sites is a lower bound on the true rate"
ctl-55791-3,55791,2021-07-01,27.62734,84.69162,7.06,7.06,"absence of a record is not evidence of stability: a control is a slope with no recorded failure, not a slope proven not to fail, so any false-alarm rate derived from these sites is a lower bound on the true rate"
ctl-55793-1,55793,2021-07-01,27.68673,84.67925,1.95,1.95,"absence of a record is not evidence of stability: a control is a slope with no recorded failure, not a slope proven not to fail, so any false-alarm rate derived from these sites is a lower bound on the true rate"
ctl-55793-2,55793,2021-07-01,27.67216,84.54146,11.98,11.98,"absence of a record is not evidence of stability: a control is a slope with no recorded failure, not a slope proven not to fail, so any false-alarm rate derived from these sites is a lower bound on the true rate"
ctl-55793-3,55793,2021-07-01,27.70042,84.59253,6.77,6.77,"absence of a record is not evidence of stability: a control is a slope with no recorded failure, not a slope proven not to fail, so any false-alarm rate derived from these sites is a lower bound on the true rate"
ctl-55800-1,55800,2021-07-01,28.02073,84.00944,5.94,5.94,"absence of a record is not evidence of stability: a control is a slope with no recorded failure, not a slope proven not to fail, so any false-alarm rate derived from these sites is a lower bound on the true rate"
ctl-55800-2,55800,2021-07-01,28.07443,84.03043,4.78,1.56,"absence of a record is not evidence of stability: a control is a slope with no recorded failure, not a slope proven not to fail, so any false-alarm rate derived from these sites is a lower bound on the true rate"
ctl-55800-3,55800,2021-07-01,27.98849,83.98918,9.57,2.38,"absence of a record is not evidence of stability: a control is a slope with no recorded failure, not a slope proven not to fail, so any false-alarm rate derived from these sites is a lower bound on the true rate"
ctl-55802-1,55802,2021-07-02,28.06566,84.46443,1.61,1.57,"absence of a record is not evidence of stability: a control is a slope with no recorded failure, not a slope proven not to fail, so any false-alarm rate derived from these sites is a lower bound on the true rate"
ctl-55802-2,55802,2021-07-02,28.06769,84.47639,2.68,1.18,"absence of a record is not evidence of stability: a control is a slope with no recorded failure, not a slope proven not to fail, so any false-alarm rate derived from these sites is a lower bound on the true rate"
ctl-55802-3,55802,2021-07-02,28.04505,84.40811,4.54,4.54,"absence of a record is not evidence of stability: a control is a slope with no recorded failure, not a slope proven not to fail, so any false-alarm rate derived from these sites is a lower bound on the true rate"
ctl-55804-1,55804,2021-07-01,28.08727,84.52337,4.8,4.62,"absence of a record is not evidence of stability: a control is a slope with no recorded failure, not a slope proven not to fail, so any false-alarm rate derived from these sites is a lower bound on the true rate"
ctl-55804-2,55804,2021-07-01,28.10227,84.45019,10.83,1.36,"absence of a record is not evidence of stability: a control is a slope with no recorded failure, not a slope proven not to fail, so any false-alarm rate derived from these sites is a lower bound on the true rate"
ctl-55804-3,55804,2021-07-01,28.02473,84.51243,3.75,1.4,"absence of a record is not evidence of stability: a control is a slope with no recorded failure, not a slope proven not to fail, so any false-alarm rate derived from these sites is a lower bound on the true rate"
ctl-55846-1,55846,2021-07-02,28.13183,84.69022,7.05,2.67,"absence of a record is not evidence of stability: a control is a slope with no recorded failure, not a slope proven not to fail, so any false-alarm rate derived from these sites is a lower bound on the true rate"
ctl-55846-2,55846,2021-07-02,28.04899,84.63013,4.33,1.37,"absence of a record is not evidence of stability: a control is a slope with no recorded failure, not a slope proven not to fail, so any false-alarm rate derived from these sites is a lower bound on the true rate"
ctl-55846-3,55846,2021-07-02,28.11573,84.69731,6.52,4.16,"absence of a record is not evidence of stability: a control is a slope with no recorded failure, not a slope proven not to fail, so any false-alarm rate derived from these sites is a lower bound on the true rate"
ctl-55849-1,55849,2021-07-02,27.77402,85.43283,11.34,2.41,"absence of a record is not evidence of stability: a control is a slope with no recorded failure, not a slope proven not to fail, so any false-alarm rate derived from these sites is a lower bound on the true rate"
ctl-55849-2,55849,2021-07-02,27.70266,85.25558,8.24,1.01,"absence of a record is not evidence of stability: a control is a slope with no recorded failure, not a slope proven not to fail, so any false-alarm rate derived from these sites is a lower bound on the true rate"
ctl-55849-3,55849,2021-07-02,27.75402,85.27291,7.65,1.4,"absence of a record is not evidence of stability: a control is a slope with no recorded failure, not a slope proven not to fail, so any false-alarm rate derived from these sites is a lower bound on the true rate"
ctl-55850-1,55850,2021-07-02,27.67543,84.72093,7.19,1.68,"absence of a record is not evidence of stability: a control is a slope with no recorded failure, not a slope proven not to fail, so any false-alarm rate derived from these sites is a lower bound on the true rate"
ctl-55850-2,55850,2021-07-02,27.65729,84.78969,1.31,1.31,"absence of a record is not evidence of stability: a control is a slope with no recorded failure, not a slope proven not to fail, so any false-alarm rate derived from these sites is a lower bound on the true rate"
ctl-55850-3,55850,2021-07-02,27.58187,84.74804,8.05,8.05,"absence of a record is not evidence of stability: a control is a slope with no recorded failure, not a slope proven not to fail, so any false-alarm rate derived from these sites is a lower bound on the true rate"
ctl-55892-1,55892,2021-07-04,27.28881,87.57071,8.15,3.55,"absence of a record is not evidence of stability: a control is a slope with no recorded failure, not a slope proven not to fail, so any false-alarm rate derived from these sites is a lower bound on the true rate"
ctl-55892-2,55892,2021-07-04,27.2488,87.60949,5.58,3.1,"absence of a record is not evidence of stability: a control is a slope with no recorded failure, not a slope proven not to fail, so any false-alarm rate derived from these sites is a lower bound on the true rate"
ctl-55892-3,55892,2021-07-04,27.24042,87.60581,6.47,2.75,"absence of a record is not evidence of stability: a control is a slope with no recorded failure, not a slope proven not to fail, so any false-alarm rate derived from these sites is a lower bound on the true rate"
ctl-55904-1,55904,2021-07-07,28.34085,83.43408,4.18,2.77,"absence of a record is not evidence of stability: a control is a slope with no recorded failure, not a slope proven not to fail, so any false-alarm rate derived from these sites is a lower bound on the true rate"
ctl-55904-2,55904,2021-07-07,28.32373,83.38493,6.3,2.47,"absence of a record is not evidence of stability: a control is a slope with no recorded failure, not a slope proven not to fail, so any false-alarm rate derived from these sites is a lower bound on the true rate"
ctl-55904-3,55904,2021-07-07,28.28212,83.52881,8.53,1.1,"absence of a record is not evidence of stability: a control is a slope with no recorded failure, not a slope proven not to fail, so any false-alarm rate derived from these sites is a lower bound on the true rate"
ctl-55933-1,55933,2021-07-08,27.94482,84.18974,1.8,1.8,"absence of a record is not evidence of stability: a control is a slope with no recorded failure, not a slope proven not to fail, so any false-alarm rate derived from these sites is a lower bound on the true rate"
ctl-55933-2,55933,2021-07-08,27.87759,84.18886,5.83,5.83,"absence of a record is not evidence of stability: a control is a slope with no recorded failure, not a slope proven not to fail, so any false-alarm rate derived from these sites is a lower bound on the true rate"
ctl-55933-3,55933,2021-07-08,27.90692,84.16251,3.24,3.24,"absence of a record is not evidence of stability: a control is a slope with no recorded failure, not a slope proven not to fail, so any false-alarm rate derived from these sites is a lower bound on the true rate"
ctl-55958-1,55958,2021-07-10,27.68053,86.1086,4.43,3.26,"absence of a record is not evidence of stability: a control is a slope with no recorded failure, not a slope proven not to fail, so any false-alarm rate derived from these sites is a lower bound on the true rate"
ctl-55958-2,55958,2021-07-10,27.74068,86.08208,9.06,3.14,"absence of a record is not evidence of stability: a control is a slope with no recorded failure, not a slope proven not to fail, so any false-alarm rate derived from these sites is a lower bound on the true rate"
ctl-55958-3,55958,2021-07-10,27.76016,86.23987,11.71,6.37,"absence of a record is not evidence of stability: a control is a slope with no recorded failure, not a slope proven not to fail, so any false-alarm rate derived from these sites is a lower bound on the true rate"
ctl-55959-1,55959,2021-07-10,27.89686,85.32688,4.51,2.76,"absence of a record is not evidence of stability: a control is a slope with no recorded failure, not a slope proven not to fail, so any false-alarm rate derived from these sites is a lower bound on the true rate"
ctl-55959-2,55959,2021-07-10,27.93184,85.33762,2.06,2.06,"absence of a record is not evidence of stability: a control is a slope with no recorded failure, not a slope proven not to fail, so any false-alarm rate derived from these sites is a lower bound on the true rate"
ctl-55959-3,55959,2021-07-10,27.95869,85.28888,3.73,2.66,"absence of a record is not evidence of stability: a control is a slope with no recorded failure, not a slope proven not to fail, so any false-alarm rate derived from these sites is a lower bound on the true rate"
ctl-55962-1,55962,2021-07-10,29.40193,81.42508,2.75,2.75,"absence of a record is not evidence of stability: a control is a slope with no recorded failure, not a slope proven not to fail, so any false-alarm rate derived from these sites is a lower bound on the true rate"
ctl-55962-2,55962,2021-07-10,29.38814,81.46998,7.35,6.05,"absence of a record is not evidence of stability: a control is a slope with no recorded failure, not a slope proven not to fail, so any false-alarm rate derived from these sites is a lower bound on the true rate"
ctl-55962-3,55962,2021-07-10,29.32912,81.40101,9.38,5.58,"absence of a record is not evidence of stability: a control is a slope with no recorded failure, not a slope proven not to fail, so any false-alarm rate derived from these sites is a lower bound on the true rate"
ctl-55972-1,55972,2021-07-10,27.60908,86.03898,6.65,3.79,"absence of a record is not evidence of stability: a control is a slope with no recorded failure, not a slope proven not to fail, so any false-alarm rate derived from these sites is a lower bound on the true rate"
ctl-55972-2,55972,2021-07-10,27.56659,86.0345,11.38,3.76,"absence of a record is not evidence of stability: a control is a slope with no recorded failure, not a slope proven not to fail, so any false-alarm rate derived from these sites is a lower bound on the true rate"
ctl-55972-3,55972,2021-07-10,27.71058,86.05391,4.88,1.32,"absence of a record is not evidence of stability: a control is a slope with no recorded failure, not a slope proven not to fail, so any false-alarm rate derived from these sites is a lower bound on the true rate"
ctl-56302-1,56302,2021-08-19,28.02578,85.20604,6.44,3.31,"absence of a record is not evidence of stability: a control is a slope with no recorded failure, not a slope proven not to fail, so any false-alarm rate derived from these sites is a lower bound on the true rate"
ctl-56302-2,56302,2021-08-19,27.91063,85.26552,8.19,1.62,"absence of a record is not evidence of stability: a control is a slope with no recorded failure, not a slope proven not to fail, so any false-alarm rate derived from these sites is a lower bound on the true rate"
ctl-56302-3,56302,2021-08-19,28.01856,85.19266,6.9,3.43,"absence of a record is not evidence of stability: a control is a slope with no recorded failure, not a slope proven not to fail, so any false-alarm rate derived from these sites is a lower bound on the true rate"
ctl-56310-1,56310,2021-08-19,27.83366,85.17492,8.99,2.79,"absence of a record is not evidence of stability: a control is a slope with no recorded failure, not a slope proven not to fail, so any false-alarm rate derived from these sites is a lower bound on the true rate"
ctl-56310-2,56310,2021-08-19,27.79001,85.29587,5.02,1.89,"absence of a record is not evidence of stability: a control is a slope with no recorded failure, not a slope proven not to fail, so any false-alarm rate derived from these sites is a lower bound on the true rate"
ctl-56310-3,56310,2021-08-19,27.84889,85.33548,7.26,1.39,"absence of a record is not evidence of stability: a control is a slope with no recorded failure, not a slope proven not to fail, so any false-alarm rate derived from these sites is a lower bound on the true rate"
ctl-56451-1,56451,2021-08-29,28.65804,81.53109,7.08,2.34,"absence of a record is not evidence of stability: a control is a slope with no recorded failure, not a slope proven not to fail, so any false-alarm rate derived from these sites is a lower bound on the true rate"
ctl-56451-2,56451,2021-08-29,28.60638,81.43206,6.54,5.09,"absence of a record is not evidence of stability: a control is a slope with no recorded failure, not a slope proven not to fail, so any false-alarm rate derived from these sites is a lower bound on the true rate"
ctl-56451-3,56451,2021-08-29,28.6376,81.49591,4.07,1.9,"absence of a record is not evidence of stability: a control is a slope with no recorded failure, not a slope proven not to fail, so any false-alarm rate derived from these sites is a lower bound on the true rate"
ctl-56492-1,56492,2021-08-29,29.79929,80.94083,8.47,8.47,"absence of a record is not evidence of stability: a control is a slope with no recorded failure, not a slope proven not to fail, so any false-alarm rate derived from these sites is a lower bound on the true rate"
ctl-56492-2,56492,2021-08-29,29.66056,80.95624,11.71,6.31,"absence of a record is not evidence of stability: a control is a slope with no recorded failure, not a slope proven not to fail, so any false-alarm rate derived from these sites is a lower bound on the true rate"
ctl-56492-3,56492,2021-08-29,29.69686,80.96665,9.73,7.79,"absence of a record is not evidence of stability: a control is a slope with no recorded failure, not a slope proven not to fail, so any false-alarm rate derived from these sites is a lower bound on the true rate"
ctl-56529-1,56529,2021-09-03,28.15349,83.34807,11.32,3.14,"absence of a record is not evidence of stability: a control is a slope with no recorded failure, not a slope proven not to fail, so any false-alarm rate derived from these sites is a lower bound on the true rate"
ctl-56529-2,56529,2021-09-03,28.12171,83.46157,3.19,2.87,"absence of a record is not evidence of stability: a control is a slope with no recorded failure, not a slope proven not to fail, so any false-alarm rate derived from these sites is a lower bound on the true rate"
ctl-56529-3,56529,2021-09-03,28.13909,83.48558,2.5,1.55,"absence of a record is not evidence of stability: a control is a slope with no recorded failure, not a slope proven not to fail, so any false-alarm rate derived from these sites is a lower bound on the true rate"
ctl-56803-1,56803,2021-10-19,29.16682,80.67034,6.2,4.78,"absence of a record is not evidence of stability: a control is a slope with no recorded failure, not a slope proven not to fail, so any false-alarm rate derived from these sites is a lower bound on the true rate"
ctl-56803-2,56803,2021-10-19,29.15203,80.64559,7.66,6.72,"absence of a record is not evidence of stability: a control is a slope with no recorded failure, not a slope proven not to fail, so any false-alarm rate derived from these sites is a lower bound on the true rate"
ctl-56803-3,56803,2021-10-19,29.18921,80.62234,4.6,4.6,"absence of a record is not evidence of stability: a control is a slope with no recorded failure, not a slope proven not to fail, so any false-alarm rate derived from these sites is a lower bound on the true rate"
ctl-56806-1,56806,2021-10-20,29.07896,81.89851,2.78,2.78,"absence of a record is not evidence of stability: a control is a slope with no recorded failure, not a slope proven not to fail, so any false-alarm rate derived from these sites is a lower bound on the true rate"
ctl-56806-2,56806,2021-10-20,29.02898,81.98959,9.12,9.12,"absence of a record is not evidence of stability: a control is a slope with no recorded failure, not a slope proven not to fail, so any false-alarm rate derived from these sites is a lower bound on the true rate"
ctl-56806-3,56806,2021-10-20,29.0739,81.85763,4.69,4.69,"absence of a record is not evidence of stability: a control is a slope with no recorded failure, not a slope proven not to fail, so any false-alarm rate derived from these sites is a lower bound on the true rate"
ctl-56813-1,56813,2021-10-19,29.51319,81.14132,6.85,2.2,"absence of a record is not evidence of stability: a control is a slope with no recorded failure, not a slope proven not to fail, so any false-alarm rate derived from these sites is a lower bound on the true rate"
ctl-56813-2,56813,2021-10-19,29.54448,81.16909,4.29,1.71,"absence of a record is not evidence of stability: a control is a slope with no recorded failure, not a slope proven not to fail, so any false-alarm rate derived from these sites is a lower bound on the true rate"
ctl-56813-3,56813,2021-10-19,29.50807,81.16344,5.05,3.74,"absence of a record is not evidence of stability: a control is a slope with no recorded failure, not a slope proven not to fail, so any false-alarm rate derived from these sites is a lower bound on the true rate"
ctl-56815-1,56815,2021-10-19,29.45124,81.12557,11.77,2.43,"absence of a record is not evidence of stability: a control is a slope with no recorded failure, not a slope proven not to fail, so any false-alarm rate derived from these sites is a lower bound on the true rate"
ctl-56815-2,56815,2021-10-19,29.52921,81.08702,9.75,2.62,"absence of a record is not evidence of stability: a control is a slope with no recorded failure, not a slope proven not to fail, so any false-alarm rate derived from these sites is a lower bound on the true rate"
ctl-56815-3,56815,2021-10-19,29.61865,81.20137,8.56,2.55,"absence of a record is not evidence of stability: a control is a slope with no recorded failure, not a slope proven not to fail, so any false-alarm rate derived from these sites is a lower bound on the true rate"
ctl-56817-1,56817,2021-10-19,27.32217,87.2215,6.21,1.64,"absence of a record is not evidence of stability: a control is a slope with no recorded failure, not a slope proven not to fail, so any false-alarm rate derived from these sites is a lower bound on the true rate"
ctl-56817-2,56817,2021-10-19,27.28161,87.13858,9.6,1.73,"absence of a record is not evidence of stability: a control is a slope with no recorded failure, not a slope proven not to fail, so any false-alarm rate derived from these sites is a lower bound on the true rate"
ctl-56817-3,56817,2021-10-19,27.25567,87.16129,7.35,3.6,"absence of a record is not evidence of stability: a control is a slope with no recorded failure, not a slope proven not to fail, so any false-alarm rate derived from these sites is a lower bound on the true rate"
ctl-56818-1,56818,2021-10-19,29.54771,81.2867,7.41,7.41,"absence of a record is not evidence of stability: a control is a slope with no recorded failure, not a slope proven not to fail, so any false-alarm rate derived from these sites is a lower bound on the true rate"
ctl-56818-2,56818,2021-10-19,29.57096,81.30422,10.24,5.47,"absence of a record is not evidence of stability: a control is a slope with no recorded failure, not a slope proven not to fail, so any false-alarm rate derived from these sites is a lower bound on the true rate"
ctl-56818-3,56818,2021-10-19,29.59054,81.23674,8.48,2.49,"absence of a record is not evidence of stability: a control is a slope with no recorded failure, not a slope proven not to fail, so any false-alarm rate derived from these sites is a lower bound on the true rate"
ctl-56828-1,56828,2021-10-20,29.74972,80.96721,11.42,8.33,"absence of a record is not evidence of stability: a control is a slope with no recorded failure, not a slope proven not to fail, so any false-alarm rate derived from these sites is a lower bound on the true rate"
ctl-56828-2,56828,2021-10-20,29.66633,80.90345,1.21,1.21,"absence of a record is not evidence of stability: a control is a slope with no recorded failure, not a slope proven not to fail, so any false-alarm rate derived from these sites is a lower bound on the true rate"
ctl-56828-3,56828,2021-10-20,29.66181,80.86628,2.66,2.66,"absence of a record is not evidence of stability: a control is a slope with no recorded failure, not a slope proven not to fail, so any false-alarm rate derived from these sites is a lower bound on the true rate"
ctl-56832-1,56832,2021-10-19,29.2906,80.57362,5.51,5.51,"absence of a record is not evidence of stability: a control is a slope with no recorded failure, not a slope proven not to fail, so any false-alarm rate derived from these sites is a lower bound on the true rate"
ctl-56832-2,56832,2021-10-19,29.35256,80.54758,11.11,2.46,"absence of a record is not evidence of stability: a control is a slope with no recorded failure, not a slope proven not to fail, so any false-alarm rate derived from these sites is a lower bound on the true rate"
ctl-56832-3,56832,2021-10-19,29.35838,80.66543,9.08,6.35,"absence of a record is not evidence of stability: a control is a slope with no recorded failure, not a slope proven not to fail, so any false-alarm rate derived from these sites is a lower bound on the true rate"
ctl-56835-1,56835,2021-10-19,29.32768,80.98651,2.52,2.52,"absence of a record is not evidence of stability: a control is a slope with no recorded failure, not a slope proven not to fail, so any false-alarm rate derived from these sites is a lower bound on the true rate"
ctl-56835-2,56835,2021-10-19,29.30015,80.92133,4.57,2.55,"absence of a record is not evidence of stability: a control is a slope with no recorded failure, not a slope proven not to fail, so any false-alarm rate derived from these sites is a lower bound on the true rate"
ctl-56835-3,56835,2021-10-19,29.29794,81.02581,6.77,2.12,"absence of a record is not evidence of stability: a control is a slope with no recorded failure, not a slope proven not to fail, so any false-alarm rate derived from these sites is a lower bound on the true rate"
ctl-56837-1,56837,2021-10-19,29.34241,80.7857,2.9,2.9,"absence of a record is not evidence of stability: a control is a slope with no recorded failure, not a slope proven not to fail, so any false-alarm rate derived from these sites is a lower bound on the true rate"
ctl-56837-2,56837,2021-10-19,29.2941,80.84033,4.76,4.06,"absence of a record is not evidence of stability: a control is a slope with no recorded failure, not a slope proven not to fail, so any false-alarm rate derived from these sites is a lower bound on the true rate"
ctl-56837-3,56837,2021-10-19,29.3047,80.70523,9.48,1.39,"absence of a record is not evidence of stability: a control is a slope with no recorded failure, not a slope proven not to fail, so any false-alarm rate derived from these sites is a lower bound on the true rate"
ctl-56839-1,56839,2021-10-19,28.45716,80.95006,8.07,8.07,"absence of a record is not evidence of stability: a control is a slope with no recorded failure, not a slope proven not to fail, so any false-alarm rate derived from these sites is a lower bound on the true rate"
ctl-56839-2,56839,2021-10-19,28.50704,81.1011,7.7,7.7,"absence of a record is not evidence of stability: a control is a slope with no recorded failure, not a slope proven not to fail, so any false-alarm rate derived from these sites is a lower bound on the true rate"
ctl-56839-3,56839,2021-10-19,28.45131,81.01388,3.71,3.71,"absence of a record is not evidence of stability: a control is a slope with no recorded failure, not a slope proven not to fail, so any false-alarm rate derived from these sites is a lower bound on the true rate"
ctl-56841-1,56841,2021-10-19,29.56044,81.8769,3.47,3.32,"absence of a record is not evidence of stability: a control is a slope with no recorded failure, not a slope proven not to fail, so any false-alarm rate derived from these sites is a lower bound on the true rate"
ctl-56841-2,56841,2021-10-19,29.52038,81.92577,4.27,1.57,"absence of a record is not evidence of stability: a control is a slope with no recorded failure, not a slope proven not to fail, so any false-alarm rate derived from these sites is a lower bound on the true rate"
ctl-56841-3,56841,2021-10-19,29.52147,81.85045,3.28,2.01,"absence of a record is not evidence of stability: a control is a slope with no recorded failure, not a slope proven not to fail, so any false-alarm rate derived from these sites is a lower bound on the true rate"
ctl-56842-1,56842,2021-10-19,30.02786,82.11724,4.48,4.48,"absence of a record is not evidence of stability: a control is a slope with no recorded failure, not a slope proven not to fail, so any false-alarm rate derived from these sites is a lower bound on the true rate"
ctl-56842-2,56842,2021-10-19,30.0798,81.96712,11.26,9.87,"absence of a record is not evidence of stability: a control is a slope with no recorded failure, not a slope proven not to fail, so any false-alarm rate derived from these sites is a lower bound on the true rate"
ctl-56842-3,56842,2021-10-19,30.07726,82.10819,4.0,4.0,"absence of a record is not evidence of stability: a control is a slope with no recorded failure, not a slope proven not to fail, so any false-alarm rate derived from these sites is a lower bound on the true rate"
ctl-56845-1,56845,2021-10-19,29.37907,80.42539,8.43,6.46,"absence of a record is not evidence of stability: a control is a slope with no recorded failure, not a slope proven not to fail, so any false-alarm rate derived from these sites is a lower bound on the true rate"
ctl-56845-2,56845,2021-10-19,29.47834,80.25518,11.77,7.8,"absence of a record is not evidence of stability: a control is a slope with no recorded failure, not a slope proven not to fail, so any false-alarm rate derived from these sites is a lower bound on the true rate"
ctl-56845-3,56845,2021-10-19,29.46902,80.25395,11.49,7.96,"absence of a record is not evidence of stability: a control is a slope with no recorded failure, not a slope proven not to fail, so any false-alarm rate derived from these sites is a lower bound on the true rate"
ctl-56848-1,56848,2021-10-19,29.35133,81.38114,4.19,2.93,"absence of a record is not evidence of stability: a control is a slope with no recorded failure, not a slope proven not to fail, so any false-alarm rate derived from these sites is a lower bound on the true rate"
ctl-56848-2,56848,2021-10-19,29.31488,81.41416,8.85,7.18,"absence of a record is not evidence of stability: a control is a slope with no recorded failure, not a slope proven not to fail, so any false-alarm rate derived from these sites is a lower bound on the true rate"
ctl-56848-3,56848,2021-10-19,29.35803,81.39952,5.86,4.71,"absence of a record is not evidence of stability: a control is a slope with no recorded failure, not a slope proven not to fail, so any false-alarm rate derived from these sites is a lower bound on the true rate"
ctl-56857-1,56857,2021-10-20,27.09472,87.21775,6.26,3.44,"absence of a record is not evidence of stability: a control is a slope with no recorded failure, not a slope proven not to fail, so any false-alarm rate derived from these sites is a lower bound on the true rate"
ctl-56857-2,56857,2021-10-20,27.13479,87.1288,6.92,2.31,"absence of a record is not evidence of stability: a control is a slope with no recorded failure, not a slope proven not to fail, so any false-alarm rate derived from these sites is a lower bound on the true rate"
ctl-56857-3,56857,2021-10-20,27.1286,87.22368,8.65,4.31,"absence of a record is not evidence of stability: a control is a slope with no recorded failure, not a slope proven not to fail, so any false-alarm rate derived from these sites is a lower bound on the true rate"
ctl-56875-1,56875,2021-10-20,29.40389,81.1259,7.76,7.65,"absence of a record is not evidence of stability: a control is a slope with no recorded failure, not a slope proven not to fail, so any false-alarm rate derived from these sites is a lower bound on the true rate"
ctl-56875-2,56875,2021-10-20,29.44767,81.13437,3.66,3.11,"absence of a record is not evidence of stability: a control is a slope with no recorded failure, not a slope proven not to fail, so any false-alarm rate derived from these sites is a lower bound on the true rate"
ctl-56875-3,56875,2021-10-20,29.42379,81.11371,6.83,5.45,"absence of a record is not evidence of stability: a control is a slope with no recorded failure, not a slope proven not to fail, so any false-alarm rate derived from these sites is a lower bound on the true rate"
ctl-56879-1,56879,2021-10-19,29.33692,81.02268,1.58,1.58,"absence of a record is not evidence of stability: a control is a slope with no recorded failure, not a slope proven not to fail, so any false-alarm rate derived from these sites is a lower bound on the true rate"
ctl-56879-2,56879,2021-10-19,29.41349,81.06837,8.88,8.22,"absence of a record is not evidence of stability: a control is a slope with no recorded failure, not a slope proven not to fail, so any false-alarm rate derived from these sites is a lower bound on the true rate"
ctl-56879-3,56879,2021-10-19,29.43414,81.01744,9.47,3.72,"absence of a record is not evidence of stability: a control is a slope with no recorded failure, not a slope proven not to fail, so any false-alarm rate derived from these sites is a lower bound on the true rate"
ctl-56881-1,56881,2021-10-19,29.98287,81.80252,7.05,7.05,"absence of a record is not evidence of stability: a control is a slope with no recorded failure, not a slope proven not to fail, so any false-alarm rate derived from these sites is a lower bound on the true rate"
ctl-56881-2,56881,2021-10-19,29.97084,81.81149,5.47,5.47,"absence of a record is not evidence of stability: a control is a slope with no recorded failure, not a slope proven not to fail, so any false-alarm rate derived from these sites is a lower bound on the true rate"
ctl-56881-3,56881,2021-10-19,29.83087,81.84963,10.65,10.65,"absence of a record is not evidence of stability: a control is a slope with no recorded failure, not a slope proven not to fail, so any false-alarm rate derived from these sites is a lower bound on the true rate"
ctl-56888-1,56888,2021-10-20,29.31159,80.66752,3.19,1.47,"absence of a record is not evidence of stability: a control is a slope with no recorded failure, not a slope proven not to fail, so any false-alarm rate derived from these sites is a lower bound on the true rate"
ctl-56888-2,56888,2021-10-20,29.25885,80.63786,4.53,2.78,"absence of a record is not evidence of stability: a control is a slope with no recorded failure, not a slope proven not to fail, so any false-alarm rate derived from these sites is a lower bound on the true rate"
ctl-56888-3,56888,2021-10-20,29.36714,80.73522,10.97,7.96,"absence of a record is not evidence of stability: a control is a slope with no recorded failure, not a slope proven not to fail, so any false-alarm rate derived from these sites is a lower bound on the true rate"
ctl-56889-1,56889,2021-10-20,29.23749,80.47066,7.31,3.54,"absence of a record is not evidence of stability: a control is a slope with no recorded failure, not a slope proven not to fail, so any false-alarm rate derived from these sites is a lower bound on the true rate"
ctl-56889-2,56889,2021-10-20,29.37576,80.45143,8.94,7.34,"absence of a record is not evidence of stability: a control is a slope with no recorded failure, not a slope proven not to fail, so any false-alarm rate derived from these sites is a lower bound on the true rate"
ctl-56889-3,56889,2021-10-20,29.34662,80.58857,11.03,6.46,"absence of a record is not evidence of stability: a control is a slope with no recorded failure, not a slope proven not to fail, so any false-alarm rate derived from these sites is a lower bound on the true rate"
ctl-56893-1,56893,2021-10-20,29.53945,81.59461,10.69,4.72,"absence of a record is not evidence of stability: a control is a slope with no recorded failure, not a slope proven not to fail, so any false-alarm rate derived from these sites is a lower bound on the true rate"
ctl-56893-2,56893,2021-10-20,29.59606,81.49388,11.1,4.26,"absence of a record is not evidence of stability: a control is a slope with no recorded failure, not a slope proven not to fail, so any false-alarm rate derived from these sites is a lower bound on the true rate"
ctl-56893-3,56893,2021-10-20,29.44803,81.49753,5.36,1.99,"absence of a record is not evidence of stability: a control is a slope with no recorded failure, not a slope proven not to fail, so any false-alarm rate derived from these sites is a lower bound on the true rate"
ctl-56913-1,56913,2021-10-19,27.12777,87.74254,11.29,1.98,"absence of a record is not evidence of stability: a control is a slope with no recorded failure, not a slope proven not to fail, so any false-alarm rate derived from these sites is a lower bound on the true rate"
ctl-56913-2,56913,2021-10-19,27.10093,87.69052,11.17,1.86,"absence of a record is not evidence of stability: a control is a slope with no recorded failure, not a slope proven not to fail, so any false-alarm rate derived from these sites is a lower bound on the true rate"
ctl-56913-3,56913,2021-10-19,27.02009,87.76481,1.1,1.1,"absence of a record is not evidence of stability: a control is a slope with no recorded failure, not a slope proven not to fail, so any false-alarm rate derived from these sites is a lower bound on the true rate"
ctl-56923-1,56923,2021-10-19,26.94505,87.67055,2.18,2.18,"absence of a record is not evidence of stability: a control is a slope with no recorded failure, not a slope proven not to fail, so any false-alarm rate derived from these sites is a lower bound on the true rate"
ctl-56923-2,56923,2021-10-19,26.96259,87.67004,4.13,2.1,"absence of a record is not evidence of stability: a control is a slope with no recorded failure, not a slope proven not to fail, so any false-alarm rate derived from these sites is a lower bound on the true rate"
ctl-56923-3,56923,2021-10-19,26.86296,87.67558,6.97,1.83,"absence of a record is not evidence of stability: a control is a slope with no recorded failure, not a slope proven not to fail, so any false-alarm rate derived from these sites is a lower bound on the true rate"
ctl-56924-1,56924,2021-10-19,27.14752,87.6727,11.31,3.91,"absence of a record is not evidence of stability: a control is a slope with no recorded failure, not a slope proven not to fail, so any false-alarm rate derived from these sites is a lower bound on the true rate"
ctl-56924-2,56924,2021-10-19,27.1066,87.82276,6.14,1.92,"absence of a record is not evidence of stability: a control is a slope with no recorded failure, not a slope proven not to fail, so any false-alarm rate derived from these sites is a lower bound on the true rate"
ctl-56924-3,56924,2021-10-19,27.09769,87.78395,2.24,2.24,"absence of a record is not evidence of stability: a control is a slope with no recorded failure, not a slope proven not to fail, so any false-alarm rate derived from these sites is a lower bound on the true rate"
ctl-56927-1,56927,2021-10-19,26.88952,87.73162,6.04,1.79,"absence of a record is not evidence of stability: a control is a slope with no recorded failure, not a slope proven not to fail, so any false-alarm rate derived from these sites is a lower bound on the true rate"
ctl-56927-2,56927,2021-10-19,26.8897,87.64018,3.04,3.04,"absence of a record is not evidence of stability: a control is a slope with no recorded failure, not a slope proven not to fail, so any false-alarm rate derived from these sites is a lower bound on the true rate"
ctl-56927-3,56927,2021-10-19,26.81266,87.63041,9.69,3.09,"absence of a record is not evidence of stability: a control is a slope with no recorded failure, not a slope proven not to fail, so any false-alarm rate derived from these sites is a lower bound on the true rate"
ctl-56928-1,56928,2021-10-19,27.06261,87.7298,9.32,1.61,"absence of a record is not evidence of stability: a control is a slope with no recorded failure, not a slope proven not to fail, so any false-alarm rate derived from these sites is a lower bound on the true rate"
ctl-56928-2,56928,2021-10-19,27.09946,87.58252,10.4,4.28,"absence of a record is not evidence of stability: a control is a slope with no recorded failure, not a slope proven not to fail, so any false-alarm rate derived from these sites is a lower bound on the true rate"
ctl-56928-3,56928,2021-10-19,26.93451,87.63608,10.09,1.04,"absence of a record is not evidence of stability: a control is a slope with no recorded failure, not a slope proven not to fail, so any false-alarm rate derived from these sites is a lower bound on the true rate"
ctl-56934-1,56934,2021-10-19,26.97217,87.64679,1.95,1.92,"absence of a record is not evidence of stability: a control is a slope with no recorded failure, not a slope proven not to fail, so any false-alarm rate derived from these sites is a lower bound on the true rate"
ctl-56934-2,56934,2021-10-19,26.9812,87.70997,4.55,2.62,"absence of a record is not evidence of stability: a control is a slope with no recorded failure, not a slope proven not to fail, so any false-alarm rate derived from these sites is a lower bound on the true rate"
ctl-56934-3,56934,2021-10-19,26.98386,87.70285,3.86,1.88,"absence of a record is not evidence of stability: a control is a slope with no recorded failure, not a slope proven not to fail, so any false-alarm rate derived from these sites is a lower bound on the true rate"
ctl-56940-1,56940,2021-10-20,29.57806,80.81962,9.28,1.47,"absence of a record is not evidence of stability: a control is a slope with no recorded failure, not a slope proven not to fail, so any false-alarm rate derived from these sites is a lower bound on the true rate"
ctl-56940-2,56940,2021-10-20,29.49147,80.80297,4.32,3.72,"absence of a record is not evidence of stability: a control is a slope with no recorded failure, not a slope proven not to fail, so any false-alarm rate derived from these sites is a lower bound on the true rate"
ctl-56940-3,56940,2021-10-20,29.4923,80.83737,1.12,1.12,"absence of a record is not evidence of stability: a control is a slope with no recorded failure, not a slope proven not to fail, so any false-alarm rate derived from these sites is a lower bound on the true rate"
ctl-56954-1,56954,2021-10-19,26.84601,87.71215,2.3,2.3,"absence of a record is not evidence of stability: a control is a slope with no recorded failure, not a slope proven not to fail, so any false-alarm rate derived from these sites is a lower bound on the true rate"
ctl-56954-2,56954,2021-10-19,26.80419,87.68958,5.45,2.95,"absence of a record is not evidence of stability: a control is a slope with no recorded failure, not a slope proven not to fail, so any false-alarm rate derived from these sites is a lower bound on the true rate"
ctl-56954-3,56954,2021-10-19,26.8252,87.58586,10.84,1.7,"absence of a record is not evidence of stability: a control is a slope with no recorded failure, not a slope proven not to fail, so any false-alarm rate derived from these sites is a lower bound on the true rate"
ctl-56955-1,56955,2021-10-19,26.99158,87.76246,4.42,1.79,"absence of a record is not evidence of stability: a control is a slope with no recorded failure, not a slope proven not to fail, so any false-alarm rate derived from these sites is a lower bound on the true rate"
ctl-56955-2,56955,2021-10-19,26.93441,87.83969,11.07,2.61,"absence of a record is not evidence of stability: a control is a slope with no recorded failure, not a slope proven not to fail, so any false-alarm rate derived from these sites is a lower bound on the true rate"
ctl-56955-3,56955,2021-10-19,26.97487,87.75291,2.47,2.38,"absence of a record is not evidence of stability: a control is a slope with no recorded failure, not a slope proven not to fail, so any false-alarm rate derived from these sites is a lower bound on the true rate"
ctl-56958-1,56958,2021-10-20,26.90989,87.78285,9.22,1.93,"absence of a record is not evidence of stability: a control is a slope with no recorded failure, not a slope proven not to fail, so any false-alarm rate derived from these sites is a lower bound on the true rate"
ctl-56958-2,56958,2021-10-20,26.92743,87.82307,5.57,2.57,"absence of a record is not evidence of stability: a control is a slope with no recorded failure, not a slope proven not to fail, so any false-alarm rate derived from these sites is a lower bound on the true rate"
ctl-56958-3,56958,2021-10-20,26.92116,87.82563,6.17,2.7,"absence of a record is not evidence of stability: a control is a slope with no recorded failure, not a slope proven not to fail, so any false-alarm rate derived from these sites is a lower bound on the true rate"
ctl-56959-1,56959,2021-10-20,26.45081,87.34692,8.3,8.3,"absence of a record is not evidence of stability: a control is a slope with no recorded failure, not a slope proven not to fail, so any false-alarm rate derived from these sites is a lower bound on the true rate"
ctl-56959-2,56959,2021-10-20,26.4371,87.22792,3.72,3.72,"absence of a record is not evidence of stability: a control is a slope with no recorded failure, not a slope proven not to fail, so any false-alarm rate derived from these sites is a lower bound on the true rate"
ctl-56959-3,56959,2021-10-20,26.51903,87.31758,10.59,10.59,"absence of a record is not evidence of stability: a control is a slope with no recorded failure, not a slope proven not to fail, so any false-alarm rate derived from these sites is a lower bound on the true rate"
ctl-56962-1,56962,2021-10-20,26.55094,87.05471,5.91,5.91,"absence of a record is not evidence of stability: a control is a slope with no recorded failure, not a slope proven not to fail, so any false-alarm rate derived from these sites is a lower bound on the true rate"
ctl-56962-2,56962,2021-10-20,26.5508,87.10429,1.86,1.86,"absence of a record is not evidence of stability: a control is a slope with no recorded failure, not a slope proven not to fail, so any false-alarm rate derived from these sites is a lower bound on the true rate"
ctl-56962-3,56962,2021-10-20,26.55175,87.10665,1.68,1.68,"absence of a record is not evidence of stability: a control is a slope with no recorded failure, not a slope proven not to fail, so any false-alarm rate derived from these sites is a lower bound on the true rate"
ctl-56963-1,56963,2021-10-20,26.65461,87.2597,6.55,2.09,"absence of a record is not evidence of stability: a control is a slope with no recorded failure, not a slope proven not to fail, so any false-alarm rate derived from these sites is a lower bound on the true rate"
ctl-56963-2,56963,2021-10-20,26.69629,87.31229,2.65,2.65,"absence of a record is not evidence of stability: a control is a slope with no recorded failure, not a slope proven not to fail, so any false-alarm rate derived from these sites is a lower bound on the true rate"
ctl-56963-3,56963,2021-10-20,26.75249,87.33391,6.72,6.72,"absence of a record is not evidence of stability: a control is a slope with no recorded failure, not a slope proven not to fail, so any false-alarm rate derived from these sites is a lower bound on the true rate"
ctl-56965-1,56965,2021-10-19,26.64777,87.24678,3.26,3.26,"absence of a record is not evidence of stability: a control is a slope with no recorded failure, not a slope proven not to fail, so any false-alarm rate derived from these sites is a lower bound on the true rate"
ctl-56965-2,56965,2021-10-19,26.65521,87.26182,2.0,2.0,"absence of a record is not evidence of stability: a control is a slope with no recorded failure, not a slope proven not to fail, so any false-alarm rate derived from these sites is a lower bound on the true rate"
ctl-56965-3,56965,2021-10-19,26.58802,87.29182,9.88,9.88,"absence of a record is not evidence of stability: a control is a slope with no recorded failure, not a slope proven not to fail, so any false-alarm rate derived from these sites is a lower bound on the true rate"
ctl-56970-1,56970,2021-10-19,29.38299,80.9981,6.64,4.09,"absence of a record is not evidence of stability: a control is a slope with no recorded failure, not a slope proven not to fail, so any false-alarm rate derived from these sites is a lower bound on the true rate"
ctl-56970-2,56970,2021-10-19,29.42622,80.98367,1.63,1.63,"absence of a record is not evidence of stability: a control is a slope with no recorded failure, not a slope proven not to fail, so any false-alarm rate derived from these sites is a lower bound on the true rate"
ctl-56970-3,56970,2021-10-19,29.42568,80.87928,9.87,4.96,"absence of a record is not evidence of stability: a control is a slope with no recorded failure, not a slope proven not to fail, so any false-alarm rate derived from these sites is a lower bound on the true rate"
ctl-56982-1,56982,2021-10-19,29.18184,80.91021,5.35,5.35,"absence of a record is not evidence of stability: a control is a slope with no recorded failure, not a slope proven not to fail, so any false-alarm rate derived from these sites is a lower bound on the true rate"
ctl-56982-2,56982,2021-10-19,29.08946,80.91584,9.19,2.9,"absence of a record is not evidence of stability: a control is a slope with no recorded failure, not a slope proven not to fail, so any false-alarm rate derived from these sites is a lower bound on the true rate"
ctl-56982-3,56982,2021-10-19,29.1548,80.97334,1.5,1.5,"absence of a record is not evidence of stability: a control is a slope with no recorded failure, not a slope proven not to fail, so any false-alarm rate derived from these sites is a lower bound on the true rate"
ctl-59542-1,59542,2022-06-18,28.20899,84.38791,1.7,1.7,"absence of a record is not evidence of stability: a control is a slope with no recorded failure, not a slope proven not to fail, so any false-alarm rate derived from these sites is a lower bound on the true rate"
ctl-59542-2,59542,2022-06-18,28.29297,84.41131,11.26,2.64,"absence of a record is not evidence of stability: a control is a slope with no recorded failure, not a slope proven not to fail, so any false-alarm rate derived from these sites is a lower bound on the true rate"
ctl-59542-3,59542,2022-06-18,28.19959,84.33291,5.49,1.78,"absence of a record is not evidence of stability: a control is a slope with no recorded failure, not a slope proven not to fail, so any false-alarm rate derived from these sites is a lower bound on the true rate"
ctl-59543-1,59543,2022-06-18,28.32231,84.30461,9.41,5.66,"absence of a record is not evidence of stability: a control is a slope with no recorded failure, not a slope proven not to fail, so any false-alarm rate derived from these sites is a lower bound on the true rate"
ctl-59543-2,59543,2022-06-18,28.17456,84.3573,8.1,1.96,"absence of a record is not evidence of stability: a control is a slope with no recorded failure, not a slope proven not to fail, so any false-alarm rate derived from these sites is a lower bound on the true rate"
ctl-59543-3,59543,2022-06-18,28.15924,84.39947,11.91,2.53,"absence of a record is not evidence of stability: a control is a slope with no recorded failure, not a slope proven not to fail, so any false-alarm rate derived from these sites is a lower bound on the true rate"
ctl-59548-1,59548,2022-06-18,28.203,84.48599,10.55,2.54,"absence of a record is not evidence of stability: a control is a slope with no recorded failure, not a slope proven not to fail, so any false-alarm rate derived from these sites is a lower bound on the true rate"
ctl-59548-2,59548,2022-06-18,28.105,84.49782,5.13,3.63,"absence of a record is not evidence of stability: a control is a slope with no recorded failure, not a slope proven not to fail, so any false-alarm rate derived from these sites is a lower bound on the true rate"
ctl-59548-3,59548,2022-06-18,28.05179,84.52488,8.27,1.68,"absence of a record is not evidence of stability: a control is a slope with no recorded failure, not a slope proven not to fail, so any false-alarm rate derived from these sites is a lower bound on the true rate"
ctl-59626-1,59626,2022-06-26,28.99389,81.82077,8.18,4.86,"absence of a record is not evidence of stability: a control is a slope with no recorded failure, not a slope proven not to fail, so any false-alarm rate derived from these sites is a lower bound on the true rate"
ctl-59626-2,59626,2022-06-26,29.0104,81.74496,2.96,2.96,"absence of a record is not evidence of stability: a control is a slope with no recorded failure, not a slope proven not to fail, so any false-alarm rate derived from these sites is a lower bound on the true rate"
ctl-59626-3,59626,2022-06-26,29.0278,81.68265,6.81,3.17,"absence of a record is not evidence of stability: a control is a slope with no recorded failure, not a slope proven not to fail, so any false-alarm rate derived from these sites is a lower bound on the true rate"
ctl-59631-1,59631,2022-06-26,28.36952,83.90695,3.45,3.45,"absence of a record is not evidence of stability: a control is a slope with no recorded failure, not a slope proven not to fail, so any false-alarm rate derived from these sites is a lower bound on the true rate"
ctl-59631-2,59631,2022-06-26,28.33518,83.91835,1.25,1.25,"absence of a record is not evidence of stability: a control is a slope with no recorded failure, not a slope proven not to fail, so any false-alarm rate derived from these sites is a lower bound on the true rate"
ctl-59631-3,59631,2022-06-26,28.26593,83.88252,8.4,1.19,"absence of a record is not evidence of stability: a control is a slope with no recorded failure, not a slope proven not to fail, so any false-alarm rate derived from these sites is a lower bound on the true rate"
ctl-59634-1,59634,2022-06-26,28.34586,83.91221,4.03,1.01,"absence of a record is not evidence of stability: a control is a slope with no recorded failure, not a slope proven not to fail, so any false-alarm rate derived from these sites is a lower bound on the true rate"
ctl-59634-2,59634,2022-06-26,28.37359,83.98761,8.96,3.05,"absence of a record is not evidence of stability: a control is a slope with no recorded failure, not a slope proven not to fail, so any false-alarm rate derived from these sites is a lower bound on the true rate"
ctl-59634-3,59634,2022-06-26,28.23464,83.97709,9.89,1.3,"absence of a record is not evidence of stability: a control is a slope with no recorded failure, not a slope proven not to fail, so any false-alarm rate derived from these sites is a lower bound on the true rate"
ctl-59652-1,59652,2022-06-28,27.74451,83.39561,9.41,4.15,"absence of a record is not evidence of stability: a control is a slope with no recorded failure, not a slope proven not to fail, so any false-alarm rate derived from these sites is a lower bound on the true rate"
ctl-59652-2,59652,2022-06-28,27.69996,83.46389,2.11,1.22,"absence of a record is not evidence of stability: a control is a slope with no recorded failure, not a slope proven not to fail, so any false-alarm rate derived from these sites is a lower bound on the true rate"
ctl-59652-3,59652,2022-06-28,27.66174,83.38585,7.57,7.57,"absence of a record is not evidence of stability: a control is a slope with no recorded failure, not a slope proven not to fail, so any false-alarm rate derived from these sites is a lower bound on the true rate"
ctl-59654-1,59654,2022-06-28,27.51328,82.79688,1.53,1.53,"absence of a record is not evidence of stability: a control is a slope with no recorded failure, not a slope proven not to fail, so any false-alarm rate derived from these sites is a lower bound on the true rate"
ctl-59654-2,59654,2022-06-28,27.51889,82.86708,5.42,5.42,"absence of a record is not evidence of stability: a control is a slope with no recorded failure, not a slope proven not to fail, so any false-alarm rate derived from these sites is a lower bound on the true rate"
ctl-59654-3,59654,2022-06-28,27.53406,82.78646,3.39,3.39,"absence of a record is not evidence of stability: a control is a slope with no recorded failure, not a slope proven not to fail, so any false-alarm rate derived from these sites is a lower bound on the true rate"
ctl-59666-1,59666,2022-06-28,28.92307,82.12505,1.62,1.62,"absence of a record is not evidence of stability: a control is a slope with no recorded failure, not a slope proven not to fail, so any false-alarm rate derived from these sites is a lower bound on the true rate"
ctl-59666-2,59666,2022-06-28,28.95272,82.08615,4.18,4.18,"absence of a record is not evidence of stability: a control is a slope with no recorded failure, not a slope proven not to fail, so any false-alarm rate derived from these sites is a lower bound on the true rate"
ctl-59666-3,59666,2022-06-28,28.90354,82.20975,9.04,3.88,"absence of a record is not evidence of stability: a control is a slope with no recorded failure, not a slope proven not to fail, so any false-alarm rate derived from these sites is a lower bound on the true rate"
ctl-59669-1,59669,2022-06-28,27.65718,83.39712,7.57,6.7,"absence of a record is not evidence of stability: a control is a slope with no recorded failure, not a slope proven not to fail, so any false-alarm rate derived from these sites is a lower bound on the true rate"
ctl-59669-2,59669,2022-06-28,27.67602,83.50858,4.52,2.47,"absence of a record is not evidence of stability: a control is a slope with no recorded failure, not a slope proven not to fail, so any false-alarm rate derived from these sites is a lower bound on the true rate"
ctl-59669-3,59669,2022-06-28,27.67665,83.44298,2.57,1.7,"absence of a record is not evidence of stability: a control is a slope with no recorded failure, not a slope proven not to fail, so any false-alarm rate derived from these sites is a lower bound on the true rate"
ctl-59681-1,59681,2022-06-29,27.18844,87.45927,3.43,3.43,"absence of a record is not evidence of stability: a control is a slope with no recorded failure, not a slope proven not to fail, so any false-alarm rate derived from these sites is a lower bound on the true rate"
ctl-59681-2,59681,2022-06-29,27.21229,87.42098,1.67,1.67,"absence of a record is not evidence of stability: a control is a slope with no recorded failure, not a slope proven not to fail, so any false-alarm rate derived from these sites is a lower bound on the true rate"
ctl-59681-3,59681,2022-06-29,27.27955,87.36946,10.66,2.49,"absence of a record is not evidence of stability: a control is a slope with no recorded failure, not a slope proven not to fail, so any false-alarm rate derived from these sites is a lower bound on the true rate"
ctl-59686-1,59686,2022-06-28,28.14124,83.00538,7.88,6.16,"absence of a record is not evidence of stability: a control is a slope with no recorded failure, not a slope proven not to fail, so any false-alarm rate derived from these sites is a lower bound on the true rate"
ctl-59686-2,59686,2022-06-28,28.26188,82.95849,6.44,6.44,"absence of a record is not evidence of stability: a control is a slope with no recorded failure, not a slope proven not to fail, so any false-alarm rate derived from these sites is a lower bound on the true rate"
ctl-59686-3,59686,2022-06-28,28.1564,82.86796,11.35,2.57,"absence of a record is not evidence of stability: a control is a slope with no recorded failure, not a slope proven not to fail, so any false-alarm rate derived from these sites is a lower bound on the true rate"
ctl-59694-1,59694,2022-06-29,28.20529,83.19961,9.63,1.87,"absence of a record is not evidence of stability: a control is a slope with no recorded failure, not a slope proven not to fail, so any false-alarm rate derived from these sites is a lower bound on the true rate"
ctl-59694-2,59694,2022-06-29,28.27121,83.15616,5.57,2.66,"absence of a record is not evidence of stability: a control is a slope with no recorded failure, not a slope proven not to fail, so any false-alarm rate derived from these sites is a lower bound on the true rate"
ctl-59694-3,59694,2022-06-29,28.24283,83.0579,5.14,5.14,"absence of a record is not evidence of stability: a control is a slope with no recorded failure, not a slope proven not to fail, so any false-alarm rate derived from these sites is a lower bound on the true rate"
ctl-59941-1,59941,2022-07-21,29.38758,81.90277,6.2,6.2,"absence of a record is not evidence of stability: a control is a slope with no recorded failure, not a slope proven not to fail, so any false-alarm rate derived from these sites is a lower bound on the true rate"
ctl-59941-2,59941,2022-07-21,29.34479,81.91186,4.3,4.3,"absence of a record is not evidence of stability: a control is a slope with no recorded failure, not a slope proven not to fail, so any false-alarm rate derived from these sites is a lower bound on the true rate"
ctl-59941-3,59941,2022-07-21,29.43117,81.9028,9.85,6.03,"absence of a record is not evidence of stability: a control is a slope with no recorded failure, not a slope proven not to fail, so any false-alarm rate derived from these sites is a lower bound on the true rate"
ctl-59943-1,59943,2022-07-21,28.16165,83.86783,7.18,2.48,"absence of a record is not evidence of stability: a control is a slope with no recorded failure, not a slope proven not to fail, so any false-alarm rate derived from these sites is a lower bound on the true rate"
ctl-59943-2,59943,2022-07-21,28.14104,83.93673,7.12,3.89,"absence of a record is not evidence of stability: a control is a slope with no recorded failure, not a slope proven not to fail, so any false-alarm rate derived from these sites is a lower bound on the true rate"
ctl-59943-3,59943,2022-07-21,28.10794,83.91833,3.67,2.56,"absence of a record is not evidence of stability: a control is a slope with no recorded failure, not a slope proven not to fail, so any false-alarm rate derived from these sites is a lower bound on the true rate"
ctl-59973-1,59973,2022-07-25,29.09668,82.72423,8.1,5.43,"absence of a record is not evidence of stability: a control is a slope with no recorded failure, not a slope proven not to fail, so any false-alarm rate derived from these sites is a lower bound on the true rate"
ctl-59973-2,59973,2022-07-25,29.1098,82.82154,10.31,5.13,"absence of a record is not evidence of stability: a control is a slope with no recorded failure, not a slope proven not to fail, so any false-alarm rate derived from these sites is a lower bound on the true rate"
ctl-59973-3,59973,2022-07-25,29.06176,82.84915,8.96,8.96,"absence of a record is not evidence of stability: a control is a slope with no recorded failure, not a slope proven not to fail, so any false-alarm rate derived from these sites is a lower bound on the true rate"
ctl-59975-1,59975,2022-07-25,28.84139,81.46367,3.95,3.95,"absence of a record is not evidence of stability: a control is a slope with no recorded failure, not a slope proven not to fail, so any false-alarm rate derived from these sites is a lower bound on the true rate"
ctl-59975-2,59975,2022-07-25,28.90584,81.44381,7.62,4.25,"absence of a record is not evidence of stability: a control is a slope with no recorded failure, not a slope proven not to fail, so any false-alarm rate derived from these sites is a lower bound on the true rate"
ctl-59975-3,59975,2022-07-25,28.8598,81.46824,3.07,3.07,"absence of a record is not evidence of stability: a control is a slope with no recorded failure, not a slope proven not to fail, so any false-alarm rate derived from these sites is a lower bound on the true rate"
ctl-59977-1,59977,2022-07-25,28.82571,81.4745,8.96,4.33,"absence of a record is not evidence of stability: a control is a slope with no recorded failure, not a slope proven not to fail, so any false-alarm rate derived from these sites is a lower bound on the true rate"
ctl-59977-2,59977,2022-07-25,28.93926,81.46068,6.27,2.2,"absence of a record is not evidence of stability: a control is a slope with no recorded failure, not a slope proven not to fail, so any false-alarm rate derived from these sites is a lower bound on the true rate"
ctl-59977-3,59977,2022-07-25,28.94119,81.49499,4.66,1.43,"absence of a record is not evidence of stability: a control is a slope with no recorded failure, not a slope proven not to fail, so any false-alarm rate derived from these sites is a lower bound on the true rate"
ctl-59985-1,59985,2022-07-25,27.43691,86.10934,1.17,1.17,"absence of a record is not evidence of stability: a control is a slope with no recorded failure, not a slope proven not to fail, so any false-alarm rate derived from these sites is a lower bound on the true rate"
ctl-59985-2,59985,2022-07-25,27.50426,86.19268,11.57,3.65,"absence of a record is not evidence of stability: a control is a slope with no recorded failure, not a slope proven not to fail, so any false-alarm rate derived from these sites is a lower bound on the true rate"
ctl-59985-3,59985,2022-07-25,27.32041,86.12992,11.98,2.97,"absence of a record is not evidence of stability: a control is a slope with no recorded failure, not a slope proven not to fail, so any false-alarm rate derived from these sites is a lower bound on the true rate"
ctl-59988-1,59988,2022-07-25,27.62903,85.72311,3.66,1.73,"absence of a record is not evidence of stability: a control is a slope with no recorded failure, not a slope proven not to fail, so any false-alarm rate derived from these sites is a lower bound on the true rate"
ctl-59988-2,59988,2022-07-25,27.68029,85.72905,3.25,1.84,"absence of a record is not evidence of stability: a control is a slope with no recorded failure, not a slope proven not to fail, so any false-alarm rate derived from these sites is a lower bound on the true rate"
ctl-59988-3,59988,2022-07-25,27.66529,85.67499,7.06,1.44,"absence of a record is not evidence of stability: a control is a slope with no recorded failure, not a slope proven not to fail, so any false-alarm rate derived from these sites is a lower bound on the true rate"
ctl-60026-1,60026,2022-07-31,27.45469,86.11197,5.18,3.06,"absence of a record is not evidence of stability: a control is a slope with no recorded failure, not a slope proven not to fail, so any false-alarm rate derived from these sites is a lower bound on the true rate"
ctl-60026-2,60026,2022-07-31,27.49702,86.17301,4.95,3.1,"absence of a record is not evidence of stability: a control is a slope with no recorded failure, not a slope proven not to fail, so any false-alarm rate derived from these sites is a lower bound on the true rate"
ctl-60026-3,60026,2022-07-31,27.4406,86.12414,6.63,1.8,"absence of a record is not evidence of stability: a control is a slope with no recorded failure, not a slope proven not to fail, so any false-alarm rate derived from these sites is a lower bound on the true rate"
ctl-60042-1,60042,2022-07-31,27.17199,87.5328,2.08,2.08,"absence of a record is not evidence of stability: a control is a slope with no recorded failure, not a slope proven not to fail, so any false-alarm rate derived from these sites is a lower bound on the true rate"
ctl-60042-2,60042,2022-07-31,27.18298,87.48266,6.16,3.44,"absence of a record is not evidence of stability: a control is a slope with no recorded failure, not a slope proven not to fail, so any false-alarm rate derived from these sites is a lower bound on the true rate"
ctl-60042-3,60042,2022-07-31,27.08507,87.6163,11.05,5.72,"absence of a record is not evidence of stability: a control is a slope with no recorded failure, not a slope proven not to fail, so any false-alarm rate derived from these sites is a lower bound on the true rate"
ctl-60047-1,60047,2022-08-01,28.16688,83.98415,5.55,1.6,"absence of a record is not evidence of stability: a control is a slope with no recorded failure, not a slope proven not to fail, so any false-alarm rate derived from these sites is a lower bound on the true rate"
ctl-60047-2,60047,2022-08-01,28.15544,84.04302,7.36,2.48,"absence of a record is not evidence of stability: a control is a slope with no recorded failure, not a slope proven not to fail, so any false-alarm rate derived from these sites is a lower bound on the true rate"
ctl-60047-3,60047,2022-08-01,28.2014,84.02974,2.67,1.52,"absence of a record is not evidence of stability: a control is a slope with no recorded failure, not a slope proven not to fail, so any false-alarm rate derived from these sites is a lower bound on the true rate"
ctl-60114-1,60114,2022-08-06,28.42396,83.02889,5.17,3.14,"absence of a record is not evidence of stability: a control is a slope with no recorded failure, not a slope proven not to fail, so any false-alarm rate derived from these sites is a lower bound on the true rate"
ctl-60114-2,60114,2022-08-06,28.36779,83.01994,6.49,2.24,"absence of a record is not evidence of stability: a control is a slope with no recorded failure, not a slope proven not to fail, so any false-alarm rate derived from these sites is a lower bound on the true rate"
ctl-60114-3,60114,2022-08-06,28.39716,83.16173,8.52,5.14,"absence of a record is not evidence of stability: a control is a slope with no recorded failure, not a slope proven not to fail, so any false-alarm rate derived from these sites is a lower bound on the true rate"
ctl-60135-1,60135,2022-08-07,29.11768,82.18243,10.03,10.03,"absence of a record is not evidence of stability: a control is a slope with no recorded failure, not a slope proven not to fail, so any false-alarm rate derived from these sites is a lower bound on the true rate"
ctl-60135-2,60135,2022-08-07,29.03664,82.17585,2.85,2.85,"absence of a record is not evidence of stability: a control is a slope with no recorded failure, not a slope proven not to fail, so any false-alarm rate derived from these sites is a lower bound on the true rate"
ctl-60135-3,60135,2022-08-07,29.02473,82.17508,2.86,2.86,"absence of a record is not evidence of stability: a control is a slope with no recorded failure, not a slope proven not to fail, so any false-alarm rate derived from these sites is a lower bound on the true rate"
ctl-60374-1,60374,2022-09-01,29.83679,80.42681,6.36,6.01,"absence of a record is not evidence of stability: a control is a slope with no recorded failure, not a slope proven not to fail, so any false-alarm rate derived from these sites is a lower bound on the true rate"
ctl-60374-2,60374,2022-09-01,29.74786,80.40364,6.96,3.43,"absence of a record is not evidence of stability: a control is a slope with no recorded failure, not a slope proven not to fail, so any false-alarm rate derived from these sites is a lower bound on the true rate"
ctl-60374-3,60374,2022-09-01,29.80163,80.46329,1.64,1.64,"absence of a record is not evidence of stability: a control is a slope with no recorded failure, not a slope proven not to fail, so any false-alarm rate derived from these sites is a lower bound on the true rate"
ctl-60376-1,60376,2022-09-01,28.50997,83.37972,10.3,3.89,"absence of a record is not evidence of stability: a control is a slope with no recorded failure, not a slope proven not to fail, so any false-alarm rate derived from these sites is a lower bound on the true rate"
ctl-60376-2,60376,2022-09-01,28.42951,83.33034,8.34,1.58,"absence of a record is not evidence of stability: a control is a slope with no recorded failure, not a slope proven not to fail, so any false-alarm rate derived from these sites is a lower bound on the true rate"
ctl-60376-3,60376,2022-09-01,28.45008,83.36803,5.53,2.65,"absence of a record is not evidence of stability: a control is a slope with no recorded failure, not a slope proven not to fail, so any false-alarm rate derived from these sites is a lower bound on the true rate"
ctl-60377-1,60377,2022-09-01,29.3186,81.28772,3.54,1.26,"absence of a record is not evidence of stability: a control is a slope with no recorded failure, not a slope proven not to fail, so any false-alarm rate derived from these sites is a lower bound on the true rate"
ctl-60377-2,60377,2022-09-01,29.31719,81.32253,1.1,1.1,"absence of a record is not evidence of stability: a control is a slope with no recorded failure, not a slope proven not to fail, so any false-alarm rate derived from these sites is a lower bound on the true rate"
ctl-60377-3,60377,2022-09-01,29.27139,81.26554,8.33,3.01,"absence of a record is not evidence of stability: a control is a slope with no recorded failure, not a slope proven not to fail, so any false-alarm rate derived from these sites is a lower bound on the true rate"
ctl-60378-1,60378,2022-09-01,29.32344,81.22816,6.31,1.83,"absence of a record is not evidence of stability: a control is a slope with no recorded failure, not a slope proven not to fail, so any false-alarm rate derived from these sites is a lower bound on the true rate"
ctl-60378-2,60378,2022-09-01,29.37088,81.21967,1.07,1.07,"absence of a record is not evidence of stability: a control is a slope with no recorded failure, not a slope proven not to fail, so any false-alarm rate derived from these sites is a lower bound on the true rate"
ctl-60378-3,60378,2022-09-01,29.37003,81.22106,1.13,1.13,"absence of a record is not evidence of stability: a control is a slope with no recorded failure, not a slope proven not to fail, so any false-alarm rate derived from these sites is a lower bound on the true rate"
ctl-60494-1,60494,2022-09-17,29.07033,81.31952,1.19,1.19,"absence of a record is not evidence of stability: a control is a slope with no recorded failure, not a slope proven not to fail, so any false-alarm rate derived from these sites is a lower bound on the true rate"
ctl-60494-2,60494,2022-09-17,29.09233,81.24964,8.4,1.85,"absence of a record is not evidence of stability: a control is a slope with no recorded failure, not a slope proven not to fail, so any false-alarm rate derived from these sites is a lower bound on the true rate"
ctl-60494-3,60494,2022-09-17,29.14356,81.40125,10.99,3.38,"absence of a record is not evidence of stability: a control is a slope with no recorded failure, not a slope proven not to fail, so any false-alarm rate derived from these sites is a lower bound on the true rate"
ctl-60495-1,60495,2022-09-17,29.11091,81.33935,2.06,2.06,"absence of a record is not evidence of stability: a control is a slope with no recorded failure, not a slope proven not to fail, so any false-alarm rate derived from these sites is a lower bound on the true rate"
ctl-60495-2,60495,2022-09-17,29.07237,81.31702,3.11,1.36,"absence of a record is not evidence of stability: a control is a slope with no recorded failure, not a slope proven not to fail, so any false-alarm rate derived from these sites is a lower bound on the true rate"
ctl-60495-3,60495,2022-09-17,29.0902,81.42418,9.96,3.98,"absence of a record is not evidence of stability: a control is a slope with no recorded failure, not a slope proven not to fail, so any false-alarm rate derived from these sites is a lower bound on the true rate"
ctl-60496-1,60496,2022-09-17,28.90628,81.37206,5.36,5.36,"absence of a record is not evidence of stability: a control is a slope with no recorded failure, not a slope proven not to fail, so any false-alarm rate derived from these sites is a lower bound on the true rate"
ctl-60496-2,60496,2022-09-17,28.89487,81.31035,5.46,5.46,"absence of a record is not evidence of stability: a control is a slope with no recorded failure, not a slope proven not to fail, so any false-alarm rate derived from these sites is a lower bound on the true rate"
ctl-60496-3,60496,2022-09-17,28.95608,81.45331,11.88,2.95,"absence of a record is not evidence of stability: a control is a slope with no recorded failure, not a slope proven not to fail, so any false-alarm rate derived from these sites is a lower bound on the true rate"
ctl-60500-1,60500,2022-09-17,28.99619,81.21861,8.51,1.14,"absence of a record is not evidence of stability: a control is a slope with no recorded failure, not a slope proven not to fail, so any false-alarm rate derived from these sites is a lower bound on the true rate"
ctl-60500-2,60500,2022-09-17,29.02196,81.34332,9.34,5.07,"absence of a record is not evidence of stability: a control is a slope with no recorded failure, not a slope proven not to fail, so any false-alarm rate derived from these sites is a lower bound on the true rate"
ctl-60500-3,60500,2022-09-17,28.90807,81.27283,5.17,5.17,"absence of a record is not evidence of stability: a control is a slope with no recorded failure, not a slope proven not to fail, so any false-alarm rate derived from these sites is a lower bound on the true rate"
ctl-60505-1,60505,2022-09-17,28.85417,81.33102,1.62,1.62,"absence of a record is not evidence of stability: a control is a slope with no recorded failure, not a slope proven not to fail, so any false-alarm rate derived from these sites is a lower bound on the true rate"
ctl-60505-2,60505,2022-09-17,28.81375,81.33007,2.88,2.03,"absence of a record is not evidence of stability: a control is a slope with no recorded failure, not a slope proven not to fail, so any false-alarm rate derived from these sites is a lower bound on the true rate"
ctl-60505-3,60505,2022-09-17,28.85078,81.27221,5.77,5.77,"absence of a record is not evidence of stability: a control is a slope with no recorded failure, not a slope proven not to fail, so any false-alarm rate derived from these sites is a lower bound on the true rate"
ctl-60506-1,60506,2022-09-17,28.86226,81.29125,7.22,4.54,"absence of a record is not evidence of stability: a control is a slope with no recorded failure, not a slope proven not to fail, so any false-alarm rate derived from these sites is a lower bound on the true rate"
ctl-60506-2,60506,2022-09-17,28.80342,81.34523,2.05,2.05,"absence of a record is not evidence of stability: a control is a slope with no recorded failure, not a slope proven not to fail, so any false-alarm rate derived from these sites is a lower bound on the true rate"
ctl-60506-3,60506,2022-09-17,28.82471,81.36354,1.47,1.47,"absence of a record is not evidence of stability: a control is a slope with no recorded failure, not a slope proven not to fail, so any false-alarm rate derived from these sites is a lower bound on the true rate"
ctl-60519-1,60519,2022-09-17,29.08251,80.56424,10.54,1.99,"absence of a record is not evidence of stability: a control is a slope with no recorded failure, not a slope proven not to fail, so any false-alarm rate derived from these sites is a lower bound on the true rate"
ctl-60519-2,60519,2022-09-17,29.06402,80.65305,6.22,3.1,"absence of a record is not evidence of stability: a control is a slope with no recorded failure, not a slope proven not to fail, so any false-alarm rate derived from these sites is a lower bound on the true rate"
ctl-60519-3,60519,2022-09-17,29.02501,80.62617,1.82,1.82,"absence of a record is not evidence of stability: a control is a slope with no recorded failure, not a slope proven not to fail, so any false-alarm rate derived from these sites is a lower bound on the true rate"
ctl-60664-1,60664,2022-10-05,28.09342,82.86784,10.88,3.23,"absence of a record is not evidence of stability: a control is a slope with no recorded failure, not a slope proven not to fail, so any false-alarm rate derived from these sites is a lower bound on the true rate"
ctl-60664-2,60664,2022-10-05,28.19461,82.90496,1.36,1.36,"absence of a record is not evidence of stability: a control is a slope with no recorded failure, not a slope proven not to fail, so any false-alarm rate derived from these sites is a lower bound on the true rate"
ctl-60664-3,60664,2022-10-05,28.22247,82.90007,4.45,2.51,"absence of a record is not evidence of stability: a control is a slope with no recorded failure, not a slope proven not to fail, so any false-alarm rate derived from these sites is a lower bound on the true rate"
ctl-60680-1,60680,2022-10-05,28.44075,82.27383,7.45,5.96,"absence of a record is not evidence of stability: a control is a slope with no recorded failure, not a slope proven not to fail, so any false-alarm rate derived from these sites is a lower bound on the true rate"
ctl-60680-2,60680,2022-10-05,28.37606,82.40387,8.83,3.18,"absence of a record is not evidence of stability: a control is a slope with no recorded failure, not a slope proven not to fail, so any false-alarm rate derived from these sites is a lower bound on the true rate"
ctl-60680-3,60680,2022-10-05,28.44847,82.36609,1.84,1.84,"absence of a record is not evidence of stability: a control is a slope with no recorded failure, not a slope proven not to fail, so any false-alarm rate derived from these sites is a lower bound on the true rate"
ctl-60683-1,60683,2022-10-06,28.70695,82.34349,3.64,3.64,"absence of a record is not evidence of stability: a control is a slope with no recorded failure, not a slope proven not to fail, so any false-alarm rate derived from these sites is a lower bound on the true rate"
ctl-60683-2,60683,2022-10-06,28.7281,82.34293,5.27,2.76,"absence of a record is not evidence of stability: a control is a slope with no recorded failure, not a slope proven not to fail, so any false-alarm rate derived from these sites is a lower bound on the true rate"
ctl-60683-3,60683,2022-10-06,28.69181,82.32808,4.64,3.43,"absence of a record is not evidence of stability: a control is a slope with no recorded failure, not a slope proven not to fail, so any false-alarm rate derived from these sites is a lower bound on the true rate"
ctl-60690-1,60690,2022-10-07,27.72953,85.20796,2.54,2.54,"absence of a record is not evidence of stability: a control is a slope with no recorded failure, not a slope proven not to fail, so any false-alarm rate derived from these sites is a lower bound on the true rate"
ctl-60690-2,60690,2022-10-07,27.62624,85.20937,8.96,3.42,"absence of a record is not evidence of stability: a control is a slope with no recorded failure, not a slope proven not to fail, so any false-alarm rate derived from these sites is a lower bound on the true rate"
ctl-60690-3,60690,2022-10-07,27.80611,85.24918,11.7,1.61,"absence of a record is not evidence of stability: a control is a slope with no recorded failure, not a slope proven not to fail, so any false-alarm rate derived from these sites is a lower bound on the true rate"
ctl-60692-1,60692,2022-10-06,28.43946,82.27483,5.8,5.8,"absence of a record is not evidence of stability: a control is a slope with no recorded failure, not a slope proven not to fail, so any false-alarm rate derived from these sites is a lower bound on the true rate"
ctl-60692-2,60692,2022-10-06,28.41695,82.27705,4.74,4.74,"absence of a record is not evidence of stability: a control is a slope with no recorded failure, not a slope proven not to fail, so any false-alarm rate derived from these sites is a lower bound on the true rate"
ctl-60692-3,60692,2022-10-06,28.32954,82.39619,11.49,1.89,"absence of a record is not evidence of stability: a control is a slope with no recorded failure, not a slope proven not to fail, so any false-alarm rate derived from these sites is a lower bound on the true rate"
ctl-60704-1,60704,2022-10-07,28.10678,83.11182,9.5,1.12,"absence of a record is not evidence of stability: a control is a slope with no recorded failure, not a slope proven not to fail, so any false-alarm rate derived from these sites is a lower bound on the true rate"
ctl-60704-2,60704,2022-10-07,28.05878,83.09201,4.0,1.48,"absence of a record is not evidence of stability: a control is a slope with no recorded failure, not a slope proven not to fail, so any false-alarm rate derived from these sites is a lower bound on the true rate"
ctl-60704-3,60704,2022-10-07,27.98738,83.14514,6.39,1.44,"absence of a record is not evidence of stability: a control is a slope with no recorded failure, not a slope proven not to fail, so any false-alarm rate derived from these sites is a lower bound on the true rate"
ctl-60707-1,60707,2022-10-07,28.46046,81.70592,11.34,1.1,"absence of a record is not evidence of stability: a control is a slope with no recorded failure, not a slope proven not to fail, so any false-alarm rate derived from these sites is a lower bound on the true rate"
ctl-60707-2,60707,2022-10-07,28.5127,81.58432,8.47,8.47,"absence of a record is not evidence of stability: a control is a slope with no recorded failure, not a slope proven not to fail, so any false-alarm rate derived from these sites is a lower bound on the true rate"
ctl-60707-3,60707,2022-10-07,28.54041,81.64424,1.94,1.94,"absence of a record is not evidence of stability: a control is a slope with no recorded failure, not a slope proven not to fail, so any false-alarm rate derived from these sites is a lower bound on the true rate"
ctl-60709-1,60709,2022-10-07,28.65306,81.82965,9.77,3.65,"absence of a record is not evidence of stability: a control is a slope with no recorded failure, not a slope proven not to fail, so any false-alarm rate derived from these sites is a lower bound on the true rate"
ctl-60709-2,60709,2022-10-07,28.68291,81.94315,1.9,1.9,"absence of a record is not evidence of stability: a control is a slope with no recorded failure, not a slope proven not to fail, so any false-alarm rate derived from these sites is a lower bound on the true rate"
ctl-60709-3,60709,2022-10-07,28.62038,81.8597,8.82,7.92,"absence of a record is not evidence of stability: a control is a slope with no recorded failure, not a slope proven not to fail, so any false-alarm rate derived from these sites is a lower bound on the true rate"
ctl-60710-1,60710,2022-10-07,28.85941,82.35928,9.13,2.33,"absence of a record is not evidence of stability: a control is a slope with no recorded failure, not a slope proven not to fail, so any false-alarm rate derived from these sites is a lower bound on the true rate"
ctl-60710-2,60710,2022-10-07,28.9123,82.27438,2.17,2.17,"absence of a record is not evidence of stability: a control is a slope with no recorded failure, not a slope proven not to fail, so any false-alarm rate derived from these sites is a lower bound on the true rate"
ctl-60710-3,60710,2022-10-07,28.86767,82.30838,4.39,4.04,"absence of a record is not evidence of stability: a control is a slope with no recorded failure, not a slope proven not to fail, so any false-alarm rate derived from these sites is a lower bound on the true rate"
ctl-60722-1,60722,2022-10-07,28.58714,82.43184,3.96,2.13,"absence of a record is not evidence of stability: a control is a slope with no recorded failure, not a slope proven not to fail, so any false-alarm rate derived from these sites is a lower bound on the true rate"
ctl-60722-2,60722,2022-10-07,28.53707,82.41172,3.06,1.39,"absence of a record is not evidence of stability: a control is a slope with no recorded failure, not a slope proven not to fail, so any false-alarm rate derived from these sites is a lower bound on the true rate"
ctl-60722-3,60722,2022-10-07,28.50972,82.4415,7.09,1.47,"absence of a record is not evidence of stability: a control is a slope with no recorded failure, not a slope proven not to fail, so any false-alarm rate derived from these sites is a lower bound on the true rate"
ctl-60732-1,60732,2022-10-07,28.01175,82.63324,1.29,1.29,"absence of a record is not evidence of stability: a control is a slope with no recorded failure, not a slope proven not to fail, so any false-alarm rate derived from these sites is a lower bound on the true rate"
ctl-60732-2,60732,2022-10-07,28.00394,82.61092,2.02,2.02,"absence of a record is not evidence of stability: a control is a slope with no recorded failure, not a slope proven not to fail, so any false-alarm rate derived from these sites is a lower bound on the true rate"
ctl-60732-3,60732,2022-10-07,27.98795,82.65351,4.56,4.56,"absence of a record is not evidence of stability: a control is a slope with no recorded failure, not a slope proven not to fail, so any false-alarm rate derived from these sites is a lower bound on the true rate"
ctl-60735-1,60735,2022-10-07,27.9591,82.81342,4.21,2.36,"absence of a record is not evidence of stability: a control is a slope with no recorded failure, not a slope proven not to fail, so any false-alarm rate derived from these sites is a lower bound on the true rate"
ctl-60735-2,60735,2022-10-07,28.00202,82.77422,1.93,1.93,"absence of a record is not evidence of stability: a control is a slope with no recorded failure, not a slope proven not to fail, so any false-alarm rate derived from these sites is a lower bound on the true rate"
ctl-60735-3,60735,2022-10-07,28.08542,82.77042,10.94,4.51,"absence of a record is not evidence of stability: a control is a slope with no recorded failure, not a slope proven not to fail, so any false-alarm rate derived from these sites is a lower bound on the true rate"
ctl-60739-1,60739,2022-10-08,28.35136,83.16139,7.28,2.56,"absence of a record is not evidence of stability: a control is a slope with no recorded failure, not a slope proven not to fail, so any false-alarm rate derived from these sites is a lower bound on the true rate"
ctl-60739-2,60739,2022-10-08,28.34962,83.13682,5.18,3.56,"absence of a record is not evidence of stability: a control is a slope with no recorded failure, not a slope proven not to fail, so any false-alarm rate derived from these sites is a lower bound on the true rate"
ctl-60739-3,60739,2022-10-08,28.28095,83.09818,4.31,2.69,"absence of a record is not evidence of stability: a control is a slope with no recorded failure, not a slope proven not to fail, so any false-alarm rate derived from these sites is a lower bound on the true rate"
ctl-60740-1,60740,2022-10-06,27.746,85.16586,1.69,1.69,"absence of a record is not evidence of stability: a control is a slope with no recorded failure, not a slope proven not to fail, so any false-alarm rate derived from these sites is a lower bound on the true rate"
ctl-60740-2,60740,2022-10-06,27.70962,85.16465,5.63,1.9,"absence of a record is not evidence of stability: a control is a slope with no recorded failure, not a slope proven not to fail, so any false-alarm rate derived from these sites is a lower bound on the true rate"
ctl-60740-3,60740,2022-10-06,27.75979,85.17773,1.84,1.84,"absence of a record is not evidence of stability: a control is a slope with no recorded failure, not a slope proven not to fail, so any false-alarm rate derived from these sites is a lower bound on the true rate"
ctl-60742-1,60742,2022-10-08,28.3581,82.0896,3.71,3.71,"absence of a record is not evidence of stability: a control is a slope with no recorded failure, not a slope proven not to fail, so any false-alarm rate derived from these sites is a lower bound on the true rate"
ctl-60742-2,60742,2022-10-08,28.40438,82.18886,7.52,2.75,"absence of a record is not evidence of stability: a control is a slope with no recorded failure, not a slope proven not to fail, so any false-alarm rate derived from these sites is a lower bound on the true rate"
ctl-60742-3,60742,2022-10-08,28.3751,82.13734,2.17,2.17,"absence of a record is not evidence of stability: a control is a slope with no recorded failure, not a slope proven not to fail, so any false-alarm rate derived from these sites is a lower bound on the true rate"
ctl-60743-1,60743,2022-10-08,29.35273,82.10716,11.43,6.78,"absence of a record is not evidence of stability: a control is a slope with no recorded failure, not a slope proven not to fail, so any false-alarm rate derived from these sites is a lower bound on the true rate"
ctl-60743-2,60743,2022-10-08,29.42689,81.92857,7.81,5.24,"absence of a record is not evidence of stability: a control is a slope with no recorded failure, not a slope proven not to fail, so any false-alarm rate derived from these sites is a lower bound on the true rate"
ctl-60743-3,60743,2022-10-08,29.38238,82.04571,4.62,4.62,"absence of a record is not evidence of stability: a control is a slope with no recorded failure, not a slope proven not to fail, so any false-alarm rate derived from these sites is a lower bound on the true rate"
ctl-60746-1,60746,2022-10-08,28.11911,82.65429,9.96,3.24,"absence of a record is not evidence of stability: a control is a slope with no recorded failure, not a slope proven not to fail, so any false-alarm rate derived from these sites is a lower bound on the true rate"
ctl-60746-2,60746,2022-10-08,28.13127,82.82271,11.7,3.43,"absence of a record is not evidence of stability: a control is a slope with no recorded failure, not a slope proven not to fail, so any false-alarm rate derived from these sites is a lower bound on the true rate"
ctl-60746-3,60746,2022-10-08,28.10069,82.7177,4.52,4.52,"absence of a record is not evidence of stability: a control is a slope with no recorded failure, not a slope proven not to fail, so any false-alarm rate derived from these sites is a lower bound on the true rate"
ctl-60759-1,60759,2022-10-09,28.07867,82.684,3.21,3.21,"absence of a record is not evidence of stability: a control is a slope with no recorded failure, not a slope proven not to fail, so any false-alarm rate derived from these sites is a lower bound on the true rate"
ctl-60759-2,60759,2022-10-09,28.19227,82.63086,11.6,5.19,"absence of a record is not evidence of stability: a control is a slope with no recorded failure, not a slope proven not to fail, so any false-alarm rate derived from these sites is a lower bound on the true rate"
ctl-60759-3,60759,2022-10-09,28.07717,82.61365,4.2,4.2,"absence of a record is not evidence of stability: a control is a slope with no recorded failure, not a slope proven not to fail, so any false-alarm rate derived from these sites is a lower bound on the true rate"
ctl-60770-1,60770,2022-10-10,29.39417,81.63087,6.39,6.39,"absence of a record is not evidence of stability: a control is a slope with no recorded failure, not a slope proven not to fail, so any false-alarm rate derived from these sites is a lower bound on the true rate"
ctl-60770-2,60770,2022-10-10,29.42182,81.68774,3.66,3.66,"absence of a record is not evidence of stability: a control is a slope with no recorded failure, not a slope proven not to fail, so any false-alarm rate derived from these sites is a lower bound on the true rate"
ctl-60770-3,60770,2022-10-10,29.37513,81.72533,9.97,1.5,"absence of a record is not evidence of stability: a control is a slope with no recorded failure, not a slope proven not to fail, so any false-alarm rate derived from these sites is a lower bound on the true rate"
ctl-60771-1,60771,2022-10-09,29.49042,80.89323,2.25,2.25,"absence of a record is not evidence of stability: a control is a slope with no recorded failure, not a slope proven not to fail, so any false-alarm rate derived from these sites is a lower bound on the true rate"
ctl-60771-2,60771,2022-10-09,29.4443,80.88038,7.51,5.92,"absence of a record is not evidence of stability: a control is a slope with no recorded failure, not a slope proven not to fail, so any false-alarm rate derived from these sites is a lower bound on the true rate"
ctl-60771-3,60771,2022-10-09,29.43646,80.87515,8.49,5.03,"absence of a record is not evidence of stability: a control is a slope with no recorded failure, not a slope proven not to fail, so any false-alarm rate derived from these sites is a lower bound on the true rate"
ctl-60773-1,60773,2022-10-10,29.4099,82.24327,11.47,9.56,"absence of a record is not evidence of stability: a control is a slope with no recorded failure, not a slope proven not to fail, so any false-alarm rate derived from these sites is a lower bound on the true rate"
ctl-60773-2,60773,2022-10-10,29.43692,82.24919,8.78,7.23,"absence of a record is not evidence of stability: a control is a slope with no recorded failure, not a slope proven not to fail, so any false-alarm rate derived from these sites is a lower bound on the true rate"
ctl-60773-3,60773,2022-10-10,29.49679,82.17433,4.2,3.79,"absence of a record is not evidence of stability: a control is a slope with no recorded failure, not a slope proven not to fail, so any false-alarm rate derived from these sites is a lower bound on the true rate"
ctl-60774-1,60774,2022-10-09,29.13723,81.84652,5.49,4.08,"absence of a record is not evidence of stability: a control is a slope with no recorded failure, not a slope proven not to fail, so any false-alarm rate derived from these sites is a lower bound on the true rate"
ctl-60774-2,60774,2022-10-09,29.19023,81.92814,7.96,2.82,"absence of a record is not evidence of stability: a control is a slope with no recorded failure, not a slope proven not to fail, so any false-alarm rate derived from these sites is a lower bound on the true rate"
ctl-60774-3,60774,2022-10-09,29.17059,81.76345,8.24,1.73,"absence of a record is not evidence of stability: a control is a slope with no recorded failure, not a slope proven not to fail, so any false-alarm rate derived from these sites is a lower bound on the true rate"
ctl-60787-1,60787,2022-10-10,29.00436,81.79399,11.88,3.71,"absence of a record is not evidence of stability: a control is a slope with no recorded failure, not a slope proven not to fail, so any false-alarm rate derived from these sites is a lower bound on the true rate"
ctl-60787-2,60787,2022-10-10,29.06178,81.77576,5.4,3.66,"absence of a record is not evidence of stability: a control is a slope with no recorded failure, not a slope proven not to fail, so any false-alarm rate derived from these sites is a lower bound on the true rate"
ctl-60787-3,60787,2022-10-10,29.07454,81.67128,11.11,3.78,"absence of a record is not evidence of stability: a control is a slope with no recorded failure, not a slope proven not to fail, so any false-alarm rate derived from these sites is a lower bound on the true rate"
ctl-60792-1,60792,2022-10-09,29.20506,81.74396,6.97,1.18,"absence of a record is not evidence of stability: a control is a slope with no recorded failure, not a slope proven not to fail, so any false-alarm rate derived from these sites is a lower bound on the true rate"
ctl-60792-2,60792,2022-10-09,29.22445,81.78233,4.95,3.24,"absence of a record is not evidence of stability: a control is a slope with no recorded failure, not a slope proven not to fail, so any false-alarm rate derived from these sites is a lower bound on the true rate"
ctl-60792-3,60792,2022-10-09,29.1491,81.75922,6.9,3.43,"absence of a record is not evidence of stability: a control is a slope with no recorded failure, not a slope proven not to fail, so any false-alarm rate derived from these sites is a lower bound on the true rate"
ctl-60798-1,60798,2022-10-11,29.35009,81.28994,1.93,1.93,"absence of a record is not evidence of stability: a control is a slope with no recorded failure, not a slope proven not to fail, so any false-alarm rate derived from these sites is a lower bound on the true rate"
ctl-60798-2,60798,2022-10-11,29.30269,81.37678,8.23,3.87,"absence of a record is not evidence of stability: a control is a slope with no recorded failure, not a slope proven not to fail, so any false-alarm rate derived from these sites is a lower bound on the true rate"
ctl-60798-3,60798,2022-10-11,29.41814,81.33272,8.11,3.51,"absence of a record is not evidence of stability: a control is a slope with no recorded failure, not a slope proven not to fail, so any false-alarm rate derived from these sites is a lower bound on the true rate"
ctl-60799-1,60799,2022-10-09,29.6241,81.69419,11.81,3.95,"absence of a record is not evidence of stability: a control is a slope with no recorded failure, not a slope proven not to fail, so any false-alarm rate derived from these sites is a lower bound on the true rate"
ctl-60799-2,60799,2022-10-09,29.67165,81.74814,5.39,3.89,"absence of a record is not evidence of stability: a control is a slope with no recorded failure, not a slope proven not to fail, so any false-alarm rate derived from these sites is a lower bound on the true rate"
ctl-60799-3,60799,2022-10-09,29.57623,81.85477,11.61,4.1,"absence of a record is not evidence of stability: a control is a slope with no recorded failure, not a slope proven not to fail, so any false-alarm rate derived from these sites is a lower bound on the true rate"
ctl-60800-1,60800,2022-10-10,28.86112,81.67373,1.11,1.11,"absence of a record is not evidence of stability: a control is a slope with no recorded failure, not a slope proven not to fail, so any false-alarm rate derived from these sites is a lower bound on the true rate"
ctl-60800-2,60800,2022-10-10,28.80264,81.6543,6.61,4.08,"absence of a record is not evidence of stability: a control is a slope with no recorded failure, not a slope proven not to fail, so any false-alarm rate derived from these sites is a lower bound on the true rate"
ctl-60800-3,60800,2022-10-10,28.8026,81.62781,7.38,1.61,"absence of a record is not evidence of stability: a control is a slope with no recorded failure, not a slope proven not to fail, so any false-alarm rate derived from these sites is a lower bound on the true rate"
ctl-60807-1,60807,2022-10-08,29.10443,81.94432,5.9,5.9,"absence of a record is not evidence of stability: a control is a slope with no recorded failure, not a slope proven not to fail, so any false-alarm rate derived from these sites is a lower bound on the true rate"
ctl-60807-2,60807,2022-10-08,29.07311,81.85435,9.49,4.94,"absence of a record is not evidence of stability: a control is a slope with no recorded failure, not a slope proven not to fail, so any false-alarm rate derived from these sites is a lower bound on the true rate"
ctl-60807-3,60807,2022-10-08,29.11269,81.9613,6.5,6.5,"absence of a record is not evidence of stability: a control is a slope with no recorded failure, not a slope proven not to fail, so any false-alarm rate derived from these sites is a lower bound on the true rate"
ctl-60808-1,60808,2022-10-09,29.35607,81.70477,5.57,1.48,"absence of a record is not evidence of stability: a control is a slope with no recorded failure, not a slope proven not to fail, so any false-alarm rate derived from these sites is a lower bound on the true rate"
ctl-60808-2,60808,2022-10-09,29.32647,81.70991,2.27,1.91,"absence of a record is not evidence of stability: a control is a slope with no recorded failure, not a slope proven not to fail, so any false-alarm rate derived from these sites is a lower bound on the true rate"
ctl-60808-3,60808,2022-10-09,29.29871,81.74284,2.56,2.56,"absence of a record is not evidence of stability: a control is a slope with no recorded failure, not a slope proven not to fail, so any false-alarm rate derived from these sites is a lower bound on the true rate"
ctl-60813-1,60813,2022-10-11,28.82388,81.67253,6.0,4.32,"absence of a record is not evidence of stability: a control is a slope with no recorded failure, not a slope proven not to fail, so any false-alarm rate derived from these sites is a lower bound on the true rate"
ctl-60813-2,60813,2022-10-11,28.75336,81.62284,6.31,2.35,"absence of a record is not evidence of stability: a control is a slope with no recorded failure, not a slope proven not to fail, so any false-alarm rate derived from these sites is a lower bound on the true rate"
ctl-60813-3,60813,2022-10-11,28.79227,81.55682,5.81,2.78,"absence of a record is not evidence of stability: a control is a slope with no recorded failure, not a slope proven not to fail, so any false-alarm rate derived from these sites is a lower bound on the true rate"
ctl-60814-1,60814,2022-10-11,29.57934,81.75582,4.5,2.27,"absence of a record is not evidence of stability: a control is a slope with no recorded failure, not a slope proven not to fail, so any false-alarm rate derived from these sites is a lower bound on the true rate"
ctl-60814-2,60814,2022-10-11,29.53636,81.62593,10.33,1.67,"absence of a record is not evidence of stability: a control is a slope with no recorded failure, not a slope proven not to fail, so any false-alarm rate derived from these sites is a lower bound on the true rate"
ctl-60814-3,60814,2022-10-11,29.63082,81.78649,8.44,3.64,"absence of a record is not evidence of stability: a control is a slope with no recorded failure, not a slope proven not to fail, so any false-alarm rate derived from these sites is a lower bound on the true rate"
ctl-60815-1,60815,2022-10-10,29.03042,81.60512,11.81,4.18,"absence of a record is not evidence of stability: a control is a slope with no recorded failure, not a slope proven not to fail, so any false-alarm rate derived from these sites is a lower bound on the true rate"
ctl-60815-2,60815,2022-10-10,29.04039,81.50908,2.92,1.77,"absence of a record is not evidence of stability: a control is a slope with no recorded failure, not a slope proven not to fail, so any false-alarm rate derived from these sites is a lower bound on the true rate"
ctl-60815-3,60815,2022-10-10,29.08849,81.46477,7.15,3.51,"absence of a record is not evidence of stability: a control is a slope with no recorded failure, not a slope proven not to fail, so any false-alarm rate derived from these sites is a lower bound on the true rate"
ctl-60818-1,60818,2022-10-11,28.09713,82.09464,3.55,3.55,"absence of a record is not evidence of stability: a control is a slope with no recorded failure, not a slope proven not to fail, so any false-alarm rate derived from these sites is a lower bound on the true rate"
ctl-60818-2,60818,2022-10-11,28.10623,82.05049,3.03,3.03,"absence of a record is not evidence of stability: a control is a slope with no recorded failure, not a slope proven not to fail, so any false-alarm rate derived from these sites is a lower bound on the true rate"
ctl-60818-3,60818,2022-10-11,28.17433,82.08501,5.75,5.75,"absence of a record is not evidence of stability: a control is a slope with no recorded failure, not a slope proven not to fail, so any false-alarm rate derived from these sites is a lower bound on the true rate"
ctl-64748-1,64748,2023-06-15,27.34146,86.58371,7.75,2.18,"absence of a record is not evidence of stability: a control is a slope with no recorded failure, not a slope proven not to fail, so any false-alarm rate derived from these sites is a lower bound on the true rate"
ctl-64748-2,64748,2023-06-15,27.26713,86.55841,7.51,3.38,"absence of a record is not evidence of stability: a control is a slope with no recorded failure, not a slope proven not to fail, so any false-alarm rate derived from these sites is a lower bound on the true rate"
ctl-64748-3,64748,2023-06-15,27.34038,86.59465,8.74,1.52,"absence of a record is not evidence of stability: a control is a slope with no recorded failure, not a slope proven not to fail, so any false-alarm rate derived from these sites is a lower bound on the true rate"
ctl-64818-1,64818,2023-06-17,27.44291,87.25289,9.26,2.25,"absence of a record is not evidence of stability: a control is a slope with no recorded failure, not a slope proven not to fail, so any false-alarm rate derived from these sites is a lower bound on the true rate"
ctl-64818-2,64818,2023-06-17,27.42503,87.35062,1.69,1.69,"absence of a record is not evidence of stability: a control is a slope with no recorded failure, not a slope proven not to fail, so any false-alarm rate derived from these sites is a lower bound on the true rate"
ctl-64818-3,64818,2023-06-17,27.44957,87.43931,10.58,6.51,"absence of a record is not evidence of stability: a control is a slope with no recorded failure, not a slope proven not to fail, so any false-alarm rate derived from these sites is a lower bound on the true rate"
ctl-64875-1,64875,2023-06-18,27.20889,87.99842,4.58,4.58,"absence of a record is not evidence of stability: a control is a slope with no recorded failure, not a slope proven not to fail, so any false-alarm rate derived from these sites is a lower bound on the true rate"
ctl-64875-2,64875,2023-06-18,27.27132,87.95637,3.88,3.11,"absence of a record is not evidence of stability: a control is a slope with no recorded failure, not a slope proven not to fail, so any false-alarm rate derived from these sites is a lower bound on the true rate"
ctl-64875-3,64875,2023-06-18,27.2094,87.93348,6.8,1.28,"absence of a record is not evidence of stability: a control is a slope with no recorded failure, not a slope proven not to fail, so any false-alarm rate derived from these sites is a lower bound on the true rate"
ctl-64883-1,64883,2023-06-19,27.12458,87.70086,7.56,1.82,"absence of a record is not evidence of stability: a control is a slope with no recorded failure, not a slope proven not to fail, so any false-alarm rate derived from these sites is a lower bound on the true rate"
ctl-64883-2,64883,2023-06-19,27.13794,87.81154,7.45,1.68,"absence of a record is not evidence of stability: a control is a slope with no recorded failure, not a slope proven not to fail, so any false-alarm rate derived from these sites is a lower bound on the true rate"
ctl-64883-3,64883,2023-06-19,27.10811,87.68011,10.29,1.28,"absence of a record is not evidence of stability: a control is a slope with no recorded failure, not a slope proven not to fail, so any false-alarm rate derived from these sites is a lower bound on the true rate"
ctl-64885-1,64885,2023-06-19,27.1541,87.5948,9.94,2.68,"absence of a record is not evidence of stability: a control is a slope with no recorded failure, not a slope proven not to fail, so any false-alarm rate derived from these sites is a lower bound on the true rate"
ctl-64885-2,64885,2023-06-19,27.14964,87.66305,4.27,4.27,"absence of a record is not evidence of stability: a control is a slope with no recorded failure, not a slope proven not to fail, so any false-alarm rate derived from these sites is a lower bound on the true rate"
ctl-64885-3,64885,2023-06-19,27.19007,87.70602,1.93,1.93,"absence of a record is not evidence of stability: a control is a slope with no recorded failure, not a slope proven not to fail, so any false-alarm rate derived from these sites is a lower bound on the true rate"
ctl-64964-1,64964,2023-06-23,29.66653,80.65007,2.29,2.29,"absence of a record is not evidence of stability: a control is a slope with no recorded failure, not a slope proven not to fail, so any false-alarm rate derived from these sites is a lower bound on the true rate"
ctl-64964-2,64964,2023-06-23,29.66414,80.59854,3.01,3.01,"absence of a record is not evidence of stability: a control is a slope with no recorded failure, not a slope proven not to fail, so any false-alarm rate derived from these sites is a lower bound on the true rate"
ctl-64964-3,64964,2023-06-23,29.62178,80.66138,6.61,2.23,"absence of a record is not evidence of stability: a control is a slope with no recorded failure, not a slope proven not to fail, so any false-alarm rate derived from these sites is a lower bound on the true rate"
ctl-64972-1,64972,2023-06-23,28.99756,81.67116,2.51,2.51,"absence of a record is not evidence of stability: a control is a slope with no recorded failure, not a slope proven not to fail, so any false-alarm rate derived from these sites is a lower bound on the true rate"
ctl-64972-2,64972,2023-06-23,28.99639,81.6304,3.04,3.04,"absence of a record is not evidence of stability: a control is a slope with no recorded failure, not a slope proven not to fail, so any false-alarm rate derived from these sites is a lower bound on the true rate"
ctl-64972-3,64972,2023-06-23,28.967,81.58379,8.62,7.08,"absence of a record is not evidence of stability: a control is a slope with no recorded failure, not a slope proven not to fail, so any false-alarm rate derived from these sites is a lower bound on the true rate"
ctl-64976-1,64976,2023-06-23,26.75548,88.11076,11.99,4.56,"absence of a record is not evidence of stability: a control is a slope with no recorded failure, not a slope proven not to fail, so any false-alarm rate derived from these sites is a lower bound on the true rate"
ctl-64976-2,64976,2023-06-23,26.8934,88.20124,6.38,6.38,"absence of a record is not evidence of stability: a control is a slope with no recorded failure, not a slope proven not to fail, so any false-alarm rate derived from these sites is a lower bound on the true rate"
ctl-64976-3,64976,2023-06-23,26.81874,88.16523,4.46,4.46,"absence of a record is not evidence of stability: a control is a slope with no recorded failure, not a slope proven not to fail, so any false-alarm rate derived from these sites is a lower bound on the true rate"
ctl-64980-1,64980,2023-06-24,28.2538,83.75853,1.59,1.59,"absence of a record is not evidence of stability: a control is a slope with no recorded failure, not a slope proven not to fail, so any false-alarm rate derived from these sites is a lower bound on the true rate"
ctl-64980-2,64980,2023-06-24,28.26933,83.75451,1.1,1.1,"absence of a record is not evidence of stability: a control is a slope with no recorded failure, not a slope proven not to fail, so any false-alarm rate derived from these sites is a lower bound on the true rate"
ctl-64980-3,64980,2023-06-24,28.35008,83.72307,9.96,2.9,"absence of a record is not evidence of stability: a control is a slope with no recorded failure, not a slope proven not to fail, so any false-alarm rate derived from these sites is a lower bound on the true rate"
ctl-65042-1,65042,2023-06-25,27.29475,86.64361,6.55,3.36,"absence of a record is not evidence of stability: a control is a slope with no recorded failure, not a slope proven not to fail, so any false-alarm rate derived from these sites is a lower bound on the true rate"
ctl-65042-2,65042,2023-06-25,27.28753,86.68514,8.52,3.74,"absence of a record is not evidence of stability: a control is a slope with no recorded failure, not a slope proven not to fail, so any false-alarm rate derived from these sites is a lower bound on the true rate"
ctl-65042-3,65042,2023-06-25,27.26191,86.64886,10.23,6.25,"absence of a record is not evidence of stability: a control is a slope with no recorded failure, not a slope proven not to fail, so any false-alarm rate derived from these sites is a lower bound on the true rate"
ctl-65059-1,65059,2023-06-24,27.71393,85.92142,1.91,1.91,"absence of a record is not evidence of stability: a control is a slope with no recorded failure, not a slope proven not to fail, so any false-alarm rate derived from these sites is a lower bound on the true rate"
ctl-65059-2,65059,2023-06-24,27.67509,86.00947,9.36,2.94,"absence of a record is not evidence of stability: a control is a slope with no recorded failure, not a slope proven not to fail, so any false-alarm rate derived from these sites is a lower bound on the true rate"
ctl-65059-3,65059,2023-06-24,27.66196,85.90813,4.02,4.02,"absence of a record is not evidence of stability: a control is a slope with no recorded failure, not a slope proven not to fail, so any false-alarm rate derived from these sites is a lower bound on the true rate"
ctl-65063-1,65063,2023-06-27,28.63693,82.06664,2.85,2.85,"absence of a record is not evidence of stability: a control is a slope with no recorded failure, not a slope proven not to fail, so any false-alarm rate derived from these sites is a lower bound on the true rate"
ctl-65063-2,65063,2023-06-27,28.66984,81.96552,9.16,3.77,"absence of a record is not evidence of stability: a control is a slope with no recorded failure, not a slope proven not to fail, so any false-alarm rate derived from these sites is a lower bound on the true rate"
ctl-65063-3,65063,2023-06-27,28.6648,82.0361,2.25,2.25,"absence of a record is not evidence of stability: a control is a slope with no recorded failure, not a slope proven not to fail, so any false-alarm rate derived from these sites is a lower bound on the true rate"
ctl-65084-1,65084,2023-06-24,27.29185,86.67752,10.05,4.62,"absence of a record is not evidence of stability: a control is a slope with no recorded failure, not a slope proven not to fail, so any false-alarm rate derived from these sites is a lower bound on the true rate"
ctl-65084-2,65084,2023-06-24,27.27572,86.57615,8.9,5.21,"absence of a record is not evidence of stability: a control is a slope with no recorded failure, not a slope proven not to fail, so any false-alarm rate derived from these sites is a lower bound on the true rate"
ctl-65084-3,65084,2023-06-24,27.43781,86.67416,11.87,4.15,"absence of a record is not evidence of stability: a control is a slope with no recorded failure, not a slope proven not to fail, so any false-alarm rate derived from these sites is a lower bound on the true rate"
ctl-65091-1,65091,2023-06-28,28.76993,81.50306,10.12,2.23,"absence of a record is not evidence of stability: a control is a slope with no recorded failure, not a slope proven not to fail, so any false-alarm rate derived from these sites is a lower bound on the true rate"
ctl-65091-2,65091,2023-06-28,28.73815,81.6565,5.94,1.55,"absence of a record is not evidence of stability: a control is a slope with no recorded failure, not a slope proven not to fail, so any false-alarm rate derived from these sites is a lower bound on the true rate"
ctl-65091-3,65091,2023-06-28,28.68597,81.6451,9.97,4.39,"absence of a record is not evidence of stability: a control is a slope with no recorded failure, not a slope proven not to fail, so any false-alarm rate derived from these sites is a lower bound on the true rate"
ctl-65105-1,65105,2023-06-29,28.33222,83.50204,11.92,1.09,"absence of a record is not evidence of stability: a control is a slope with no recorded failure, not a slope proven not to fail, so any false-alarm rate derived from these sites is a lower bound on the true rate"
ctl-65105-2,65105,2023-06-29,28.32709,83.58807,3.6,1.19,"absence of a record is not evidence of stability: a control is a slope with no recorded failure, not a slope proven not to fail, so any false-alarm rate derived from these sites is a lower bound on the true rate"
ctl-65105-3,65105,2023-06-29,28.27539,83.68369,7.46,2.57,"absence of a record is not evidence of stability: a control is a slope with no recorded failure, not a slope proven not to fail, so any false-alarm rate derived from these sites is a lower bound on the true rate"
ctl-65117-1,65117,2023-06-30,27.66991,85.32355,1.65,1.21,"absence of a record is not evidence of stability: a control is a slope with no recorded failure, not a slope proven not to fail, so any false-alarm rate derived from these sites is a lower bound on the true rate"
ctl-65117-2,65117,2023-06-30,27.64303,85.30003,4.09,1.1,"absence of a record is not evidence of stability: a control is a slope with no recorded failure, not a slope proven not to fail, so any false-alarm rate derived from these sites is a lower bound on the true rate"
ctl-65117-3,65117,2023-06-30,27.66704,85.2657,4.56,2.0,"absence of a record is not evidence of stability: a control is a slope with no recorded failure, not a slope proven not to fail, so any false-alarm rate derived from these sites is a lower bound on the true rate"
ctl-65150-1,65150,2023-06-30,29.22681,81.69211,4.18,3.02,"absence of a record is not evidence of stability: a control is a slope with no recorded failure, not a slope proven not to fail, so any false-alarm rate derived from these sites is a lower bound on the true rate"
ctl-65150-2,65150,2023-06-30,29.32428,81.63953,10.43,6.73,"absence of a record is not evidence of stability: a control is a slope with no recorded failure, not a slope proven not to fail, so any false-alarm rate derived from these sites is a lower bound on the true rate"
ctl-65150-3,65150,2023-06-30,29.29379,81.69843,8.46,2.46,"absence of a record is not evidence of stability: a control is a slope with no recorded failure, not a slope proven not to fail, so any false-alarm rate derived from these sites is a lower bound on the true rate"
ctl-65164-1,65164,2023-07-01,27.86259,83.86045,11.58,1.88,"absence of a record is not evidence of stability: a control is a slope with no recorded failure, not a slope proven not to fail, so any false-alarm rate derived from these sites is a lower bound on the true rate"
ctl-65164-2,65164,2023-07-01,27.9391,83.96993,11.09,4.33,"absence of a record is not evidence of stability: a control is a slope with no recorded failure, not a slope proven not to fail, so any false-alarm rate derived from these sites is a lower bound on the true rate"
ctl-65164-3,65164,2023-07-01,27.90558,84.05184,10.52,8.85,"absence of a record is not evidence of stability: a control is a slope with no recorded failure, not a slope proven not to fail, so any false-alarm rate derived from these sites is a lower bound on the true rate"
ctl-65178-1,65178,2023-07-02,27.91926,85.9873,10.52,3.44,"absence of a record is not evidence of stability: a control is a slope with no recorded failure, not a slope proven not to fail, so any false-alarm rate derived from these sites is a lower bound on the true rate"
ctl-65178-2,65178,2023-07-02,27.9566,85.80125,8.81,5.43,"absence of a record is not evidence of stability: a control is a slope with no recorded failure, not a slope proven not to fail, so any false-alarm rate derived from these sites is a lower bound on the true rate"
ctl-65178-3,65178,2023-07-02,27.88141,85.79501,9.37,1.47,"absence of a record is not evidence of stability: a control is a slope with no recorded failure, not a slope proven not to fail, so any false-alarm rate derived from these sites is a lower bound on the true rate"
ctl-65203-1,65203,2023-07-03,29.94641,81.64954,6.38,6.38,"absence of a record is not evidence of stability: a control is a slope with no recorded failure, not a slope proven not to fail, so any false-alarm rate derived from these sites is a lower bound on the true rate"
ctl-65203-2,65203,2023-07-03,29.96661,81.70156,3.95,3.95,"absence of a record is not evidence of stability: a control is a slope with no recorded failure, not a slope proven not to fail, so any false-alarm rate derived from these sites is a lower bound on the true rate"
ctl-65203-3,65203,2023-07-03,29.96129,81.63439,5.97,5.97,"absence of a record is not evidence of stability: a control is a slope with no recorded failure, not a slope proven not to fail, so any false-alarm rate derived from these sites is a lower bound on the true rate"
ctl-65227-1,65227,2023-07-04,27.95511,83.36775,10.67,3.84,"absence of a record is not evidence of stability: a control is a slope with no recorded failure, not a slope proven not to fail, so any false-alarm rate derived from these sites is a lower bound on the true rate"
ctl-65227-2,65227,2023-07-04,27.86454,83.37456,6.66,3.59,"absence of a record is not evidence of stability: a control is a slope with no recorded failure, not a slope proven not to fail, so any false-alarm rate derived from these sites is a lower bound on the true rate"
ctl-65227-3,65227,2023-07-04,27.80606,83.39199,11.29,3.15,"absence of a record is not evidence of stability: a control is a slope with no recorded failure, not a slope proven not to fail, so any false-alarm rate derived from these sites is a lower bound on the true rate"
ctl-65237-1,65237,2023-07-04,26.88171,87.09273,11.44,4.14,"absence of a record is not evidence of stability: a control is a slope with no recorded failure, not a slope proven not to fail, so any false-alarm rate derived from these sites is a lower bound on the true rate"
ctl-65237-2,65237,2023-07-04,26.93112,86.98045,1.03,1.03,"absence of a record is not evidence of stability: a control is a slope with no recorded failure, not a slope proven not to fail, so any false-alarm rate derived from these sites is a lower bound on the true rate"
ctl-65237-3,65237,2023-07-04,26.92,86.90005,9.05,9.05,"absence of a record is not evidence of stability: a control is a slope with no recorded failure, not a slope proven not to fail, so any false-alarm rate derived from these sites is a lower bound on the true rate"
ctl-65240-1,65240,2023-07-04,27.74592,84.84562,6.04,3.89,"absence of a record is not evidence of stability: a control is a slope with no recorded failure, not a slope proven not to fail, so any false-alarm rate derived from these sites is a lower bound on the true rate"
ctl-65240-2,65240,2023-07-04,27.81471,84.9177,4.93,4.63,"absence of a record is not evidence of stability: a control is a slope with no recorded failure, not a slope proven not to fail, so any false-alarm rate derived from these sites is a lower bound on the true rate"
ctl-65240-3,65240,2023-07-04,27.78621,84.96668,6.87,1.72,"absence of a record is not evidence of stability: a control is a slope with no recorded failure, not a slope proven not to fail, so any false-alarm rate derived from these sites is a lower bound on the true rate"
ctl-65278-1,65278,2023-07-04,27.13233,87.86677,5.72,1.95,"absence of a record is not evidence of stability: a control is a slope with no recorded failure, not a slope proven not to fail, so any false-alarm rate derived from these sites is a lower bound on the true rate"
ctl-65278-2,65278,2023-07-04,27.08274,87.78825,4.71,2.38,"absence of a record is not evidence of stability: a control is a slope with no recorded failure, not a slope proven not to fail, so any false-alarm rate derived from these sites is a lower bound on the true rate"
ctl-65278-3,65278,2023-07-04,27.05547,87.81734,7.22,1.57,"absence of a record is not evidence of stability: a control is a slope with no recorded failure, not a slope proven not to fail, so any false-alarm rate derived from these sites is a lower bound on the true rate"
ctl-65282-1,65282,2023-07-06,29.54255,82.08304,4.78,4.78,"absence of a record is not evidence of stability: a control is a slope with no recorded failure, not a slope proven not to fail, so any false-alarm rate derived from these sites is a lower bound on the true rate"
ctl-65282-2,65282,2023-07-06,29.57137,82.13732,1.53,1.53,"absence of a record is not evidence of stability: a control is a slope with no recorded failure, not a slope proven not to fail, so any false-alarm rate derived from these sites is a lower bound on the true rate"
ctl-65282-3,65282,2023-07-06,29.47654,82.15302,9.61,2.25,"absence of a record is not evidence of stability: a control is a slope with no recorded failure, not a slope proven not to fail, so any false-alarm rate derived from these sites is a lower bound on the true rate"
ctl-65430-1,65430,2023-07-15,27.75642,84.34784,2.36,2.36,"absence of a record is not evidence of stability: a control is a slope with no recorded failure, not a slope proven not to fail, so any false-alarm rate derived from these sites is a lower bound on the true rate"
ctl-65430-2,65430,2023-07-15,27.7957,84.36682,5.85,5.85,"absence of a record is not evidence of stability: a control is a slope with no recorded failure, not a slope proven not to fail, so any false-alarm rate derived from these sites is a lower bound on the true rate"
ctl-65430-3,65430,2023-07-15,27.79516,84.43072,8.56,5.67,"absence of a record is not evidence of stability: a control is a slope with no recorded failure, not a slope proven not to fail, so any false-alarm rate derived from these sites is a lower bound on the true rate"
ctl-65435-1,65435,2023-07-15,29.38312,80.88709,8.14,3.69,"absence of a record is not evidence of stability: a control is a slope with no recorded failure, not a slope proven not to fail, so any false-alarm rate derived from these sites is a lower bound on the true rate"
ctl-65435-2,65435,2023-07-15,29.32828,80.93119,11.25,1.0,"absence of a record is not evidence of stability: a control is a slope with no recorded failure, not a slope proven not to fail, so any false-alarm rate derived from these sites is a lower bound on the true rate"
ctl-65435-3,65435,2023-07-15,29.34331,80.90098,8.19,4.19,"absence of a record is not evidence of stability: a control is a slope with no recorded failure, not a slope proven not to fail, so any false-alarm rate derived from these sites is a lower bound on the true rate"
ctl-65737-1,65737,2023-08-07,27.89972,82.48004,5.08,5.08,"absence of a record is not evidence of stability: a control is a slope with no recorded failure, not a slope proven not to fail, so any false-alarm rate derived from these sites is a lower bound on the true rate"
ctl-65737-2,65737,2023-08-07,27.84195,82.52681,2.82,2.82,"absence of a record is not evidence of stability: a control is a slope with no recorded failure, not a slope proven not to fail, so any false-alarm rate derived from these sites is a lower bound on the true rate"
ctl-65737-3,65737,2023-08-07,27.84986,82.46734,4.36,4.36,"absence of a record is not evidence of stability: a control is a slope with no recorded failure, not a slope proven not to fail, so any false-alarm rate derived from these sites is a lower bound on the true rate"
ctl-65745-1,65745,2023-08-07,27.5059,85.02051,3.57,2.52,"absence of a record is not evidence of stability: a control is a slope with no recorded failure, not a slope proven not to fail, so any false-alarm rate derived from these sites is a lower bound on the true rate"
ctl-65745-2,65745,2023-08-07,27.60239,85.05113,8.73,3.78,"absence of a record is not evidence of stability: a control is a slope with no recorded failure, not a slope proven not to fail, so any false-alarm rate derived from these sites is a lower bound on the true rate"
ctl-65745-3,65745,2023-08-07,27.56157,85.09737,6.24,2.65,"absence of a record is not evidence of stability: a control is a slope with no recorded failure, not a slope proven not to fail, so any false-alarm rate derived from these sites is a lower bound on the true rate"
ctl-65757-1,65757,2023-08-08,27.69247,85.35651,3.48,1.01,"absence of a record is not evidence of stability: a control is a slope with no recorded failure, not a slope proven not to fail, so any false-alarm rate derived from these sites is a lower bound on the true rate"
ctl-65757-2,65757,2023-08-08,27.79529,85.38099,9.98,3.52,"absence of a record is not evidence of stability: a control is a slope with no recorded failure, not a slope proven not to fail, so any false-alarm rate derived from these sites is a lower bound on the true rate"
ctl-65757-3,65757,2023-08-08,27.74002,85.43082,5.64,1.55,"absence of a record is not evidence of stability: a control is a slope with no recorded failure, not a slope proven not to fail, so any false-alarm rate derived from these sites is a lower bound on the true rate"
ctl-65764-1,65764,2023-08-08,27.68756,85.42182,1.78,1.78,"absence of a record is not evidence of stability: a control is a slope with no recorded failure, not a slope proven not to fail, so any false-alarm rate derived from these sites is a lower bound on the true rate"
ctl-65764-2,65764,2023-08-08,27.76437,85.46475,9.03,1.67,"absence of a record is not evidence of stability: a control is a slope with no recorded failure, not a slope proven not to fail, so any false-alarm rate derived from these sites is a lower bound on the true rate"
ctl-65764-3,65764,2023-08-08,27.72871,85.37904,4.44,1.81,"absence of a record is not evidence of stability: a control is a slope with no recorded failure, not a slope proven not to fail, so any false-alarm rate derived from these sites is a lower bound on the true rate"
ctl-65768-1,65768,2023-08-08,27.74874,85.39089,9.27,1.82,"absence of a record is not evidence of stability: a control is a slope with no recorded failure, not a slope proven not to fail, so any false-alarm rate derived from these sites is a lower bound on the true rate"
ctl-65768-2,65768,2023-08-08,27.75964,85.41552,11.91,2.42,"absence of a record is not evidence of stability: a control is a slope with no recorded failure, not a slope proven not to fail, so any false-alarm rate derived from these sites is a lower bound on the true rate"
ctl-65768-3,65768,2023-08-08,27.75418,85.32465,6.83,1.21,"absence of a record is not evidence of stability: a control is a slope with no recorded failure, not a slope proven not to fail, so any false-alarm rate derived from these sites is a lower bound on the true rate"
ctl-65779-1,65779,2023-08-08,28.30648,83.07206,8.14,2.35,"absence of a record is not evidence of stability: a control is a slope with no recorded failure, not a slope proven not to fail, so any false-alarm rate derived from these sites is a lower bound on the true rate"
ctl-65779-2,65779,2023-08-08,28.31885,82.97565,8.94,7.66,"absence of a record is not evidence of stability: a control is a slope with no recorded failure, not a slope proven not to fail, so any false-alarm rate derived from these sites is a lower bound on the true rate"
ctl-65779-3,65779,2023-08-08,28.35422,83.05581,2.66,1.16,"absence of a record is not evidence of stability: a control is a slope with no recorded failure, not a slope proven not to fail, so any false-alarm rate derived from these sites is a lower bound on the true rate"
ctl-65781-1,65781,2023-08-08,27.47392,85.3731,8.54,2.61,"absence of a record is not evidence of stability: a control is a slope with no recorded failure, not a slope proven not to fail, so any false-alarm rate derived from these sites is a lower bound on the true rate"
ctl-65781-2,65781,2023-08-08,27.43913,85.45147,1.95,1.95,"absence of a record is not evidence of stability: a control is a slope with no recorded failure, not a slope proven not to fail, so any false-alarm rate derived from these sites is a lower bound on the true rate"
ctl-65781-3,65781,2023-08-08,27.35448,85.38971,9.27,6.8,"absence of a record is not evidence of stability: a control is a slope with no recorded failure, not a slope proven not to fail, so any false-alarm rate derived from these sites is a lower bound on the true rate"
ctl-65788-1,65788,2023-08-08,27.4518,84.37723,5.22,5.22,"absence of a record is not evidence of stability: a control is a slope with no recorded failure, not a slope proven not to fail, so any false-alarm rate derived from these sites is a lower bound on the true rate"
ctl-65788-2,65788,2023-08-08,27.43168,84.42407,4.45,4.45,"absence of a record is not evidence of stability: a control is a slope with no recorded failure, not a slope proven not to fail, so any false-alarm rate derived from these sites is a lower bound on the true rate"
ctl-65788-3,65788,2023-08-08,27.43749,84.41001,4.04,4.04,"absence of a record is not evidence of stability: a control is a slope with no recorded failure, not a slope proven not to fail, so any false-alarm rate derived from these sites is a lower bound on the true rate"
ctl-65801-1,65801,2023-08-08,28.01004,84.1706,7.08,2.99,"absence of a record is not evidence of stability: a control is a slope with no recorded failure, not a slope proven not to fail, so any false-alarm rate derived from these sites is a lower bound on the true rate"
ctl-65801-2,65801,2023-08-08,28.07404,84.13609,7.67,2.01,"absence of a record is not evidence of stability: a control is a slope with no recorded failure, not a slope proven not to fail, so any false-alarm rate derived from these sites is a lower bound on the true rate"
ctl-65801-3,65801,2023-08-08,28.1061,84.14155,8.58,2.38,"absence of a record is not evidence of stability: a control is a slope with no recorded failure, not a slope proven not to fail, so any false-alarm rate derived from these sites is a lower bound on the true rate"
ctl-65839-1,65839,2023-08-11,27.4495,85.49605,8.23,6.19,"absence of a record is not evidence of stability: a control is a slope with no recorded failure, not a slope proven not to fail, so any false-alarm rate derived from these sites is a lower bound on the true rate"
ctl-65839-2,65839,2023-08-11,27.41307,85.4129,6.69,2.97,"absence of a record is not evidence of stability: a control is a slope with no recorded failure, not a slope proven not to fail, so any false-alarm rate derived from these sites is a lower bound on the true rate"
ctl-65839-3,65839,2023-08-11,27.44972,85.50657,9.22,7.13,"absence of a record is not evidence of stability: a control is a slope with no recorded failure, not a slope proven not to fail, so any false-alarm rate derived from these sites is a lower bound on the true rate"
ctl-65849-1,65849,2023-08-11,27.39468,86.61778,1.6,1.6,"absence of a record is not evidence of stability: a control is a slope with no recorded failure, not a slope proven not to fail, so any false-alarm rate derived from these sites is a lower bound on the true rate"
ctl-65849-2,65849,2023-08-11,27.2799,86.63121,11.49,4.38,"absence of a record is not evidence of stability: a control is a slope with no recorded failure, not a slope proven not to fail, so any false-alarm rate derived from these sites is a lower bound on the true rate"
ctl-65849-3,65849,2023-08-11,27.36304,86.62753,2.24,1.73,"absence of a record is not evidence of stability: a control is a slope with no recorded failure, not a slope proven not to fail, so any false-alarm rate derived from these sites is a lower bound on the true rate"
ctl-65863-1,65863,2023-08-13,27.21184,87.07423,7.52,1.17,"absence of a record is not evidence of stability: a control is a slope with no recorded failure, not a slope proven not to fail, so any false-alarm rate derived from these sites is a lower bound on the true rate"
ctl-65863-2,65863,2023-08-13,27.38369,87.07791,11.74,1.91,"absence of a record is not evidence of stability: a control is a slope with no recorded failure, not a slope proven not to fail, so any false-alarm rate derived from these sites is a lower bound on the true rate"
ctl-65863-3,65863,2023-08-13,27.34685,87.17171,11.26,1.06,"absence of a record is not evidence of stability: a control is a slope with no recorded failure, not a slope proven not to fail, so any false-alarm rate derived from these sites is a lower bound on the true rate"
ctl-65926-1,65926,2023-08-16,27.6223,86.42549,10.46,5.66,"absence of a record is not evidence of stability: a control is a slope with no recorded failure, not a slope proven not to fail, so any false-alarm rate derived from these sites is a lower bound on the true rate"
ctl-65926-2,65926,2023-08-16,27.68936,86.42326,5.01,5.01,"absence of a record is not evidence of stability: a control is a slope with no recorded failure, not a slope proven not to fail, so any false-alarm rate derived from these sites is a lower bound on the true rate"
ctl-65926-3,65926,2023-08-16,27.78872,86.44284,9.38,9.13,"absence of a record is not evidence of stability: a control is a slope with no recorded failure, not a slope proven not to fail, so any false-alarm rate derived from these sites is a lower bound on the true rate"
ctl-66046-1,66046,2023-08-27,27.19505,86.79852,9.46,4.03,"absence of a record is not evidence of stability: a control is a slope with no recorded failure, not a slope proven not to fail, so any false-alarm rate derived from these sites is a lower bound on the true rate"
ctl-66046-2,66046,2023-08-27,27.10921,86.80605,1.74,1.74,"absence of a record is not evidence of stability: a control is a slope with no recorded failure, not a slope proven not to fail, so any false-alarm rate derived from these sites is a lower bound on the true rate"
ctl-66046-3,66046,2023-08-27,27.12241,86.79389,1.44,1.44,"absence of a record is not evidence of stability: a control is a slope with no recorded failure, not a slope proven not to fail, so any false-alarm rate derived from these sites is a lower bound on the true rate"
ctl-72148-1,72148,2024-06-17,27.90472,83.55836,9.67,3.58,"absence of a record is not evidence of stability: a control is a slope with no recorded failure, not a slope proven not to fail, so any false-alarm rate derived from these sites is a lower bound on the true rate"
ctl-72148-2,72148,2024-06-17,27.92053,83.56192,7.91,2.75,"absence of a record is not evidence of stability: a control is a slope with no recorded failure, not a slope proven not to fail, so any false-alarm rate derived from these sites is a lower bound on the true rate"
ctl-72148-3,72148,2024-06-17,27.9767,83.50837,5.56,2.22,"absence of a record is not evidence of stability: a control is a slope with no recorded failure, not a slope proven not to fail, so any false-alarm rate derived from these sites is a lower bound on the true rate"
ctl-72199-1,72199,2024-06-18,26.91709,87.42885,1.9,1.9,"absence of a record is not evidence of stability: a control is a slope with no recorded failure, not a slope proven not to fail, so any false-alarm rate derived from these sites is a lower bound on the true rate"
ctl-72199-2,72199,2024-06-18,26.92177,87.51042,7.77,2.19,"absence of a record is not evidence of stability: a control is a slope with no recorded failure, not a slope proven not to fail, so any false-alarm rate derived from these sites is a lower bound on the true rate"
ctl-72199-3,72199,2024-06-18,26.89426,87.43008,4.4,2.28,"absence of a record is not evidence of stability: a control is a slope with no recorded failure, not a slope proven not to fail, so any false-alarm rate derived from these sites is a lower bound on the true rate"
ctl-72379-1,72379,2024-06-26,28.23239,84.38712,3.23,2.14,"absence of a record is not evidence of stability: a control is a slope with no recorded failure, not a slope proven not to fail, so any false-alarm rate derived from these sites is a lower bound on the true rate"
ctl-72379-2,72379,2024-06-26,28.17408,84.46252,6.89,1.42,"absence of a record is not evidence of stability: a control is a slope with no recorded failure, not a slope proven not to fail, so any false-alarm rate derived from these sites is a lower bound on the true rate"
ctl-72379-3,72379,2024-06-26,28.29181,84.45287,8.48,1.88,"absence of a record is not evidence of stability: a control is a slope with no recorded failure, not a slope proven not to fail, so any false-alarm rate derived from these sites is a lower bound on the true rate"
ctl-72505-1,72505,2024-06-29,28.11695,83.30047,8.68,2.28,"absence of a record is not evidence of stability: a control is a slope with no recorded failure, not a slope proven not to fail, so any false-alarm rate derived from these sites is a lower bound on the true rate"
ctl-72505-2,72505,2024-06-29,28.21331,83.42562,10.3,1.5,"absence of a record is not evidence of stability: a control is a slope with no recorded failure, not a slope proven not to fail, so any false-alarm rate derived from these sites is a lower bound on the true rate"
ctl-72505-3,72505,2024-06-29,28.11071,83.39618,1.95,1.95,"absence of a record is not evidence of stability: a control is a slope with no recorded failure, not a slope proven not to fail, so any false-alarm rate derived from these sites is a lower bound on the true rate"
ctl-72506-1,72506,2024-06-29,28.16413,83.37287,4.4,2.96,"absence of a record is not evidence of stability: a control is a slope with no recorded failure, not a slope proven not to fail, so any false-alarm rate derived from these sites is a lower bound on the true rate"
ctl-72506-2,72506,2024-06-29,28.22629,83.48124,9.14,2.11,"absence of a record is not evidence of stability: a control is a slope with no recorded failure, not a slope proven not to fail, so any false-alarm rate derived from these sites is a lower bound on the true rate"
ctl-72506-3,72506,2024-06-29,28.14251,83.33226,8.78,1.9,"absence of a record is not evidence of stability: a control is a slope with no recorded failure, not a slope proven not to fail, so any false-alarm rate derived from these sites is a lower bound on the true rate"
ctl-72510-1,72510,2024-06-28,29.66058,81.61933,2.8,2.8,"absence of a record is not evidence of stability: a control is a slope with no recorded failure, not a slope proven not to fail, so any false-alarm rate derived from these sites is a lower bound on the true rate"
ctl-72510-2,72510,2024-06-28,29.64898,81.55946,6.75,6.75,"absence of a record is not evidence of stability: a control is a slope with no recorded failure, not a slope proven not to fail, so any false-alarm rate derived from these sites is a lower bound on the true rate"
ctl-72510-3,72510,2024-06-28,29.67647,81.70776,8.92,7.82,"absence of a record is not evidence of stability: a control is a slope with no recorded failure, not a slope proven not to fail, so any false-alarm rate derived from these sites is a lower bound on the true rate"
ctl-72511-1,72511,2024-06-29,28.25944,83.25291,2.39,2.39,"absence of a record is not evidence of stability: a control is a slope with no recorded failure, not a slope proven not to fail, so any false-alarm rate derived from these sites is a lower bound on the true rate"
ctl-72511-2,72511,2024-06-29,28.28213,83.25047,3.95,3.83,"absence of a record is not evidence of stability: a control is a slope with no recorded failure, not a slope proven not to fail, so any false-alarm rate derived from these sites is a lower bound on the true rate"
ctl-72511-3,72511,2024-06-29,28.33903,83.29462,9.47,2.75,"absence of a record is not evidence of stability: a control is a slope with no recorded failure, not a slope proven not to fail, so any false-alarm rate derived from these sites is a lower bound on the true rate"
ctl-72514-1,72514,2024-06-29,29.06558,80.26503,9.87,9.57,"absence of a record is not evidence of stability: a control is a slope with no recorded failure, not a slope proven not to fail, so any false-alarm rate derived from these sites is a lower bound on the true rate"
ctl-72514-2,72514,2024-06-29,29.07421,80.14745,1.7,1.7,"absence of a record is not evidence of stability: a control is a slope with no recorded failure, not a slope proven not to fail, so any false-alarm rate derived from these sites is a lower bound on the true rate"
ctl-72514-3,72514,2024-06-29,29.13618,80.1996,7.33,7.33,"absence of a record is not evidence of stability: a control is a slope with no recorded failure, not a slope proven not to fail, so any false-alarm rate derived from these sites is a lower bound on the true rate"
ctl-72525-1,72525,2024-06-29,27.46613,86.62052,6.0,2.77,"absence of a record is not evidence of stability: a control is a slope with no recorded failure, not a slope proven not to fail, so any false-alarm rate derived from these sites is a lower bound on the true rate"
ctl-72525-2,72525,2024-06-29,27.44729,86.54683,6.49,1.99,"absence of a record is not evidence of stability: a control is a slope with no recorded failure, not a slope proven not to fail, so any false-alarm rate derived from these sites is a lower bound on the true rate"
ctl-72525-3,72525,2024-06-29,27.4991,86.62473,5.04,5.04,"absence of a record is not evidence of stability: a control is a slope with no recorded failure, not a slope proven not to fail, so any false-alarm rate derived from these sites is a lower bound on the true rate"
ctl-72526-1,72526,2024-06-29,27.55054,86.82209,2.13,2.13,"absence of a record is not evidence of stability: a control is a slope with no recorded failure, not a slope proven not to fail, so any false-alarm rate derived from these sites is a lower bound on the true rate"
ctl-72526-2,72526,2024-06-29,27.57854,86.92164,8.94,8.94,"absence of a record is not evidence of stability: a control is a slope with no recorded failure, not a slope proven not to fail, so any false-alarm rate derived from these sites is a lower bound on the true rate"
ctl-72526-3,72526,2024-06-29,27.62467,86.85003,6.59,6.59,"absence of a record is not evidence of stability: a control is a slope with no recorded failure, not a slope proven not to fail, so any false-alarm rate derived from these sites is a lower bound on the true rate"
ctl-72551-1,72551,2024-07-01,27.18413,86.84379,10.48,2.63,"absence of a record is not evidence of stability: a control is a slope with no recorded failure, not a slope proven not to fail, so any false-alarm rate derived from these sites is a lower bound on the true rate"
ctl-72551-2,72551,2024-07-01,27.13966,86.77983,6.18,3.36,"absence of a record is not evidence of stability: a control is a slope with no recorded failure, not a slope proven not to fail, so any false-alarm rate derived from these sites is a lower bound on the true rate"
ctl-72551-3,72551,2024-07-01,27.20252,86.72668,2.65,1.15,"absence of a record is not evidence of stability: a control is a slope with no recorded failure, not a slope proven not to fail, so any false-alarm rate derived from these sites is a lower bound on the true rate"
ctl-72562-1,72562,2024-06-30,27.28784,86.35004,10.42,2.06,"absence of a record is not evidence of stability: a control is a slope with no recorded failure, not a slope proven not to fail, so any false-alarm rate derived from these sites is a lower bound on the true rate"
ctl-72562-2,72562,2024-06-30,27.37061,86.27283,11.04,2.93,"absence of a record is not evidence of stability: a control is a slope with no recorded failure, not a slope proven not to fail, so any false-alarm rate derived from these sites is a lower bound on the true rate"
ctl-72562-3,72562,2024-06-30,27.35445,86.43555,5.61,1.95,"absence of a record is not evidence of stability: a control is a slope with no recorded failure, not a slope proven not to fail, so any false-alarm rate derived from these sites is a lower bound on the true rate"
ctl-72689-1,72689,2024-07-06,27.15484,86.4878,5.57,2.73,"absence of a record is not evidence of stability: a control is a slope with no recorded failure, not a slope proven not to fail, so any false-alarm rate derived from these sites is a lower bound on the true rate"
ctl-72689-2,72689,2024-07-06,27.19573,86.56206,3.98,3.98,"absence of a record is not evidence of stability: a control is a slope with no recorded failure, not a slope proven not to fail, so any false-alarm rate derived from these sites is a lower bound on the true rate"
ctl-72689-3,72689,2024-07-06,27.11832,86.54249,5.1,4.89,"absence of a record is not evidence of stability: a control is a slope with no recorded failure, not a slope proven not to fail, so any false-alarm rate derived from these sites is a lower bound on the true rate"
ctl-72691-1,72691,2024-07-06,28.0112,83.45145,9.84,2.74,"absence of a record is not evidence of stability: a control is a slope with no recorded failure, not a slope proven not to fail, so any false-alarm rate derived from these sites is a lower bound on the true rate"
ctl-72691-2,72691,2024-07-06,28.01707,83.51216,11.48,1.09,"absence of a record is not evidence of stability: a control is a slope with no recorded failure, not a slope proven not to fail, so any false-alarm rate derived from these sites is a lower bound on the true rate"
ctl-72691-3,72691,2024-07-06,27.88017,83.55567,10.28,2.97,"absence of a record is not evidence of stability: a control is a slope with no recorded failure, not a slope proven not to fail, so any false-alarm rate derived from these sites is a lower bound on the true rate"
ctl-72720-1,72720,2024-07-06,29.38285,81.25006,7.08,2.62,"absence of a record is not evidence of stability: a control is a slope with no recorded failure, not a slope proven not to fail, so any false-alarm rate derived from these sites is a lower bound on the true rate"
ctl-72720-2,72720,2024-07-06,29.29276,81.23351,3.2,3.2,"absence of a record is not evidence of stability: a control is a slope with no recorded failure, not a slope proven not to fail, so any false-alarm rate derived from these sites is a lower bound on the true rate"
ctl-72720-3,72720,2024-07-06,29.29131,81.21523,4.34,4.34,"absence of a record is not evidence of stability: a control is a slope with no recorded failure, not a slope proven not to fail, so any false-alarm rate derived from these sites is a lower bound on the true rate"
ctl-72721-1,72721,2024-07-06,27.98582,82.42144,6.1,3.23,"absence of a record is not evidence of stability: a control is a slope with no recorded failure, not a slope proven not to fail, so any false-alarm rate derived from these sites is a lower bound on the true rate"
ctl-72721-2,72721,2024-07-06,28.03998,82.39053,6.42,6.42,"absence of a record is not evidence of stability: a control is a slope with no recorded failure, not a slope proven not to fail, so any false-alarm rate derived from these sites is a lower bound on the true rate"
ctl-72721-3,72721,2024-07-06,28.05474,82.43651,3.15,3.15,"absence of a record is not evidence of stability: a control is a slope with no recorded failure, not a slope proven not to fail, so any false-alarm rate derived from these sites is a lower bound on the true rate"
ctl-72811-1,72811,2024-07-07,28.00699,83.85392,9.35,4.33,"absence of a record is not evidence of stability: a control is a slope with no recorded failure, not a slope proven not to fail, so any false-alarm rate derived from these sites is a lower bound on the true rate"
ctl-72811-2,72811,2024-07-07,27.99629,83.76451,1.07,1.07,"absence of a record is not evidence of stability: a control is a slope with no recorded failure, not a slope proven not to fail, so any false-alarm rate derived from these sites is a lower bound on the true rate"
ctl-72811-3,72811,2024-07-07,27.98618,83.78848,3.56,3.03,"absence of a record is not evidence of stability: a control is a slope with no recorded failure, not a slope proven not to fail, so any false-alarm rate derived from these sites is a lower bound on the true rate"
ctl-72856-1,72856,2024-07-07,28.11822,85.10873,10.22,7.9,"absence of a record is not evidence of stability: a control is a slope with no recorded failure, not a slope proven not to fail, so any false-alarm rate derived from these sites is a lower bound on the true rate"
ctl-72856-2,72856,2024-07-07,28.15526,85.18245,11.45,4.7,"absence of a record is not evidence of stability: a control is a slope with no recorded failure, not a slope proven not to fail, so any false-alarm rate derived from these sites is a lower bound on the true rate"
ctl-72856-3,72856,2024-07-07,28.09539,85.1133,8.22,7.7,"absence of a record is not evidence of stability: a control is a slope with no recorded failure, not a slope proven not to fail, so any false-alarm rate derived from these sites is a lower bound on the true rate"
ctl-72873-1,72873,2024-07-07,28.14757,83.81494,8.99,1.94,"absence of a record is not evidence of stability: a control is a slope with no recorded failure, not a slope proven not to fail, so any false-alarm rate derived from these sites is a lower bound on the true rate"
ctl-72873-2,72873,2024-07-07,28.08793,83.82859,6.82,2.49,"absence of a record is not evidence of stability: a control is a slope with no recorded failure, not a slope proven not to fail, so any false-alarm rate derived from these sites is a lower bound on the true rate"
ctl-72873-3,72873,2024-07-07,28.13694,83.78325,6.4,1.86,"absence of a record is not evidence of stability: a control is a slope with no recorded failure, not a slope proven not to fail, so any false-alarm rate derived from these sites is a lower bound on the true rate"
ctl-72874-1,72874,2024-07-07,27.35604,86.52574,2.02,2.02,"absence of a record is not evidence of stability: a control is a slope with no recorded failure, not a slope proven not to fail, so any false-alarm rate derived from these sites is a lower bound on the true rate"
ctl-72874-2,72874,2024-07-07,27.24314,86.52184,10.86,1.87,"absence of a record is not evidence of stability: a control is a slope with no recorded failure, not a slope proven not to fail, so any false-alarm rate derived from these sites is a lower bound on the true rate"
ctl-72874-3,72874,2024-07-07,27.2856,86.5987,8.7,4.09,"absence of a record is not evidence of stability: a control is a slope with no recorded failure, not a slope proven not to fail, so any false-alarm rate derived from these sites is a lower bound on the true rate"
ctl-72877-1,72877,2024-07-07,27.94152,83.61843,11.71,3.03,"absence of a record is not evidence of stability: a control is a slope with no recorded failure, not a slope proven not to fail, so any false-alarm rate derived from these sites is a lower bound on the true rate"
ctl-72877-2,72877,2024-07-07,27.86318,83.57338,2.05,1.31,"absence of a record is not evidence of stability: a control is a slope with no recorded failure, not a slope proven not to fail, so any false-alarm rate derived from these sites is a lower bound on the true rate"
ctl-72877-3,72877,2024-07-07,27.93111,83.604,10.01,1.8,"absence of a record is not evidence of stability: a control is a slope with no recorded failure, not a slope proven not to fail, so any false-alarm rate derived from these sites is a lower bound on the true rate"
ctl-72878-1,72878,2024-07-07,29.32851,81.05401,11.59,1.96,"absence of a record is not evidence of stability: a control is a slope with no recorded failure, not a slope proven not to fail, so any false-alarm rate derived from these sites is a lower bound on the true rate"
ctl-72878-2,72878,2024-07-07,29.30604,80.97144,3.87,1.99,"absence of a record is not evidence of stability: a control is a slope with no recorded failure, not a slope proven not to fail, so any false-alarm rate derived from these sites is a lower bound on the true rate"
ctl-72878-3,72878,2024-07-07,29.293,80.83858,9.8,4.03,"absence of a record is not evidence of stability: a control is a slope with no recorded failure, not a slope proven not to fail, so any false-alarm rate derived from these sites is a lower bound on the true rate"
ctl-72880-1,72880,2024-07-07,27.32599,87.7682,9.08,2.28,"absence of a record is not evidence of stability: a control is a slope with no recorded failure, not a slope proven not to fail, so any false-alarm rate derived from these sites is a lower bound on the true rate"
ctl-72880-2,72880,2024-07-07,27.39183,87.70281,3.99,2.97,"absence of a record is not evidence of stability: a control is a slope with no recorded failure, not a slope proven not to fail, so any false-alarm rate derived from these sites is a lower bound on the true rate"
ctl-72880-3,72880,2024-07-07,27.39723,87.74683,7.42,2.0,"absence of a record is not evidence of stability: a control is a slope with no recorded failure, not a slope proven not to fail, so any false-alarm rate derived from these sites is a lower bound on the true rate"
ctl-72894-1,72894,2024-07-07,27.94895,83.93551,2.8,2.8,"absence of a record is not evidence of stability: a control is a slope with no recorded failure, not a slope proven not to fail, so any false-alarm rate derived from these sites is a lower bound on the true rate"
ctl-72894-2,72894,2024-07-07,27.92569,83.917,5.47,5.47,"absence of a record is not evidence of stability: a control is a slope with no recorded failure, not a slope proven not to fail, so any false-alarm rate derived from these sites is a lower bound on the true rate"
ctl-72894-3,72894,2024-07-07,28.00104,84.0434,11.6,2.58,"absence of a record is not evidence of stability: a control is a slope with no recorded failure, not a slope proven not to fail, so any false-alarm rate derived from these sites is a lower bound on the true rate"
ctl-72902-1,72902,2024-07-08,28.63815,82.21054,4.39,2.66,"absence of a record is not evidence of stability: a control is a slope with no recorded failure, not a slope proven not to fail, so any false-alarm rate derived from these sites is a lower bound on the true rate"
ctl-72902-2,72902,2024-07-08,28.65328,82.18564,2.32,2.32,"absence of a record is not evidence of stability: a control is a slope with no recorded failure, not a slope proven not to fail, so any false-alarm rate derived from these sites is a lower bound on the true rate"
ctl-72902-3,72902,2024-07-08,28.67731,82.08819,8.54,3.35,"absence of a record is not evidence of stability: a control is a slope with no recorded failure, not a slope proven not to fail, so any false-alarm rate derived from these sites is a lower bound on the true rate"
ctl-73043-1,73043,2024-07-10,28.16357,84.39359,8.66,2.23,"absence of a record is not evidence of stability: a control is a slope with no recorded failure, not a slope proven not to fail, so any false-alarm rate derived from these sites is a lower bound on the true rate"
ctl-73043-2,73043,2024-07-10,28.04521,84.46312,10.19,1.51,"absence of a record is not evidence of stability: a control is a slope with no recorded failure, not a slope proven not to fail, so any false-alarm rate derived from these sites is a lower bound on the true rate"
ctl-73043-3,73043,2024-07-10,28.08841,84.39187,2.0,2.0,"absence of a record is not evidence of stability: a control is a slope with no recorded failure, not a slope proven not to fail, so any false-alarm rate derived from these sites is a lower bound on the true rate"
ctl-73075-1,73075,2024-07-12,28.19943,84.12934,4.91,2.72,"absence of a record is not evidence of stability: a control is a slope with no recorded failure, not a slope proven not to fail, so any false-alarm rate derived from these sites is a lower bound on the true rate"
ctl-73075-2,73075,2024-07-12,28.23856,84.21955,8.44,4.78,"absence of a record is not evidence of stability: a control is a slope with no recorded failure, not a slope proven not to fail, so any false-alarm rate derived from these sites is a lower bound on the true rate"
ctl-73075-3,73075,2024-07-12,28.34825,84.15711,11.88,8.38,"absence of a record is not evidence of stability: a control is a slope with no recorded failure, not a slope proven not to fail, so any false-alarm rate derived from these sites is a lower bound on the true rate"
ctl-73079-1,73079,2024-07-11,28.42562,83.37488,5.44,3.96,"absence of a record is not evidence of stability: a control is a slope with no recorded failure, not a slope proven not to fail, so any false-alarm rate derived from these sites is a lower bound on the true rate"
ctl-73079-2,73079,2024-07-11,28.47245,83.45272,9.22,3.8,"absence of a record is not evidence of stability: a control is a slope with no recorded failure, not a slope proven not to fail, so any false-alarm rate derived from these sites is a lower bound on the true rate"
ctl-73079-3,73079,2024-07-11,28.49052,83.29978,6.08,6.08,"absence of a record is not evidence of stability: a control is a slope with no recorded failure, not a slope proven not to fail, so any false-alarm rate derived from these sites is a lower bound on the true rate"
ctl-73127-1,73127,2024-07-12,27.84845,84.00945,2.53,2.53,"absence of a record is not evidence of stability: a control is a slope with no recorded failure, not a slope proven not to fail, so any false-alarm rate derived from these sites is a lower bound on the true rate"
ctl-73127-2,73127,2024-07-12,27.91621,83.99627,10.12,7.41,"absence of a record is not evidence of stability: a control is a slope with no recorded failure, not a slope proven not to fail, so any false-alarm rate derived from these sites is a lower bound on the true rate"
ctl-73127-3,73127,2024-07-12,27.8355,83.98536,2.44,1.09,"absence of a record is not evidence of stability: a control is a slope with no recorded failure, not a slope proven not to fail, so any false-alarm rate derived from these sites is a lower bound on the true rate"
ctl-73136-1,73136,2024-07-12,28.43344,83.57324,5.09,2.63,"absence of a record is not evidence of stability: a control is a slope with no recorded failure, not a slope proven not to fail, so any false-alarm rate derived from these sites is a lower bound on the true rate"
ctl-73136-2,73136,2024-07-12,28.47798,83.57497,3.84,3.84,"absence of a record is not evidence of stability: a control is a slope with no recorded failure, not a slope proven not to fail, so any false-alarm rate derived from these sites is a lower bound on the true rate"
ctl-73136-3,73136,2024-07-12,28.47495,83.61625,1.24,1.24,"absence of a record is not evidence of stability: a control is a slope with no recorded failure, not a slope proven not to fail, so any false-alarm rate derived from these sites is a lower bound on the true rate"
ctl-73140-1,73140,2024-07-11,27.47636,83.31711,10.92,10.92,"absence of a record is not evidence of stability: a control is a slope with no recorded failure, not a slope proven not to fail, so any false-alarm rate derived from these sites is a lower bound on the true rate"
ctl-73140-2,73140,2024-07-11,27.58635,83.26481,2.41,2.41,"absence of a record is not evidence of stability: a control is a slope with no recorded failure, not a slope proven not to fail, so any false-alarm rate derived from these sites is a lower bound on the true rate"
ctl-73140-3,73140,2024-07-11,27.52381,83.36798,10.11,8.56,"absence of a record is not evidence of stability: a control is a slope with no recorded failure, not a slope proven not to fail, so any false-alarm rate derived from these sites is a lower bound on the true rate"
ctl-73141-1,73141,2024-07-12,27.85165,84.97569,1.47,1.47,"absence of a record is not evidence of stability: a control is a slope with no recorded failure, not a slope proven not to fail, so any false-alarm rate derived from these sites is a lower bound on the true rate"
ctl-73141-2,73141,2024-07-12,27.84158,84.95911,2.84,1.57,"absence of a record is not evidence of stability: a control is a slope with no recorded failure, not a slope proven not to fail, so any false-alarm rate derived from these sites is a lower bound on the true rate"
ctl-73141-3,73141,2024-07-12,27.79321,85.03459,10.03,3.63,"absence of a record is not evidence of stability: a control is a slope with no recorded failure, not a slope proven not to fail, so any false-alarm rate derived from these sites is a lower bound on the true rate"
ctl-73177-1,73177,2024-07-14,27.84033,85.36426,1.32,1.32,"absence of a record is not evidence of stability: a control is a slope with no recorded failure, not a slope proven not to fail, so any false-alarm rate derived from these sites is a lower bound on the true rate"
ctl-73177-2,73177,2024-07-14,27.85091,85.4053,2.9,1.95,"absence of a record is not evidence of stability: a control is a slope with no recorded failure, not a slope proven not to fail, so any false-alarm rate derived from these sites is a lower bound on the true rate"
ctl-73177-3,73177,2024-07-14,27.93919,85.40007,10.71,1.82,"absence of a record is not evidence of stability: a control is a slope with no recorded failure, not a slope proven not to fail, so any false-alarm rate derived from these sites is a lower bound on the true rate"
ctl-73241-1,73241,2024-07-16,27.3824,86.9855,4.24,3.35,"absence of a record is not evidence of stability: a control is a slope with no recorded failure, not a slope proven not to fail, so any false-alarm rate derived from these sites is a lower bound on the true rate"
ctl-73241-2,73241,2024-07-16,27.47366,86.98963,7.05,2.17,"absence of a record is not evidence of stability: a control is a slope with no recorded failure, not a slope proven not to fail, so any false-alarm rate derived from these sites is a lower bound on the true rate"
ctl-73241-3,73241,2024-07-16,27.43869,86.99426,4.07,4.07,"absence of a record is not evidence of stability: a control is a slope with no recorded failure, not a slope proven not to fail, so any false-alarm rate derived from these sites is a lower bound on the true rate"
ctl-73398-1,73398,2024-07-23,28.66709,82.35031,3.19,2.78,"absence of a record is not evidence of stability: a control is a slope with no recorded failure, not a slope proven not to fail, so any false-alarm rate derived from these sites is a lower bound on the true rate"
ctl-73398-2,73398,2024-07-23,28.6041,82.32114,6.78,1.2,"absence of a record is not evidence of stability: a control is a slope with no recorded failure, not a slope proven not to fail, so any false-alarm rate derived from these sites is a lower bound on the true rate"
ctl-73398-3,73398,2024-07-23,28.67015,82.27539,9.81,4.6,"absence of a record is not evidence of stability: a control is a slope with no recorded failure, not a slope proven not to fail, so any false-alarm rate derived from these sites is a lower bound on the true rate"
ctl-73531-1,73531,2024-07-31,27.64064,85.34178,4.94,1.62,"absence of a record is not evidence of stability: a control is a slope with no recorded failure, not a slope proven not to fail, so any false-alarm rate derived from these sites is a lower bound on the true rate"
ctl-73531-2,73531,2024-07-31,27.73191,85.32214,6.32,1.15,"absence of a record is not evidence of stability: a control is a slope with no recorded failure, not a slope proven not to fail, so any false-alarm rate derived from these sites is a lower bound on the true rate"
ctl-73531-3,73531,2024-07-31,27.63859,85.39836,6.52,3.97,"absence of a record is not evidence of stability: a control is a slope with no recorded failure, not a slope proven not to fail, so any false-alarm rate derived from these sites is a lower bound on the true rate"
ctl-73560-1,73560,2024-07-31,27.80172,85.61843,2.97,2.97,"absence of a record is not evidence of stability: a control is a slope with no recorded failure, not a slope proven not to fail, so any false-alarm rate derived from these sites is a lower bound on the true rate"
ctl-73560-2,73560,2024-07-31,27.83723,85.56988,3.41,1.33,"absence of a record is not evidence of stability: a control is a slope with no recorded failure, not a slope proven not to fail, so any false-alarm rate derived from these sites is a lower bound on the true rate"
ctl-73560-3,73560,2024-07-31,27.8931,85.62593,9.55,2.82,"absence of a record is not evidence of stability: a control is a slope with no recorded failure, not a slope proven not to fail, so any false-alarm rate derived from these sites is a lower bound on the true rate"
ctl-73590-1,73590,2024-08-01,28.54281,81.66917,11.89,1.61,"absence of a record is not evidence of stability: a control is a slope with no recorded failure, not a slope proven not to fail, so any false-alarm rate derived from these sites is a lower bound on the true rate"
ctl-73590-2,73590,2024-08-01,28.73271,81.69134,9.42,2.16,"absence of a record is not evidence of stability: a control is a slope with no recorded failure, not a slope proven not to fail, so any false-alarm rate derived from these sites is a lower bound on the true rate"
ctl-73590-3,73590,2024-08-01,28.73303,81.76214,11.7,4.84,"absence of a record is not evidence of stability: a control is a slope with no recorded failure, not a slope proven not to fail, so any false-alarm rate derived from these sites is a lower bound on the true rate"
ctl-73608-1,73608,2024-08-01,27.20493,86.80677,8.22,3.0,"absence of a record is not evidence of stability: a control is a slope with no recorded failure, not a slope proven not to fail, so any false-alarm rate derived from these sites is a lower bound on the true rate"
ctl-73608-2,73608,2024-08-01,27.29039,86.67406,9.97,4.77,"absence of a record is not evidence of stability: a control is a slope with no recorded failure, not a slope proven not to fail, so any false-alarm rate derived from these sites is a lower bound on the true rate"
ctl-73608-3,73608,2024-08-01,27.22709,86.72376,1.61,1.61,"absence of a record is not evidence of stability: a control is a slope with no recorded failure, not a slope proven not to fail, so any false-alarm rate derived from these sites is a lower bound on the true rate"
ctl-73773-1,73773,2024-08-11,27.72516,85.30534,3.41,2.36,"absence of a record is not evidence of stability: a control is a slope with no recorded failure, not a slope proven not to fail, so any false-alarm rate derived from these sites is a lower bound on the true rate"
ctl-73773-2,73773,2024-08-11,27.65398,85.41221,9.76,2.68,"absence of a record is not evidence of stability: a control is a slope with no recorded failure, not a slope proven not to fail, so any false-alarm rate derived from these sites is a lower bound on the true rate"
ctl-73773-3,73773,2024-08-11,27.67904,85.23904,9.86,2.08,"absence of a record is not evidence of stability: a control is a slope with no recorded failure, not a slope proven not to fail, so any false-alarm rate derived from these sites is a lower bound on the true rate"
ctl-73933-1,73933,2024-08-19,29.67969,80.85423,11.04,3.78,"absence of a record is not evidence of stability: a control is a slope with no recorded failure, not a slope proven not to fail, so any false-alarm rate derived from these sites is a lower bound on the true rate"
ctl-73933-2,73933,2024-08-19,29.52229,80.80538,7.19,1.03,"absence of a record is not evidence of stability: a control is a slope with no recorded failure, not a slope proven not to fail, so any false-alarm rate derived from these sites is a lower bound on the true rate"
ctl-73933-3,73933,2024-08-19,29.60945,80.83171,3.07,2.48,"absence of a record is not evidence of stability: a control is a slope with no recorded failure, not a slope proven not to fail, so any false-alarm rate derived from these sites is a lower bound on the true rate"
ctl-73968-1,73968,2024-08-20,27.6737,85.79836,10.69,5.57,"absence of a record is not evidence of stability: a control is a slope with no recorded failure, not a slope proven not to fail, so any false-alarm rate derived from these sites is a lower bound on the true rate"
ctl-73968-2,73968,2024-08-20,27.73024,85.79574,4.39,3.08,"absence of a record is not evidence of stability: a control is a slope with no recorded failure, not a slope proven not to fail, so any false-alarm rate derived from these sites is a lower bound on the true rate"
ctl-73968-3,73968,2024-08-20,27.77164,85.81317,1.99,1.2,"absence of a record is not evidence of stability: a control is a slope with no recorded failure, not a slope proven not to fail, so any false-alarm rate derived from these sites is a lower bound on the true rate"
ctl-74601-1,74601,2024-09-28,27.70335,85.34712,3.21,1.4,"absence of a record is not evidence of stability: a control is a slope with no recorded failure, not a slope proven not to fail, so any false-alarm rate derived from these sites is a lower bound on the true rate"
ctl-74601-2,74601,2024-09-28,27.64242,85.41667,10.28,2.12,"absence of a record is not evidence of stability: a control is a slope with no recorded failure, not a slope proven not to fail, so any false-alarm rate derived from these sites is a lower bound on the true rate"
ctl-74601-3,74601,2024-09-28,27.74298,85.24295,10.3,1.23,"absence of a record is not evidence of stability: a control is a slope with no recorded failure, not a slope proven not to fail, so any false-alarm rate derived from these sites is a lower bound on the true rate"
ctl-74625-1,74625,2024-09-27,27.08994,87.11452,11.56,2.99,"absence of a record is not evidence of stability: a control is a slope with no recorded failure, not a slope proven not to fail, so any false-alarm rate derived from these sites is a lower bound on the true rate"
ctl-74625-2,74625,2024-09-27,27.08187,87.10119,11.35,2.26,"absence of a record is not evidence of stability: a control is a slope with no recorded failure, not a slope proven not to fail, so any false-alarm rate derived from these sites is a lower bound on the true rate"
ctl-74625-3,74625,2024-09-27,27.17508,87.05233,2.5,1.34,"absence of a record is not evidence of stability: a control is a slope with no recorded failure, not a slope proven not to fail, so any false-alarm rate derived from these sites is a lower bound on the true rate"
ctl-74638-1,74638,2024-09-27,27.37095,86.16053,11.42,7.77,"absence of a record is not evidence of stability: a control is a slope with no recorded failure, not a slope proven not to fail, so any false-alarm rate derived from these sites is a lower bound on the true rate"
ctl-74638-2,74638,2024-09-27,27.28274,86.17793,11.56,1.41,"absence of a record is not evidence of stability: a control is a slope with no recorded failure, not a slope proven not to fail, so any false-alarm rate derived from these sites is a lower bound on the true rate"
ctl-74638-3,74638,2024-09-27,27.36994,86.26646,2.91,2.91,"absence of a record is not evidence of stability: a control is a slope with no recorded failure, not a slope proven not to fail, so any false-alarm rate derived from these sites is a lower bound on the true rate"
ctl-74645-1,74645,2024-09-27,27.63562,85.39948,9.65,3.95,"absence of a record is not evidence of stability: a control is a slope with no recorded failure, not a slope proven not to fail, so any false-alarm rate derived from these sites is a lower bound on the true rate"
ctl-74645-2,74645,2024-09-27,27.65147,85.37058,7.47,3.75,"absence of a record is not evidence of stability: a control is a slope with no recorded failure, not a slope proven not to fail, so any false-alarm rate derived from these sites is a lower bound on the true rate"
ctl-74645-3,74645,2024-09-27,27.60629,85.26186,4.37,2.03,"absence of a record is not evidence of stability: a control is a slope with no recorded failure, not a slope proven not to fail, so any false-alarm rate derived from these sites is a lower bound on the true rate"
ctl-74675-1,74675,2024-09-28,27.28313,86.78945,2.4,2.4,"absence of a record is not evidence of stability: a control is a slope with no recorded failure, not a slope proven not to fail, so any false-alarm rate derived from these sites is a lower bound on the true rate"
ctl-74675-2,74675,2024-09-28,27.38344,86.77688,11.42,5.48,"absence of a record is not evidence of stability: a control is a slope with no recorded failure, not a slope proven not to fail, so any false-alarm rate derived from these sites is a lower bound on the true rate"
ctl-74675-3,74675,2024-09-28,27.33364,86.81157,5.3,1.78,"absence of a record is not evidence of stability: a control is a slope with no recorded failure, not a slope proven not to fail, so any false-alarm rate derived from these sites is a lower bound on the true rate"
ctl-74693-1,74693,2024-09-28,27.73701,85.53359,11.6,2.7,"absence of a record is not evidence of stability: a control is a slope with no recorded failure, not a slope proven not to fail, so any false-alarm rate derived from these sites is a lower bound on the true rate"
ctl-74693-2,74693,2024-09-28,27.69506,85.47298,7.62,1.47,"absence of a record is not evidence of stability: a control is a slope with no recorded failure, not a slope proven not to fail, so any false-alarm rate derived from these sites is a lower bound on the true rate"
ctl-74693-3,74693,2024-09-28,27.63414,85.48397,2.54,1.02,"absence of a record is not evidence of stability: a control is a slope with no recorded failure, not a slope proven not to fail, so any false-alarm rate derived from these sites is a lower bound on the true rate"
ctl-74722-1,74722,2024-09-28,27.63217,85.4347,3.61,1.55,"absence of a record is not evidence of stability: a control is a slope with no recorded failure, not a slope proven not to fail, so any false-alarm rate derived from these sites is a lower bound on the true rate"
ctl-74722-2,74722,2024-09-28,27.61909,85.41971,2.84,1.4,"absence of a record is not evidence of stability: a control is a slope with no recorded failure, not a slope proven not to fail, so any false-alarm rate derived from these sites is a lower bound on the true rate"
ctl-74722-3,74722,2024-09-28,27.59534,85.41938,1.97,1.4,"absence of a record is not evidence of stability: a control is a slope with no recorded failure, not a slope proven not to fail, so any false-alarm rate derived from these sites is a lower bound on the true rate"
ctl-74724-1,74724,2024-09-28,27.64783,85.50461,8.02,1.54,"absence of a record is not evidence of stability: a control is a slope with no recorded failure, not a slope proven not to fail, so any false-alarm rate derived from these sites is a lower bound on the true rate"
ctl-74724-2,74724,2024-09-28,27.58816,85.61746,5.91,1.98,"absence of a record is not evidence of stability: a control is a slope with no recorded failure, not a slope proven not to fail, so any false-alarm rate derived from these sites is a lower bound on the true rate"
ctl-74724-3,74724,2024-09-28,27.62387,85.57348,3.74,2.28,"absence of a record is not evidence of stability: a control is a slope with no recorded failure, not a slope proven not to fail, so any false-alarm rate derived from these sites is a lower bound on the true rate"
ctl-74736-1,74736,2024-09-28,27.59388,85.37497,3.82,3.82,"absence of a record is not evidence of stability: a control is a slope with no recorded failure, not a slope proven not to fail, so any false-alarm rate derived from these sites is a lower bound on the true rate"
ctl-74736-2,74736,2024-09-28,27.56028,85.35739,1.01,1.01,"absence of a record is not evidence of stability: a control is a slope with no recorded failure, not a slope proven not to fail, so any false-alarm rate derived from these sites is a lower bound on the true rate"
ctl-74736-3,74736,2024-09-28,27.64699,85.33293,9.05,1.55,"absence of a record is not evidence of stability: a control is a slope with no recorded failure, not a slope proven not to fail, so any false-alarm rate derived from these sites is a lower bound on the true rate"
ctl-74779-1,74779,2024-09-28,27.13961,86.44305,10.72,4.2,"absence of a record is not evidence of stability: a control is a slope with no recorded failure, not a slope proven not to fail, so any false-alarm rate derived from these sites is a lower bound on the true rate"
ctl-74779-2,74779,2024-09-28,27.19143,86.42346,5.16,1.31,"absence of a record is not evidence of stability: a control is a slope with no recorded failure, not a slope proven not to fail, so any false-alarm rate derived from these sites is a lower bound on the true rate"
ctl-74779-3,74779,2024-09-28,27.21706,86.44109,2.11,2.11,"absence of a record is not evidence of stability: a control is a slope with no recorded failure, not a slope proven not to fail, so any false-alarm rate derived from these sites is a lower bound on the true rate"
ctl-74802-1,74802,2024-09-28,27.04583,86.35512,10.49,2.62,"absence of a record is not evidence of stability: a control is a slope with no recorded failure, not a slope proven not to fail, so any false-alarm rate derived from these sites is a lower bound on the true rate"
ctl-74802-2,74802,2024-09-28,27.14094,86.51494,8.55,2.22,"absence of a record is not evidence of stability: a control is a slope with no recorded failure, not a slope proven not to fail, so any false-alarm rate derived from these sites is a lower bound on the true rate"
ctl-74802-3,74802,2024-09-28,27.11004,86.4262,1.81,1.81,"absence of a record is not evidence of stability: a control is a slope with no recorded failure, not a slope proven not to fail, so any false-alarm rate derived from these sites is a lower bound on the true rate"
ctl-74854-1,74854,2024-09-28,27.53051,85.58406,4.24,3.54,"absence of a record is not evidence of stability: a control is a slope with no recorded failure, not a slope proven not to fail, so any false-alarm rate derived from these sites is a lower bound on the true rate"
ctl-74854-2,74854,2024-09-28,27.63849,85.59724,11.45,3.78,"absence of a record is not evidence of stability: a control is a slope with no recorded failure, not a slope proven not to fail, so any false-alarm rate derived from these sites is a lower bound on the true rate"
ctl-74854-3,74854,2024-09-28,27.52817,85.56552,2.87,2.87,"absence of a record is not evidence of stability: a control is a slope with no recorded failure, not a slope proven not to fail, so any false-alarm rate derived from these sites is a lower bound on the true rate"
ctl-74859-1,74859,2024-09-28,27.36893,85.69392,9.04,2.45,"absence of a record is not evidence of stability: a control is a slope with no recorded failure, not a slope proven not to fail, so any false-alarm rate derived from these sites is a lower bound on the true rate"
ctl-74859-2,74859,2024-09-28,27.5282,85.78142,10.87,5.62,"absence of a record is not evidence of stability: a control is a slope with no recorded failure, not a slope proven not to fail, so any false-alarm rate derived from these sites is a lower bound on the true rate"
ctl-74859-3,74859,2024-09-28,27.39557,85.67066,7.53,5.81,"absence of a record is not evidence of stability: a control is a slope with no recorded failure, not a slope proven not to fail, so any false-alarm rate derived from these sites is a lower bound on the true rate"
ctl-74862-1,74862,2024-09-28,27.73374,85.68951,6.3,4.56,"absence of a record is not evidence of stability: a control is a slope with no recorded failure, not a slope proven not to fail, so any false-alarm rate derived from these sites is a lower bound on the true rate"
ctl-74862-2,74862,2024-09-28,27.73011,85.77637,11.35,1.18,"absence of a record is not evidence of stability: a control is a slope with no recorded failure, not a slope proven not to fail, so any false-alarm rate derived from these sites is a lower bound on the true rate"
ctl-74862-3,74862,2024-09-28,27.68336,85.69773,2.11,1.13,"absence of a record is not evidence of stability: a control is a slope with no recorded failure, not a slope proven not to fail, so any false-alarm rate derived from these sites is a lower bound on the true rate"
ctl-74942-1,74942,2024-09-28,27.56104,85.68516,3.09,1.41,"absence of a record is not evidence of stability: a control is a slope with no recorded failure, not a slope proven not to fail, so any false-alarm rate derived from these sites is a lower bound on the true rate"
ctl-74942-2,74942,2024-09-28,27.56,85.62486,8.93,2.03,"absence of a record is not evidence of stability: a control is a slope with no recorded failure, not a slope proven not to fail, so any false-alarm rate derived from these sites is a lower bound on the true rate"
ctl-74942-3,74942,2024-09-28,27.56315,85.75369,3.91,2.68,"absence of a record is not evidence of stability: a control is a slope with no recorded failure, not a slope proven not to fail, so any false-alarm rate derived from these sites is a lower bound on the true rate"
ctl-74959-1,74959,2024-09-28,27.72241,85.34648,3.61,1.09,"absence of a record is not evidence of stability: a control is a slope with no recorded failure, not a slope proven not to fail, so any false-alarm rate derived from these sites is a lower bound on the true rate"
ctl-74959-2,74959,2024-09-28,27.72656,85.27275,7.28,3.54,"absence of a record is not evidence of stability: a control is a slope with no recorded failure, not a slope proven not to fail, so any false-alarm rate derived from these sites is a lower bound on the true rate"
ctl-74959-3,74959,2024-09-28,27.67736,85.39084,5.7,2.7,"absence of a record is not evidence of stability: a control is a slope with no recorded failure, not a slope proven not to fail, so any false-alarm rate derived from these sites is a lower bound on the true rate"
ctl-75030-1,75030,2024-09-28,26.89512,87.81146,3.19,3.08,"absence of a record is not evidence of stability: a control is a slope with no recorded failure, not a slope proven not to fail, so any false-alarm rate derived from these sites is a lower bound on the true rate"
ctl-75030-2,75030,2024-09-28,26.86006,87.83428,2.88,2.88,"absence of a record is not evidence of stability: a control is a slope with no recorded failure, not a slope proven not to fail, so any false-alarm rate derived from these sites is a lower bound on the true rate"
ctl-75030-3,75030,2024-09-28,26.87627,87.79036,1.9,1.9,"absence of a record is not evidence of stability: a control is a slope with no recorded failure, not a slope proven not to fail, so any false-alarm rate derived from these sites is a lower bound on the true rate"
ctl-80479-1,80479,2025-06-15,28.78241,81.86282,4.39,4.39,"absence of a record is not evidence of stability: a control is a slope with no recorded failure, not a slope proven not to fail, so any false-alarm rate derived from these sites is a lower bound on the true rate"
ctl-80479-2,80479,2025-06-15,28.78356,81.78032,6.37,5.26,"absence of a record is not evidence of stability: a control is a slope with no recorded failure, not a slope proven not to fail, so any false-alarm rate derived from these sites is a lower bound on the true rate"
ctl-80479-3,80479,2025-06-15,28.79665,81.83016,2.0,2.0,"absence of a record is not evidence of stability: a control is a slope with no recorded failure, not a slope proven not to fail, so any false-alarm rate derived from these sites is a lower bound on the true rate"
ctl-80541-1,80541,2025-06-18,27.29817,86.44155,3.03,2.49,"absence of a record is not evidence of stability: a control is a slope with no recorded failure, not a slope proven not to fail, so any false-alarm rate derived from these sites is a lower bound on the true rate"
ctl-80541-2,80541,2025-06-18,27.2348,86.47886,5.06,3.14,"absence of a record is not evidence of stability: a control is a slope with no recorded failure, not a slope proven not to fail, so any false-alarm rate derived from these sites is a lower bound on the true rate"
ctl-80541-3,80541,2025-06-18,27.24351,86.47034,3.89,3.27,"absence of a record is not evidence of stability: a control is a slope with no recorded failure, not a slope proven not to fail, so any false-alarm rate derived from these sites is a lower bound on the true rate"
ctl-80557-1,80557,2025-06-20,27.71414,85.48612,1.68,1.68,"absence of a record is not evidence of stability: a control is a slope with no recorded failure, not a slope proven not to fail, so any false-alarm rate derived from these sites is a lower bound on the true rate"
ctl-80557-2,80557,2025-06-20,27.77826,85.54656,8.33,5.83,"absence of a record is not evidence of stability: a control is a slope with no recorded failure, not a slope proven not to fail, so any false-alarm rate derived from these sites is a lower bound on the true rate"
ctl-80557-3,80557,2025-06-20,27.67242,85.49066,4.78,1.49,"absence of a record is not evidence of stability: a control is a slope with no recorded failure, not a slope proven not to fail, so any false-alarm rate derived from these sites is a lower bound on the true rate"
ctl-80594-1,80594,2025-06-20,28.30822,84.02417,11.67,3.17,"absence of a record is not evidence of stability: a control is a slope with no recorded failure, not a slope proven not to fail, so any false-alarm rate derived from these sites is a lower bound on the true rate"
ctl-80594-2,80594,2025-06-20,28.43128,84.02697,7.08,7.08,"absence of a record is not evidence of stability: a control is a slope with no recorded failure, not a slope proven not to fail, so any false-alarm rate derived from these sites is a lower bound on the true rate"
ctl-80594-3,80594,2025-06-20,28.31853,84.13788,9.99,7.15,"absence of a record is not evidence of stability: a control is a slope with no recorded failure, not a slope proven not to fail, so any false-alarm rate derived from these sites is a lower bound on the true rate"
ctl-80595-1,80595,2025-06-20,28.10833,83.32847,6.88,2.07,"absence of a record is not evidence of stability: a control is a slope with no recorded failure, not a slope proven not to fail, so any false-alarm rate derived from these sites is a lower bound on the true rate"
ctl-80595-2,80595,2025-06-20,28.108,83.33764,6.22,2.05,"absence of a record is not evidence of stability: a control is a slope with no recorded failure, not a slope proven not to fail, so any false-alarm rate derived from these sites is a lower bound on the true rate"
ctl-80595-3,80595,2025-06-20,28.11614,83.41076,6.23,2.26,"absence of a record is not evidence of stability: a control is a slope with no recorded failure, not a slope proven not to fail, so any false-alarm rate derived from these sites is a lower bound on the true rate"
ctl-80723-1,80723,2025-06-24,27.44155,86.75477,10.92,1.54,"absence of a record is not evidence of stability: a control is a slope with no recorded failure, not a slope proven not to fail, so any false-alarm rate derived from these sites is a lower bound on the true rate"
ctl-80723-2,80723,2025-06-24,27.51089,86.824,6.52,1.72,"absence of a record is not evidence of stability: a control is a slope with no recorded failure, not a slope proven not to fail, so any false-alarm rate derived from these sites is a lower bound on the true rate"
ctl-80723-3,80723,2025-06-24,27.42466,86.77351,9.8,1.22,"absence of a record is not evidence of stability: a control is a slope with no recorded failure, not a slope proven not to fail, so any false-alarm rate derived from these sites is a lower bound on the true rate"
ctl-80807-1,80807,2025-06-30,29.61967,80.6738,7.81,3.34,"absence of a record is not evidence of stability: a control is a slope with no recorded failure, not a slope proven not to fail, so any false-alarm rate derived from these sites is a lower bound on the true rate"
ctl-80807-2,80807,2025-06-30,29.60757,80.70365,9.32,6.38,"absence of a record is not evidence of stability: a control is a slope with no recorded failure, not a slope proven not to fail, so any false-alarm rate derived from these sites is a lower bound on the true rate"
ctl-80807-3,80807,2025-06-30,29.67316,80.59713,11.81,2.96,"absence of a record is not evidence of stability: a control is a slope with no recorded failure, not a slope proven not to fail, so any false-alarm rate derived from these sites is a lower bound on the true rate"
ctl-80809-1,80809,2025-06-30,29.014,80.24641,9.88,6.13,"absence of a record is not evidence of stability: a control is a slope with no recorded failure, not a slope proven not to fail, so any false-alarm rate derived from these sites is a lower bound on the true rate"
ctl-80809-2,80809,2025-06-30,29.00231,80.16979,5.65,5.65,"absence of a record is not evidence of stability: a control is a slope with no recorded failure, not a slope proven not to fail, so any false-alarm rate derived from these sites is a lower bound on the true rate"
ctl-80809-3,80809,2025-06-30,29.00363,80.17304,5.78,5.78,"absence of a record is not evidence of stability: a control is a slope with no recorded failure, not a slope proven not to fail, so any false-alarm rate derived from these sites is a lower bound on the true rate"
ctl-80873-1,80873,2025-07-03,28.02355,85.12228,7.89,3.87,"absence of a record is not evidence of stability: a control is a slope with no recorded failure, not a slope proven not to fail, so any false-alarm rate derived from these sites is a lower bound on the true rate"
ctl-80873-2,80873,2025-07-03,28.01696,85.17093,3.83,3.83,"absence of a record is not evidence of stability: a control is a slope with no recorded failure, not a slope proven not to fail, so any false-alarm rate derived from these sites is a lower bound on the true rate"
ctl-80873-3,80873,2025-07-03,28.07841,85.23765,11.04,3.37,"absence of a record is not evidence of stability: a control is a slope with no recorded failure, not a slope proven not to fail, so any false-alarm rate derived from these sites is a lower bound on the true rate"
ctl-80874-1,80874,2025-07-03,28.70666,81.74668,5.26,5.26,"absence of a record is not evidence of stability: a control is a slope with no recorded failure, not a slope proven not to fail, so any false-alarm rate derived from these sites is a lower bound on the true rate"
ctl-80874-2,80874,2025-07-03,28.73774,81.7606,4.58,4.58,"absence of a record is not evidence of stability: a control is a slope with no recorded failure, not a slope proven not to fail, so any false-alarm rate derived from these sites is a lower bound on the true rate"
ctl-80874-3,80874,2025-07-03,28.78248,81.67005,6.03,4.52,"absence of a record is not evidence of stability: a control is a slope with no recorded failure, not a slope proven not to fail, so any false-alarm rate derived from these sites is a lower bound on the true rate"
ctl-80877-1,80877,2025-07-03,28.80911,82.03935,9.64,5.9,"absence of a record is not evidence of stability: a control is a slope with no recorded failure, not a slope proven not to fail, so any false-alarm rate derived from these sites is a lower bound on the true rate"
ctl-80877-2,80877,2025-07-03,28.81811,82.142,6.74,6.32,"absence of a record is not evidence of stability: a control is a slope with no recorded failure, not a slope proven not to fail, so any false-alarm rate derived from these sites is a lower bound on the true rate"
ctl-80877-3,80877,2025-07-03,28.90097,82.15425,5.55,4.95,"absence of a record is not evidence of stability: a control is a slope with no recorded failure, not a slope proven not to fail, so any false-alarm rate derived from these sites is a lower bound on the true rate"
ctl-80895-1,80895,2025-07-04,27.70705,85.79276,7.46,3.65,"absence of a record is not evidence of stability: a control is a slope with no recorded failure, not a slope proven not to fail, so any false-alarm rate derived from these sites is a lower bound on the true rate"
ctl-80895-2,80895,2025-07-04,27.75553,85.91166,7.18,4.5,"absence of a record is not evidence of stability: a control is a slope with no recorded failure, not a slope proven not to fail, so any false-alarm rate derived from these sites is a lower bound on the true rate"
ctl-80895-3,80895,2025-07-04,27.6672,85.85908,4.14,4.14,"absence of a record is not evidence of stability: a control is a slope with no recorded failure, not a slope proven not to fail, so any false-alarm rate derived from these sites is a lower bound on the true rate"
ctl-80897-1,80897,2025-07-04,29.4358,81.96975,4.78,4.78,"absence of a record is not evidence of stability: a control is a slope with no recorded failure, not a slope proven not to fail, so any false-alarm rate derived from these sites is a lower bound on the true rate"
ctl-80897-2,80897,2025-07-04,29.42556,81.94841,5.21,5.21,"absence of a record is not evidence of stability: a control is a slope with no recorded failure, not a slope proven not to fail, so any false-alarm rate derived from these sites is a lower bound on the true rate"
ctl-80897-3,80897,2025-07-04,29.53945,81.96207,7.69,3.92,"absence of a record is not evidence of stability: a control is a slope with no recorded failure, not a slope proven not to fail, so any false-alarm rate derived from these sites is a lower bound on the true rate"
ctl-80901-1,80901,2025-07-03,27.8003,85.62441,7.69,3.58,"absence of a record is not evidence of stability: a control is a slope with no recorded failure, not a slope proven not to fail, so any false-alarm rate derived from these sites is a lower bound on the true rate"
ctl-80901-2,80901,2025-07-03,27.83411,85.68846,1.42,1.42,"absence of a record is not evidence of stability: a control is a slope with no recorded failure, not a slope proven not to fail, so any false-alarm rate derived from these sites is a lower bound on the true rate"
ctl-80901-3,80901,2025-07-03,27.82751,85.74478,4.64,2.12,"absence of a record is not evidence of stability: a control is a slope with no recorded failure, not a slope proven not to fail, so any false-alarm rate derived from these sites is a lower bound on the true rate"
ctl-80903-1,80903,2025-07-04,27.96873,85.15018,10.86,4.2,"absence of a record is not evidence of stability: a control is a slope with no recorded failure, not a slope proven not to fail, so any false-alarm rate derived from these sites is a lower bound on the true rate"
ctl-80903-2,80903,2025-07-04,27.84253,85.23212,9.98,2.02,"absence of a record is not evidence of stability: a control is a slope with no recorded failure, not a slope proven not to fail, so any false-alarm rate derived from these sites is a lower bound on the true rate"
ctl-80903-3,80903,2025-07-04,27.83527,85.13836,4.08,1.38,"absence of a record is not evidence of stability: a control is a slope with no recorded failure, not a slope proven not to fail, so any false-alarm rate derived from these sites is a lower bound on the true rate"
ctl-80963-1,80963,2025-07-08,29.15425,81.32011,8.65,3.69,"absence of a record is not evidence of stability: a control is a slope with no recorded failure, not a slope proven not to fail, so any false-alarm rate derived from these sites is a lower bound on the true rate"
ctl-80963-2,80963,2025-07-08,29.15381,81.34974,10.54,1.67,"absence of a record is not evidence of stability: a control is a slope with no recorded failure, not a slope proven not to fail, so any false-alarm rate derived from these sites is a lower bound on the true rate"
ctl-80963-3,80963,2025-07-08,28.99222,81.31074,11.7,4.9,"absence of a record is not evidence of stability: a control is a slope with no recorded failure, not a slope proven not to fail, so any false-alarm rate derived from these sites is a lower bound on the true rate"
ctl-81000-1,81000,2025-07-09,28.68747,82.66188,10.07,5.22,"absence of a record is not evidence of stability: a control is a slope with no recorded failure, not a slope proven not to fail, so any false-alarm rate derived from these sites is a lower bound on the true rate"
ctl-81000-2,81000,2025-07-09,28.66789,82.51407,5.58,2.77,"absence of a record is not evidence of stability: a control is a slope with no recorded failure, not a slope proven not to fail, so any false-alarm rate derived from these sites is a lower bound on the true rate"
ctl-81000-3,81000,2025-07-09,28.70512,82.58987,3.06,2.83,"absence of a record is not evidence of stability: a control is a slope with no recorded failure, not a slope proven not to fail, so any false-alarm rate derived from these sites is a lower bound on the true rate"
ctl-81007-1,81007,2025-07-08,27.34251,86.45779,10.05,1.35,"absence of a record is not evidence of stability: a control is a slope with no recorded failure, not a slope proven not to fail, so any false-alarm rate derived from these sites is a lower bound on the true rate"
ctl-81007-2,81007,2025-07-08,27.25795,86.54968,10.02,2.07,"absence of a record is not evidence of stability: a control is a slope with no recorded failure, not a slope proven not to fail, so any false-alarm rate derived from these sites is a lower bound on the true rate"
ctl-81007-3,81007,2025-07-08,27.3384,86.58517,2.75,2.17,"absence of a record is not evidence of stability: a control is a slope with no recorded failure, not a slope proven not to fail, so any false-alarm rate derived from these sites is a lower bound on the true rate"
ctl-81242-1,81242,2025-07-20,26.96262,87.7795,6.57,1.68,"absence of a record is not evidence of stability: a control is a slope with no recorded failure, not a slope proven not to fail, so any false-alarm rate derived from these sites is a lower bound on the true rate"
ctl-81242-2,81242,2025-07-20,26.99134,87.65783,10.35,1.33,"absence of a record is not evidence of stability: a control is a slope with no recorded failure, not a slope proven not to fail, so any false-alarm rate derived from these sites is a lower bound on the true rate"
ctl-81242-3,81242,2025-07-20,26.92791,87.74206,1.32,1.32,"absence of a record is not evidence of stability: a control is a slope with no recorded failure, not a slope proven not to fail, so any false-alarm rate derived from these sites is a lower bound on the true rate"
ctl-81261-1,81261,2025-07-20,27.82136,85.7525,10.15,2.2,"absence of a record is not evidence of stability: a control is a slope with no recorded failure, not a slope proven not to fail, so any false-alarm rate derived from these sites is a lower bound on the true rate"
ctl-81261-2,81261,2025-07-20,27.74589,85.73252,11.09,1.29,"absence of a record is not evidence of stability: a control is a slope with no recorded failure, not a slope proven not to fail, so any false-alarm rate derived from these sites is a lower bound on the true rate"
ctl-81261-3,81261,2025-07-20,27.73508,85.79061,6.55,2.68,"absence of a record is not evidence of stability: a control is a slope with no recorded failure, not a slope proven not to fail, so any false-alarm rate derived from these sites is a lower bound on the true rate"
ctl-81478-1,81478,2025-08-02,27.52337,86.35962,2.36,2.36,"absence of a record is not evidence of stability: a control is a slope with no recorded failure, not a slope proven not to fail, so any false-alarm rate derived from these sites is a lower bound on the true rate"
ctl-81478-2,81478,2025-08-02,27.46452,86.32629,5.09,3.4,"absence of a record is not evidence of stability: a control is a slope with no recorded failure, not a slope proven not to fail, so any false-alarm rate derived from these sites is a lower bound on the true rate"
ctl-81478-3,81478,2025-08-02,27.52076,86.33331,2.95,2.57,"absence of a record is not evidence of stability: a control is a slope with no recorded failure, not a slope proven not to fail, so any false-alarm rate derived from these sites is a lower bound on the true rate"
ctl-81552-1,81552,2025-08-05,28.64066,82.64734,7.45,3.61,"absence of a record is not evidence of stability: a control is a slope with no recorded failure, not a slope proven not to fail, so any false-alarm rate derived from these sites is a lower bound on the true rate"
ctl-81552-2,81552,2025-08-05,28.64884,82.49781,9.23,1.95,"absence of a record is not evidence of stability: a control is a slope with no recorded failure, not a slope proven not to fail, so any false-alarm rate derived from these sites is a lower bound on the true rate"
ctl-81552-3,81552,2025-08-05,28.65741,82.57297,2.79,2.79,"absence of a record is not evidence of stability: a control is a slope with no recorded failure, not a slope proven not to fail, so any false-alarm rate derived from these sites is a lower bound on the true rate"
ctl-81616-1,81616,2025-08-08,29.122,81.37241,11.6,2.08,"absence of a record is not evidence of stability: a control is a slope with no recorded failure, not a slope proven not to fail, so any false-alarm rate derived from these sites is a lower bound on the true rate"
ctl-81616-2,81616,2025-08-08,29.02496,81.39075,8.11,4.81,"absence of a record is not evidence of stability: a control is a slope with no recorded failure, not a slope proven not to fail, so any false-alarm rate derived from these sites is a lower bound on the true rate"
ctl-81616-3,81616,2025-08-08,29.05905,81.45342,1.22,1.22,"absence of a record is not evidence of stability: a control is a slope with no recorded failure, not a slope proven not to fail, so any false-alarm rate derived from these sites is a lower bound on the true rate"
ctl-81632-1,81632,2025-08-08,27.3055,85.62924,11.02,10.29,"absence of a record is not evidence of stability: a control is a slope with no recorded failure, not a slope proven not to fail, so any false-alarm rate derived from these sites is a lower bound on the true rate"
ctl-81632-2,81632,2025-08-08,27.43333,85.72247,7.6,1.5,"absence of a record is not evidence of stability: a control is a slope with no recorded failure, not a slope proven not to fail, so any false-alarm rate derived from these sites is a lower bound on the true rate"
ctl-81632-3,81632,2025-08-08,27.37655,85.68245,3.77,3.77,"absence of a record is not evidence of stability: a control is a slope with no recorded failure, not a slope proven not to fail, so any false-alarm rate derived from these sites is a lower bound on the true rate"
ctl-81789-1,81789,2025-08-14,28.25331,82.79905,4.36,3.7,"absence of a record is not evidence of stability: a control is a slope with no recorded failure, not a slope proven not to fail, so any false-alarm rate derived from these sites is a lower bound on the true rate"
ctl-81789-2,81789,2025-08-14,28.15064,82.84609,8.06,3.49,"absence of a record is not evidence of stability: a control is a slope with no recorded failure, not a slope proven not to fail, so any false-alarm rate derived from these sites is a lower bound on the true rate"
ctl-81789-3,81789,2025-08-14,28.18814,82.85084,5.14,1.43,"absence of a record is not evidence of stability: a control is a slope with no recorded failure, not a slope proven not to fail, so any false-alarm rate derived from these sites is a lower bound on the true rate"
ctl-81986-1,81986,2025-08-19,28.91464,82.45214,3.77,3.06,"absence of a record is not evidence of stability: a control is a slope with no recorded failure, not a slope proven not to fail, so any false-alarm rate derived from these sites is a lower bound on the true rate"
ctl-81986-2,81986,2025-08-19,28.98195,82.36665,8.44,8.44,"absence of a record is not evidence of stability: a control is a slope with no recorded failure, not a slope proven not to fail, so any false-alarm rate derived from these sites is a lower bound on the true rate"
ctl-81986-3,81986,2025-08-19,28.98639,82.47714,5.36,3.27,"absence of a record is not evidence of stability: a control is a slope with no recorded failure, not a slope proven not to fail, so any false-alarm rate derived from these sites is a lower bound on the true rate"
ctl-82013-1,82013,2025-08-22,27.76524,85.26221,6.62,2.04,"absence of a record is not evidence of stability: a control is a slope with no recorded failure, not a slope proven not to fail, so any false-alarm rate derived from these sites is a lower bound on the true rate"
ctl-82013-2,82013,2025-08-22,27.73143,85.39369,10.27,1.62,"absence of a record is not evidence of stability: a control is a slope with no recorded failure, not a slope proven not to fail, so any false-alarm rate derived from these sites is a lower bound on the true rate"
ctl-82013-3,82013,2025-08-22,27.7399,85.26736,8.11,2.84,"absence of a record is not evidence of stability: a control is a slope with no recorded failure, not a slope proven not to fail, so any false-alarm rate derived from these sites is a lower bound on the true rate"
ctl-82037-1,82037,2025-08-22,28.9272,81.76909,4.28,1.93,"absence of a record is not evidence of stability: a control is a slope with no recorded failure, not a slope proven not to fail, so any false-alarm rate derived from these sites is a lower bound on the true rate"
ctl-82037-2,82037,2025-08-22,28.91251,81.7402,1.7,1.7,"absence of a record is not evidence of stability: a control is a slope with no recorded failure, not a slope proven not to fail, so any false-alarm rate derived from these sites is a lower bound on the true rate"
ctl-82037-3,82037,2025-08-22,28.94385,81.67836,8.04,6.54,"absence of a record is not evidence of stability: a control is a slope with no recorded failure, not a slope proven not to fail, so any false-alarm rate derived from these sites is a lower bound on the true rate"
ctl-82234-1,82234,2025-08-29,27.84059,85.69626,3.87,1.82,"absence of a record is not evidence of stability: a control is a slope with no recorded failure, not a slope proven not to fail, so any false-alarm rate derived from these sites is a lower bound on the true rate"
ctl-82234-2,82234,2025-08-29,27.81969,85.83921,10.81,3.93,"absence of a record is not evidence of stability: a control is a slope with no recorded failure, not a slope proven not to fail, so any false-alarm rate derived from these sites is a lower bound on the true rate"
ctl-82234-3,82234,2025-08-29,27.85132,85.70765,2.65,2.65,"absence of a record is not evidence of stability: a control is a slope with no recorded failure, not a slope proven not to fail, so any false-alarm rate derived from these sites is a lower bound on the true rate"
ctl-82242-1,82242,2025-08-29,29.64392,80.70028,10.88,4.96,"absence of a record is not evidence of stability: a control is a slope with no recorded failure, not a slope proven not to fail, so any false-alarm rate derived from these sites is a lower bound on the true rate"
ctl-82242-2,82242,2025-08-29,29.53911,80.74642,9.82,2.33,"absence of a record is not evidence of stability: a control is a slope with no recorded failure, not a slope proven not to fail, so any false-alarm rate derived from these sites is a lower bound on the true rate"
ctl-82242-3,82242,2025-08-29,29.57921,80.72866,8.26,2.46,"absence of a record is not evidence of stability: a control is a slope with no recorded failure, not a slope proven not to fail, so any false-alarm rate derived from these sites is a lower bound on the true rate"
ctl-82257-1,82257,2025-08-30,28.84982,82.04246,11.96,5.72,"absence of a record is not evidence of stability: a control is a slope with no recorded failure, not a slope proven not to fail, so any false-alarm rate derived from these sites is a lower bound on the true rate"
ctl-82257-2,82257,2025-08-30,28.81775,81.957,5.6,2.51,"absence of a record is not evidence of stability: a control is a slope with no recorded failure, not a slope proven not to fail, so any false-alarm rate derived from these sites is a lower bound on the true rate"
ctl-82257-3,82257,2025-08-30,28.85294,81.90613,1.39,1.39,"absence of a record is not evidence of stability: a control is a slope with no recorded failure, not a slope proven not to fail, so any false-alarm rate derived from these sites is a lower bound on the true rate"
ctl-82278-1,82278,2025-08-31,29.69398,80.5768,7.28,2.6,"absence of a record is not evidence of stability: a control is a slope with no recorded failure, not a slope proven not to fail, so any false-alarm rate derived from these sites is a lower bound on the true rate"
ctl-82278-2,82278,2025-08-31,29.68379,80.59829,8.98,3.07,"absence of a record is not evidence of stability: a control is a slope with no recorded failure, not a slope proven not to fail, so any false-alarm rate derived from these sites is a lower bound on the true rate"
ctl-82278-3,82278,2025-08-31,29.68327,80.43728,6.87,6.22,"absence of a record is not evidence of stability: a control is a slope with no recorded failure, not a slope proven not to fail, so any false-alarm rate derived from these sites is a lower bound on the true rate"
ctl-82282-1,82282,2025-08-31,27.51676,86.05793,10.96,5.41,"absence of a record is not evidence of stability: a control is a slope with no recorded failure, not a slope proven not to fail, so any false-alarm rate derived from these sites is a lower bound on the true rate"
ctl-82282-2,82282,2025-08-31,27.59658,86.10093,6.57,3.63,"absence of a record is not evidence of stability: a control is a slope with no recorded failure, not a slope proven not to fail, so any false-alarm rate derived from these sites is a lower bound on the true rate"
ctl-82282-3,82282,2025-08-31,27.62892,86.08325,10.23,2.29,"absence of a record is not evidence of stability: a control is a slope with no recorded failure, not a slope proven not to fail, so any false-alarm rate derived from these sites is a lower bound on the true rate"
ctl-82324-1,82324,2025-09-01,28.60504,82.42815,2.99,2.47,"absence of a record is not evidence of stability: a control is a slope with no recorded failure, not a slope proven not to fail, so any false-alarm rate derived from these sites is a lower bound on the true rate"
ctl-82324-2,82324,2025-09-01,28.58188,82.43512,2.4,2.4,"absence of a record is not evidence of stability: a control is a slope with no recorded failure, not a slope proven not to fail, so any false-alarm rate derived from these sites is a lower bound on the true rate"
ctl-82324-3,82324,2025-09-01,28.59026,82.30967,9.88,2.75,"absence of a record is not evidence of stability: a control is a slope with no recorded failure, not a slope proven not to fail, so any false-alarm rate derived from these sites is a lower bound on the true rate"
ctl-82332-1,82332,2025-09-01,28.11486,83.31113,3.01,1.82,"absence of a record is not evidence of stability: a control is a slope with no recorded failure, not a slope proven not to fail, so any false-alarm rate derived from these sites is a lower bound on the true rate"
ctl-82332-2,82332,2025-09-01,28.16212,83.36431,4.69,3.64,"absence of a record is not evidence of stability: a control is a slope with no recorded failure, not a slope proven not to fail, so any false-alarm rate derived from these sites is a lower bound on the true rate"
ctl-82332-3,82332,2025-09-01,28.12483,83.28892,4.9,3.62,"absence of a record is not evidence of stability: a control is a slope with no recorded failure, not a slope proven not to fail, so any false-alarm rate derived from these sites is a lower bound on the true rate"
ctl-82337-1,82337,2025-08-31,28.6707,82.27906,4.37,4.37,"absence of a record is not evidence of stability: a control is a slope with no recorded failure, not a slope proven not to fail, so any false-alarm rate derived from these sites is a lower bound on the true rate"
ctl-82337-2,82337,2025-08-31,28.65861,82.37004,4.64,1.46,"absence of a record is not evidence of stability: a control is a slope with no recorded failure, not a slope proven not to fail, so any false-alarm rate derived from these sites is a lower bound on the true rate"
ctl-82337-3,82337,2025-08-31,28.68397,82.28772,4.23,4.23,"absence of a record is not evidence of stability: a control is a slope with no recorded failure, not a slope proven not to fail, so any false-alarm rate derived from these sites is a lower bound on the true rate"
ctl-82565-1,82565,2025-09-14,28.28565,83.51003,6.17,1.67,"absence of a record is not evidence of stability: a control is a slope with no recorded failure, not a slope proven not to fail, so any false-alarm rate derived from these sites is a lower bound on the true rate"
ctl-82565-2,82565,2025-09-14,28.31121,83.53097,7.41,2.24,"absence of a record is not evidence of stability: a control is a slope with no recorded failure, not a slope proven not to fail, so any false-alarm rate derived from these sites is a lower bound on the true rate"
ctl-82565-3,82565,2025-09-14,28.26091,83.54527,1.78,1.78,"absence of a record is not evidence of stability: a control is a slope with no recorded failure, not a slope proven not to fail, so any false-alarm rate derived from these sites is a lower bound on the true rate"
ctl-82568-1,82568,2025-09-15,28.14015,83.8941,6.5,4.78,"absence of a record is not evidence of stability: a control is a slope with no recorded failure, not a slope proven not to fail, so any false-alarm rate derived from these sites is a lower bound on the true rate"
ctl-82568-2,82568,2025-09-15,28.08685,83.99361,5.19,5.19,"absence of a record is not evidence of stability: a control is a slope with no recorded failure, not a slope proven not to fail, so any false-alarm rate derived from these sites is a lower bound on the true rate"
ctl-82568-3,82568,2025-09-15,28.10955,83.93022,1.59,1.59,"absence of a record is not evidence of stability: a control is a slope with no recorded failure, not a slope proven not to fail, so any false-alarm rate derived from these sites is a lower bound on the true rate"
ctl-82586-1,82586,2025-09-15,27.78786,83.33331,2.51,2.51,"absence of a record is not evidence of stability: a control is a slope with no recorded failure, not a slope proven not to fail, so any false-alarm rate derived from these sites is a lower bound on the true rate"
ctl-82586-2,82586,2025-09-15,27.73614,83.28546,5.5,5.5,"absence of a record is not evidence of stability: a control is a slope with no recorded failure, not a slope proven not to fail, so any false-alarm rate derived from these sites is a lower bound on the true rate"
ctl-82586-3,82586,2025-09-15,27.68584,83.3384,10.96,10.96,"absence of a record is not evidence of stability: a control is a slope with no recorded failure, not a slope proven not to fail, so any false-alarm rate derived from these sites is a lower bound on the true rate"
ctl-82591-1,82591,2025-09-15,27.22076,87.09586,4.48,2.53,"absence of a record is not evidence of stability: a control is a slope with no recorded failure, not a slope proven not to fail, so any false-alarm rate derived from these sites is a lower bound on the true rate"
ctl-82591-2,82591,2025-09-15,27.14368,87.14761,9.56,3.83,"absence of a record is not evidence of stability: a control is a slope with no recorded failure, not a slope proven not to fail, so any false-alarm rate derived from these sites is a lower bound on the true rate"
ctl-82591-3,82591,2025-09-15,27.26103,87.21197,7.93,2.33,"absence of a record is not evidence of stability: a control is a slope with no recorded failure, not a slope proven not to fail, so any false-alarm rate derived from these sites is a lower bound on the true rate"
ctl-82624-1,82624,2025-09-17,28.67126,82.38538,4.0,2.32,"absence of a record is not evidence of stability: a control is a slope with no recorded failure, not a slope proven not to fail, so any false-alarm rate derived from these sites is a lower bound on the true rate"
ctl-82624-2,82624,2025-09-17,28.67106,82.39721,2.85,2.85,"absence of a record is not evidence of stability: a control is a slope with no recorded failure, not a slope proven not to fail, so any false-alarm rate derived from these sites is a lower bound on the true rate"
ctl-82624-3,82624,2025-09-17,28.67361,82.36118,6.38,2.34,"absence of a record is not evidence of stability: a control is a slope with no recorded failure, not a slope proven not to fail, so any false-alarm rate derived from these sites is a lower bound on the true rate"
ctl-82996-1,82996,2025-10-04,27.66456,85.92831,7.96,3.77,"absence of a record is not evidence of stability: a control is a slope with no recorded failure, not a slope proven not to fail, so any false-alarm rate derived from these sites is a lower bound on the true rate"
ctl-82996-2,82996,2025-10-04,27.64579,85.96109,11.61,5.19,"absence of a record is not evidence of stability: a control is a slope with no recorded failure, not a slope proven not to fail, so any false-alarm rate derived from these sites is a lower bound on the true rate"
ctl-82996-3,82996,2025-10-04,27.72732,85.89583,1.41,1.41,"absence of a record is not evidence of stability: a control is a slope with no recorded failure, not a slope proven not to fail, so any false-alarm rate derived from these sites is a lower bound on the true rate"
ctl-83020-1,83020,2025-10-04,26.96592,87.80295,5.1,1.12,"absence of a record is not evidence of stability: a control is a slope with no recorded failure, not a slope proven not to fail, so any false-alarm rate derived from these sites is a lower bound on the true rate"
ctl-83020-2,83020,2025-10-04,26.94064,87.75875,4.54,2.08,"absence of a record is not evidence of stability: a control is a slope with no recorded failure, not a slope proven not to fail, so any false-alarm rate derived from these sites is a lower bound on the true rate"
ctl-83020-3,83020,2025-10-04,26.9079,87.77046,3.09,2.88,"absence of a record is not evidence of stability: a control is a slope with no recorded failure, not a slope proven not to fail, so any false-alarm rate derived from these sites is a lower bound on the true rate"
ctl-83024-1,83024,2025-10-04,26.9495,88.0061,7.88,2.65,"absence of a record is not evidence of stability: a control is a slope with no recorded failure, not a slope proven not to fail, so any false-alarm rate derived from these sites is a lower bound on the true rate"
ctl-83024-2,83024,2025-10-04,26.90567,87.99868,8.62,2.68,"absence of a record is not evidence of stability: a control is a slope with no recorded failure, not a slope proven not to fail, so any false-alarm rate derived from these sites is a lower bound on the true rate"
ctl-83024-3,83024,2025-10-04,26.93282,87.94284,2.42,2.05,"absence of a record is not evidence of stability: a control is a slope with no recorded failure, not a slope proven not to fail, so any false-alarm rate derived from these sites is a lower bound on the true rate"
ctl-83046-1,83046,2025-10-05,27.32765,85.46706,7.47,7.47,"absence of a record is not evidence of stability: a control is a slope with no recorded failure, not a slope proven not to fail, so any false-alarm rate derived from these sites is a lower bound on the true rate"
ctl-83046-2,83046,2025-10-05,27.26724,85.49862,10.05,10.05,"absence of a record is not evidence of stability: a control is a slope with no recorded failure, not a slope proven not to fail, so any false-alarm rate derived from these sites is a lower bound on the true rate"
ctl-83046-3,83046,2025-10-05,27.28896,85.35949,4.19,4.19,"absence of a record is not evidence of stability: a control is a slope with no recorded failure, not a slope proven not to fail, so any false-alarm rate derived from these sites is a lower bound on the true rate"
ctl-83054-1,83054,2025-10-04,27.00772,87.96742,7.55,2.37,"absence of a record is not evidence of stability: a control is a slope with no recorded failure, not a slope proven not to fail, so any false-alarm rate derived from these sites is a lower bound on the true rate"
ctl-83054-2,83054,2025-10-04,27.14002,87.8994,10.76,2.94,"absence of a record is not evidence of stability: a control is a slope with no recorded failure, not a slope proven not to fail, so any false-alarm rate derived from these sites is a lower bound on the true rate"
ctl-83054-3,83054,2025-10-04,27.07821,87.87455,4.76,1.98,"absence of a record is not evidence of stability: a control is a slope with no recorded failure, not a slope proven not to fail, so any false-alarm rate derived from these sites is a lower bound on the true rate"
ctl-83060-1,83060,2025-10-05,27.69744,85.52675,8.99,2.4,"absence of a record is not evidence of stability: a control is a slope with no recorded failure, not a slope proven not to fail, so any false-alarm rate derived from these sites is a lower bound on the true rate"
ctl-83060-2,83060,2025-10-05,27.57364,85.4106,9.07,3.52,"absence of a record is not evidence of stability: a control is a slope with no recorded failure, not a slope proven not to fail, so any false-alarm rate derived from these sites is a lower bound on the true rate"
ctl-83060-3,83060,2025-10-05,27.71381,85.479,8.15,2.24,"absence of a record is not evidence of stability: a control is a slope with no recorded failure, not a slope proven not to fail, so any false-alarm rate derived from these sites is a lower bound on the true rate"
ctl-83064-1,83064,2025-10-05,27.29741,87.46919,10.63,5.99,"absence of a record is not evidence of stability: a control is a slope with no recorded failure, not a slope proven not to fail, so any false-alarm rate derived from these sites is a lower bound on the true rate"
ctl-83064-2,83064,2025-10-05,27.35985,87.38259,6.87,2.53,"absence of a record is not evidence of stability: a control is a slope with no recorded failure, not a slope proven not to fail, so any false-alarm rate derived from these sites is a lower bound on the true rate"
ctl-83064-3,83064,2025-10-05,27.37389,87.37192,8.18,2.31,"absence of a record is not evidence of stability: a control is a slope with no recorded failure, not a slope proven not to fail, so any false-alarm rate derived from these sites is a lower bound on the true rate"
ctl-83083-1,83083,2025-10-05,27.04749,87.37247,8.58,1.02,"absence of a record is not evidence of stability: a control is a slope with no recorded failure, not a slope proven not to fail, so any false-alarm rate derived from these sites is a lower bound on the true rate"
ctl-83083-2,83083,2025-10-05,27.0698,87.31388,5.18,4.39,"absence of a record is not evidence of stability: a control is a slope with no recorded failure, not a slope proven not to fail, so any false-alarm rate derived from these sites is a lower bound on the true rate"
ctl-83083-3,83083,2025-10-05,27.14626,87.38068,6.21,3.12,"absence of a record is not evidence of stability: a control is a slope with no recorded failure, not a slope proven not to fail, so any false-alarm rate derived from these sites is a lower bound on the true rate"
ctl-83084-1,83084,2025-10-05,27.07279,86.96137,8.64,3.97,"absence of a record is not evidence of stability: a control is a slope with no recorded failure, not a slope proven not to fail, so any false-alarm rate derived from these sites is a lower bound on the true rate"
ctl-83084-2,83084,2025-10-05,27.10544,86.98812,4.31,2.85,"absence of a record is not evidence of stability: a control is a slope with no recorded failure, not a slope proven not to fail, so any false-alarm rate derived from these sites is a lower bound on the true rate"
ctl-83084-3,83084,2025-10-05,27.11653,87.1081,8.28,1.97,"absence of a record is not evidence of stability: a control is a slope with no recorded failure, not a slope proven not to fail, so any false-alarm rate derived from these sites is a lower bound on the true rate"
ctl-83086-1,83086,2025-10-04,27.64869,85.63762,7.65,1.27,"absence of a record is not evidence of stability: a control is a slope with no recorded failure, not a slope proven not to fail, so any false-alarm rate derived from these sites is a lower bound on the true rate"
ctl-83086-2,83086,2025-10-04,27.66298,85.63953,8.9,1.13,"absence of a record is not evidence of stability: a control is a slope with no recorded failure, not a slope proven not to fail, so any false-alarm rate derived from these sites is a lower bound on the true rate"
ctl-83086-3,83086,2025-10-04,27.61978,85.59282,2.25,2.25,"absence of a record is not evidence of stability: a control is a slope with no recorded failure, not a slope proven not to fail, so any false-alarm rate derived from these sites is a lower bound on the true rate"
ctl-83092-1,83092,2025-10-05,26.90128,87.26164,3.18,3.18,"absence of a record is not evidence of stability: a control is a slope with no recorded failure, not a slope proven not to fail, so any false-alarm rate derived from these sites is a lower bound on the true rate"
ctl-83092-2,83092,2025-10-05,26.8578,87.22546,3.89,2.78,"absence of a record is not evidence of stability: a control is a slope with no recorded failure, not a slope proven not to fail, so any false-alarm rate derived from these sites is a lower bound on the true rate"
ctl-83092-3,83092,2025-10-05,26.9294,87.24163,4.24,4.12,"absence of a record is not evidence of stability: a control is a slope with no recorded failure, not a slope proven not to fail, so any false-alarm rate derived from these sites is a lower bound on the true rate"
ctl-83109-1,83109,2025-10-05,27.22555,86.52592,6.45,2.26,"absence of a record is not evidence of stability: a control is a slope with no recorded failure, not a slope proven not to fail, so any false-alarm rate derived from these sites is a lower bound on the true rate"
ctl-83109-2,83109,2025-10-05,27.16123,86.56246,11.25,1.94,"absence of a record is not evidence of stability: a control is a slope with no recorded failure, not a slope proven not to fail, so any false-alarm rate derived from these sites is a lower bound on the true rate"
ctl-83109-3,83109,2025-10-05,27.20594,86.45379,1.03,1.03,"absence of a record is not evidence of stability: a control is a slope with no recorded failure, not a slope proven not to fail, so any false-alarm rate derived from these sites is a lower bound on the true rate"
ctl-83111-1,83111,2025-10-04,26.92852,87.87282,10.96,1.72,"absence of a record is not evidence of stability: a control is a slope with no recorded failure, not a slope proven not to fail, so any false-alarm rate derived from these sites is a lower bound on the true rate"
ctl-83111-2,83111,2025-10-04,26.92267,88.03572,8.35,2.34,"absence of a record is not evidence of stability: a control is a slope with no recorded failure, not a slope proven not to fail, so any false-alarm rate derived from these sites is a lower bound on the true rate"
ctl-83111-3,83111,2025-10-04,26.86037,87.96641,1.99,1.99,"absence of a record is not evidence of stability: a control is a slope with no recorded failure, not a slope proven not to fail, so any false-alarm rate derived from these sites is a lower bound on the true rate"
ctl-83127-1,83127,2025-10-04,26.81523,86.65625,8.95,8.39,"absence of a record is not evidence of stability: a control is a slope with no recorded failure, not a slope proven not to fail, so any false-alarm rate derived from these sites is a lower bound on the true rate"
ctl-83127-2,83127,2025-10-04,26.75455,86.64079,3.81,3.81,"absence of a record is not evidence of stability: a control is a slope with no recorded failure, not a slope proven not to fail, so any false-alarm rate derived from these sites is a lower bound on the true rate"
ctl-83127-3,83127,2025-10-04,26.72008,86.71718,11.86,11.86,"absence of a record is not evidence of stability: a control is a slope with no recorded failure, not a slope proven not to fail, so any false-alarm rate derived from these sites is a lower bound on the true rate"
ctl-83129-1,83129,2025-10-05,26.46224,87.29434,6.1,4.1,"absence of a record is not evidence of stability: a control is a slope with no recorded failure, not a slope proven not to fail, so any false-alarm rate derived from these sites is a lower bound on the true rate"
ctl-83129-2,83129,2025-10-05,26.42983,87.21849,4.19,4.19,"absence of a record is not evidence of stability: a control is a slope with no recorded failure, not a slope proven not to fail, so any false-alarm rate derived from these sites is a lower bound on the true rate"
ctl-83129-3,83129,2025-10-05,26.41495,87.21397,4.43,4.43,"absence of a record is not evidence of stability: a control is a slope with no recorded failure, not a slope proven not to fail, so any false-alarm rate derived from these sites is a lower bound on the true rate"
ctl-83136-1,83136,2025-10-04,26.92793,87.60933,2.04,2.04,"absence of a record is not evidence of stability: a control is a slope with no recorded failure, not a slope proven not to fail, so any false-alarm rate derived from these sites is a lower bound on the true rate"
ctl-83136-2,83136,2025-10-04,26.93506,87.61776,1.5,1.5,"absence of a record is not evidence of stability: a control is a slope with no recorded failure, not a slope proven not to fail, so any false-alarm rate derived from these sites is a lower bound on the true rate"
ctl-83136-3,83136,2025-10-04,26.96268,87.70329,8.29,2.89,"absence of a record is not evidence of stability: a control is a slope with no recorded failure, not a slope proven not to fail, so any false-alarm rate derived from these sites is a lower bound on the true rate"
ctl-83137-1,83137,2025-10-04,27.03528,87.7433,4.93,2.28,"absence of a record is not evidence of stability: a control is a slope with no recorded failure, not a slope proven not to fail, so any false-alarm rate derived from these sites is a lower bound on the true rate"
ctl-83137-2,83137,2025-10-04,27.12711,87.66963,7.83,3.1,"absence of a record is not evidence of stability: a control is a slope with no recorded failure, not a slope proven not to fail, so any false-alarm rate derived from these sites is a lower bound on the true rate"
ctl-83137-3,83137,2025-10-04,27.08345,87.70559,2.02,2.02,"absence of a record is not evidence of stability: a control is a slope with no recorded failure, not a slope proven not to fail, so any false-alarm rate derived from these sites is a lower bound on the true rate"
ctl-83145-1,83145,2025-10-05,26.95804,87.64723,3.01,3.01,"absence of a record is not evidence of stability: a control is a slope with no recorded failure, not a slope proven not to fail, so any false-alarm rate derived from these sites is a lower bound on the true rate"
ctl-83145-2,83145,2025-10-05,26.96577,87.7452,11.57,1.32,"absence of a record is not evidence of stability: a control is a slope with no recorded failure, not a slope proven not to fail, so any false-alarm rate derived from these sites is a lower bound on the true rate"
ctl-83145-3,83145,2025-10-05,27.00784,87.58689,5.24,5.1,"absence of a record is not evidence of stability: a control is a slope with no recorded failure, not a slope proven not to fail, so any false-alarm rate derived from these sites is a lower bound on the true rate"
ctl-83648-1,83648,2025-10-05,27.06181,87.04823,9.79,4.46,"absence of a record is not evidence of stability: a control is a slope with no recorded failure, not a slope proven not to fail, so any false-alarm rate derived from these sites is a lower bound on the true rate"
ctl-83648-2,83648,2025-10-05,27.18057,87.19208,9.75,2.43,"absence of a record is not evidence of stability: a control is a slope with no recorded failure, not a slope proven not to fail, so any false-alarm rate derived from these sites is a lower bound on the true rate"
ctl-83648-3,83648,2025-10-05,27.18661,87.15928,8.65,1.97,"absence of a record is not evidence of stability: a control is a slope with no recorded failure, not a slope proven not to fail, so any false-alarm rate derived from these sites is a lower bound on the true rate"
ctl-83650-1,83650,2025-10-05,27.08556,88.10536,11.35,11.35,"absence of a record is not evidence of stability: a control is a slope with no recorded failure, not a slope proven not to fail, so any false-alarm rate derived from these sites is a lower bound on the true rate"
ctl-83650-2,83650,2025-10-05,26.98835,87.97845,5.57,1.95,"absence of a record is not evidence of stability: a control is a slope with no recorded failure, not a slope proven not to fail, so any false-alarm rate derived from these sites is a lower bound on the true rate"
ctl-83650-3,83650,2025-10-05,26.99214,87.91959,9.82,3.07,"absence of a record is not evidence of stability: a control is a slope with no recorded failure, not a slope proven not to fail, so any false-alarm rate derived from these sites is a lower bound on the true rate"
ctl-83652-1,83652,2025-10-04,26.70314,87.92519,2.99,2.99,"absence of a record is not evidence of stability: a control is a slope with no recorded failure, not a slope proven not to fail, so any false-alarm rate derived from these sites is a lower bound on the true rate"
ctl-83652-2,83652,2025-10-04,26.76641,87.91349,4.94,4.94,"absence of a record is not evidence of stability: a control is a slope with no recorded failure, not a slope proven not to fail, so any false-alarm rate derived from these sites is a lower bound on the true rate"
ctl-83652-3,83652,2025-10-04,26.76318,87.83169,8.52,4.13,"absence of a record is not evidence of stability: a control is a slope with no recorded failure, not a slope proven not to fail, so any false-alarm rate derived from these sites is a lower bound on the true rate"
ctl-85180-1,85180,2025-10-31,27.41023,86.84065,11.69,6.2,"absence of a record is not evidence of stability: a control is a slope with no recorded failure, not a slope proven not to fail, so any false-alarm rate derived from these sites is a lower bound on the true rate"
ctl-85180-2,85180,2025-10-31,27.41436,86.82731,11.11,5.36,"absence of a record is not evidence of stability: a control is a slope with no recorded failure, not a slope proven not to fail, so any false-alarm rate derived from these sites is a lower bound on the true rate"
ctl-85180-3,85180,2025-10-31,27.38612,86.76992,5.52,5.4,"absence of a record is not evidence of stability: a control is a slope with no recorded failure, not a slope proven not to fail, so any false-alarm rate derived from these sites is a lower bound on the true rate"
ctl-85184-1,85184,2025-10-31,27.0856,87.70783,3.87,1.94,"absence of a record is not evidence of stability: a control is a slope with no recorded failure, not a slope proven not to fail, so any false-alarm rate derived from these sites is a lower bound on the true rate"
ctl-85184-2,85184,2025-10-31,27.06489,87.59244,8.74,6.92,"absence of a record is not evidence of stability: a control is a slope with no recorded failure, not a slope proven not to fail, so any false-alarm rate derived from these sites is a lower bound on the true rate"
ctl-85184-3,85184,2025-10-31,27.0241,87.6277,9.43,1.8,"absence of a record is not evidence of stability: a control is a slope with no recorded failure, not a slope proven not to fail, so any false-alarm rate derived from these sites is a lower bound on the true rate"
ctl-85187-1,85187,2025-10-31,28.8628,83.74368,7.21,7.21,"absence of a record is not evidence of stability: a control is a slope with no recorded failure, not a slope proven not to fail, so any false-alarm rate derived from these sites is a lower bound on the true rate"
ctl-85187-2,85187,2025-10-31,28.75901,83.82684,8.36,8.36,"absence of a record is not evidence of stability: a control is a slope with no recorded failure, not a slope proven not to fail, so any false-alarm rate derived from these sites is a lower bound on the true rate"
ctl-85187-3,85187,2025-10-31,28.78007,83.68799,6.75,6.75,"absence of a record is not evidence of stability: a control is a slope with no recorded failure, not a slope proven not to fail, so any false-alarm rate derived from these sites is a lower bound on the true rate"
ctl-85192-1,85192,2025-10-31,29.13912,82.83181,2.05,2.05,"absence of a record is not evidence of stability: a control is a slope with no recorded failure, not a slope proven not to fail, so any false-alarm rate derived from these sites is a lower bound on the true rate"
ctl-85192-2,85192,2025-10-31,29.12982,82.88138,3.73,3.73,"absence of a record is not evidence of stability: a control is a slope with no recorded failure, not a slope proven not to fail, so any false-alarm rate derived from these sites is a lower bound on the true rate"
ctl-85192-3,85192,2025-10-31,29.09198,82.90716,8.43,8.43,"absence of a record is not evidence of stability: a control is a slope with no recorded failure, not a slope proven not to fail, so any false-alarm rate derived from these sites is a lower bound on the true rate"
ctl-90646-1,90646,2026-06-19,27.20793,87.8214,10.22,2.68,"absence of a record is not evidence of stability: a control is a slope with no recorded failure, not a slope proven not to fail, so any false-alarm rate derived from these sites is a lower bound on the true rate"
ctl-90646-2,90646,2026-06-19,27.39411,87.89878,11.85,2.36,"absence of a record is not evidence of stability: a control is a slope with no recorded failure, not a slope proven not to fail, so any false-alarm rate derived from these sites is a lower bound on the true rate"
ctl-90646-3,90646,2026-06-19,27.33378,87.92654,8.07,2.79,"absence of a record is not evidence of stability: a control is a slope with no recorded failure, not a slope proven not to fail, so any false-alarm rate derived from these sites is a lower bound on the true rate"
ctl-90650-1,90650,2026-06-19,27.95994,84.40828,10.32,1.95,"absence of a record is not evidence of stability: a control is a slope with no recorded failure, not a slope proven not to fail, so any false-alarm rate derived from these sites is a lower bound on the true rate"
ctl-90650-2,90650,2026-06-19,27.98907,84.54123,10.55,4.15,"absence of a record is not evidence of stability: a control is a slope with no recorded failure, not a slope proven not to fail, so any false-alarm rate derived from these sites is a lower bound on the true rate"
ctl-90650-3,90650,2026-06-19,27.90777,84.55759,6.4,2.91,"absence of a record is not evidence of stability: a control is a slope with no recorded failure, not a slope proven not to fail, so any false-alarm rate derived from these sites is a lower bound on the true rate"
ctl-90684-1,90684,2026-06-20,26.93634,88.0015,11.66,1.55,"absence of a record is not evidence of stability: a control is a slope with no recorded failure, not a slope proven not to fail, so any false-alarm rate derived from these sites is a lower bound on the true rate"
ctl-90684-2,90684,2026-06-20,26.81745,87.93772,3.45,3.45,"absence of a record is not evidence of stability: a control is a slope with no recorded failure, not a slope proven not to fail, so any false-alarm rate derived from these sites is a lower bound on the true rate"
ctl-90684-3,90684,2026-06-20,26.8413,88.01942,5.43,5.43,"absence of a record is not evidence of stability: a control is a slope with no recorded failure, not a slope proven not to fail, so any false-alarm rate derived from these sites is a lower bound on the true rate"
ctl-90979-1,90979,2026-06-29,28.18959,83.60876,6.04,1.13,"absence of a record is not evidence of stability: a control is a slope with no recorded failure, not a slope proven not to fail, so any false-alarm rate derived from these sites is a lower bound on the true rate"
ctl-90979-2,90979,2026-06-29,28.20545,83.61987,5.92,1.2,"absence of a record is not evidence of stability: a control is a slope with no recorded failure, not a slope proven not to fail, so any false-alarm rate derived from these sites is a lower bound on the true rate"
ctl-90979-3,90979,2026-06-29,28.21144,83.70816,5.91,1.63,"absence of a record is not evidence of stability: a control is a slope with no recorded failure, not a slope proven not to fail, so any false-alarm rate derived from these sites is a lower bound on the true rate"
ctl-91005-1,91005,2026-07-01,27.90735,83.75956,6.46,3.11,"absence of a record is not evidence of stability: a control is a slope with no recorded failure, not a slope proven not to fail, so any false-alarm rate derived from these sites is a lower bound on the true rate"
ctl-91005-2,91005,2026-07-01,27.92421,83.82493,2.13,2.13,"absence of a record is not evidence of stability: a control is a slope with no recorded failure, not a slope proven not to fail, so any false-alarm rate derived from these sites is a lower bound on the true rate"
ctl-91005-3,91005,2026-07-01,28.00455,83.81368,7.12,3.99,"absence of a record is not evidence of stability: a control is a slope with no recorded failure, not a slope proven not to fail, so any false-alarm rate derived from these sites is a lower bound on the true rate"
ctl-91031-1,91031,2026-06-29,27.25641,87.33371,2.0,2.0,"absence of a record is not evidence of stability: a control is a slope with no recorded failure, not a slope proven not to fail, so any false-alarm rate derived from these sites is a lower bound on the true rate"
ctl-91031-2,91031,2026-06-29,27.24706,87.42035,7.8,5.48,"absence of a record is not evidence of stability: a control is a slope with no recorded failure, not a slope proven not to fail, so any false-alarm rate derived from these sites is a lower bound on the true rate"
ctl-91031-3,91031,2026-06-29,27.28652,87.41021,6.58,3.16,"absence of a record is not evidence of stability: a control is a slope with no recorded failure, not a slope proven not to fail, so any false-alarm rate derived from these sites is a lower bound on the true rate"
ctl-91036-1,91036,2026-06-30,28.03851,83.3831,8.38,3.16,"absence of a record is not evidence of stability: a control is a slope with no recorded failure, not a slope proven not to fail, so any false-alarm rate derived from these sites is a lower bound on the true rate"
ctl-91036-2,91036,2026-06-30,28.00911,83.42628,4.99,1.11,"absence of a record is not evidence of stability: a control is a slope with no recorded failure, not a slope proven not to fail, so any false-alarm rate derived from these sites is a lower bound on the true rate"
ctl-91036-3,91036,2026-06-30,27.93706,83.41919,3.45,1.01,"absence of a record is not evidence of stability: a control is a slope with no recorded failure, not a slope proven not to fail, so any false-alarm rate derived from these sites is a lower bound on the true rate"
ctl-91046-1,91046,2026-06-30,27.06407,87.36054,7.15,1.18,"absence of a record is not evidence of stability: a control is a slope with no recorded failure, not a slope proven not to fail, so any false-alarm rate derived from these sites is a lower bound on the true rate"
ctl-91046-2,91046,2026-06-30,27.08033,87.35768,6.2,1.3,"absence of a record is not evidence of stability: a control is a slope with no recorded failure, not a slope proven not to fail, so any false-alarm rate derived from these sites is a lower bound on the true rate"
ctl-91046-3,91046,2026-06-30,27.17116,87.46876,8.86,1.93,"absence of a record is not evidence of stability: a control is a slope with no recorded failure, not a slope proven not to fail, so any false-alarm rate derived from these sites is a lower bound on the true rate"
ctl-91307-1,91307,2026-07-07,29.27613,80.95342,9.34,2.3,"absence of a record is not evidence of stability: a control is a slope with no recorded failure, not a slope proven not to fail, so any false-alarm rate derived from these sites is a lower bound on the true rate"
ctl-91307-2,91307,2026-07-07,29.28184,80.81571,4.75,4.48,"absence of a record is not evidence of stability: a control is a slope with no recorded failure, not a slope proven not to fail, so any false-alarm rate derived from these sites is a lower bound on the true rate"
ctl-91307-3,91307,2026-07-07,29.2341,80.97403,11.6,2.84,"absence of a record is not evidence of stability: a control is a slope with no recorded failure, not a slope proven not to fail, so any false-alarm rate derived from these sites is a lower bound on the true rate"
ctl-91310-1,91310,2026-07-07,28.24792,84.0303,6.73,1.74,"absence of a record is not evidence of stability: a control is a slope with no recorded failure, not a slope proven not to fail, so any false-alarm rate derived from these sites is a lower bound on the true rate"
ctl-91310-2,91310,2026-07-07,28.27281,84.10913,1.5,1.5,"absence of a record is not evidence of stability: a control is a slope with no recorded failure, not a slope proven not to fail, so any false-alarm rate derived from these sites is a lower bound on the true rate"
ctl-91310-3,91310,2026-07-07,28.26114,84.07057,2.54,1.12,"absence of a record is not evidence of stability: a control is a slope with no recorded failure, not a slope proven not to fail, so any false-alarm rate derived from these sites is a lower bound on the true rate"
ctl-91326-1,91326,2026-07-07,28.74871,81.88484,8.93,8.69,"absence of a record is not evidence of stability: a control is a slope with no recorded failure, not a slope proven not to fail, so any false-alarm rate derived from these sites is a lower bound on the true rate"
ctl-91326-2,91326,2026-07-07,28.7124,81.9009,7.71,5.05,"absence of a record is not evidence of stability: a control is a slope with no recorded failure, not a slope proven not to fail, so any false-alarm rate derived from these sites is a lower bound on the true rate"
ctl-91326-3,91326,2026-07-07,28.60698,81.89955,11.22,6.45,"absence of a record is not evidence of stability: a control is a slope with no recorded failure, not a slope proven not to fail, so any false-alarm rate derived from these sites is a lower bound on the true rate"
ctl-91339-1,91339,2026-07-08,29.16436,81.19305,6.02,6.02,"absence of a record is not evidence of stability: a control is a slope with no recorded failure, not a slope proven not to fail, so any false-alarm rate derived from these sites is a lower bound on the true rate"
ctl-91339-2,91339,2026-07-08,29.21594,81.31111,8.87,2.54,"absence of a record is not evidence of stability: a control is a slope with no recorded failure, not a slope proven not to fail, so any false-alarm rate derived from these sites is a lower bound on the true rate"
ctl-91339-3,91339,2026-07-08,29.19847,81.22841,5.55,5.55,"absence of a record is not evidence of stability: a control is a slope with no recorded failure, not a slope proven not to fail, so any false-alarm rate derived from these sites is a lower bound on the true rate"
ctl-91373-1,91373,2026-07-09,27.9309,83.53386,10.2,2.0,"absence of a record is not evidence of stability: a control is a slope with no recorded failure, not a slope proven not to fail, so any false-alarm rate derived from these sites is a lower bound on the true rate"
ctl-91373-2,91373,2026-07-09,27.92753,83.61844,9.48,2.9,"absence of a record is not evidence of stability: a control is a slope with no recorded failure, not a slope proven not to fail, so any false-alarm rate derived from these sites is a lower bound on the true rate"
ctl-91373-3,91373,2026-07-09,28.07998,83.56608,8.23,3.38,"absence of a record is not evidence of stability: a control is a slope with no recorded failure, not a slope proven not to fail, so any false-alarm rate derived from these sites is a lower bound on the true rate"
ctl-91401-1,91401,2026-07-10,29.51058,81.91851,2.48,2.48,"absence of a record is not evidence of stability: a control is a slope with no recorded failure, not a slope proven not to fail, so any false-alarm rate derived from these sites is a lower bound on the true rate"
ctl-91401-2,91401,2026-07-10,29.59142,81.93952,6.83,6.83,"absence of a record is not evidence of stability: a control is a slope with no recorded failure, not a slope proven not to fail, so any false-alarm rate derived from these sites is a lower bound on the true rate"
ctl-91401-3,91401,2026-07-10,29.58657,81.81945,11.27,4.94,"absence of a record is not evidence of stability: a control is a slope with no recorded failure, not a slope proven not to fail, so any false-alarm rate derived from these sites is a lower bound on the true rate"
ctl-91409-1,91409,2026-07-10,27.97685,85.46358,11.12,2.02,"absence of a record is not evidence of stability: a control is a slope with no recorded failure, not a slope proven not to fail, so any false-alarm rate derived from these sites is a lower bound on the true rate"
ctl-91409-2,91409,2026-07-10,27.9246,85.28771,7.36,1.27,"absence of a record is not evidence of stability: a control is a slope with no recorded failure, not a slope proven not to fail, so any false-alarm rate derived from these sites is a lower bound on the true rate"
ctl-91409-3,91409,2026-07-10,27.91622,85.37796,2.41,2.41,"absence of a record is not evidence of stability: a control is a slope with no recorded failure, not a slope proven not to fail, so any false-alarm rate derived from these sites is a lower bound on the true rate"
ctl-91505-1,91505,2026-07-13,28.49351,81.73692,7.6,3.72,"absence of a record is not evidence of stability: a control is a slope with no recorded failure, not a slope proven not to fail, so any false-alarm rate derived from these sites is a lower bound on the true rate"
ctl-91505-2,91505,2026-07-13,28.3989,81.83348,6.54,5.43,"absence of a record is not evidence of stability: a control is a slope with no recorded failure, not a slope proven not to fail, so any false-alarm rate derived from these sites is a lower bound on the true rate"
ctl-91505-3,91505,2026-07-13,28.53427,81.72851,11.76,7.23,"absence of a record is not evidence of stability: a control is a slope with no recorded failure, not a slope proven not to fail, so any false-alarm rate derived from these sites is a lower bound on the true rate"
ctl-91537-1,91537,2026-07-12,29.52698,81.94829,9.38,2.97,"absence of a record is not evidence of stability: a control is a slope with no recorded failure, not a slope proven not to fail, so any false-alarm rate derived from these sites is a lower bound on the true rate"
ctl-91537-2,91537,2026-07-12,29.64184,81.83036,11.59,1.88,"absence of a record is not evidence of stability: a control is a slope with no recorded failure, not a slope proven not to fail, so any false-alarm rate derived from these sites is a lower bound on the true rate"
ctl-91537-3,91537,2026-07-12,29.57537,81.89835,5.97,5.11,"absence of a record is not evidence of stability: a control is a slope with no recorded failure, not a slope proven not to fail, so any false-alarm rate derived from these sites is a lower bound on the true rate"
ctl-91583-1,91583,2026-07-14,28.45416,81.65648,5.53,5.53,"absence of a record is not evidence of stability: a control is a slope with no recorded failure, not a slope proven not to fail, so any false-alarm rate derived from these sites is a lower bound on the true rate"
ctl-91583-2,91583,2026-07-14,28.44444,81.80026,9.22,1.1,"absence of a record is not evidence of stability: a control is a slope with no recorded failure, not a slope proven not to fail, so any false-alarm rate derived from these sites is a lower bound on the true rate"
ctl-91583-3,91583,2026-07-14,28.51971,81.64195,8.71,4.03,"absence of a record is not evidence of stability: a control is a slope with no recorded failure, not a slope proven not to fail, so any false-alarm rate derived from these sites is a lower bound on the true rate"
ctl-91595-1,91595,2026-07-14,28.17948,83.80727,8.82,3.27,"absence of a record is not evidence of stability: a control is a slope with no recorded failure, not a slope proven not to fail, so any false-alarm rate derived from these sites is a lower bound on the true rate"
ctl-91595-2,91595,2026-07-14,28.12829,83.91994,7.95,3.81,"absence of a record is not evidence of stability: a control is a slope with no recorded failure, not a slope proven not to fail, so any false-alarm rate derived from these sites is a lower bound on the true rate"
ctl-91595-3,91595,2026-07-14,28.08876,83.92024,7.86,2.61,"absence of a record is not evidence of stability: a control is a slope with no recorded failure, not a slope proven not to fail, so any false-alarm rate derived from these sites is a lower bound on the true rate"
ctl-91630-1,91630,2026-07-14,28.0237,83.79688,4.79,2.02,"absence of a record is not evidence of stability: a control is a slope with no recorded failure, not a slope proven not to fail, so any false-alarm rate derived from these sites is a lower bound on the true rate"
ctl-91630-2,91630,2026-07-14,27.98167,83.74286,11.78,1.87,"absence of a record is not evidence of stability: a control is a slope with no recorded failure, not a slope proven not to fail, so any false-alarm rate derived from these sites is a lower bound on the true rate"
ctl-91630-3,91630,2026-07-14,27.94025,83.83715,11.53,2.31,"absence of a record is not evidence of stability: a control is a slope with no recorded failure, not a slope proven not to fail, so any false-alarm rate derived from these sites is a lower bound on the true rate"
ctl-91663-1,91663,2026-07-13,26.85494,86.75225,8.63,6.62,"absence of a record is not evidence of stability: a control is a slope with no recorded failure, not a slope proven not to fail, so any false-alarm rate derived from these sites is a lower bound on the true rate"
ctl-91663-2,91663,2026-07-13,26.87681,86.6924,2.27,2.27,"absence of a record is not evidence of stability: a control is a slope with no recorded failure, not a slope proven not to fail, so any false-alarm rate derived from these sites is a lower bound on the true rate"
ctl-91663-3,91663,2026-07-13,26.83804,86.64692,6.28,6.28,"absence of a record is not evidence of stability: a control is a slope with no recorded failure, not a slope proven not to fail, so any false-alarm rate derived from these sites is a lower bound on the true rate"
ctl-91676-1,91676,2026-07-14,28.77359,82.39814,8.33,1.8,"absence of a record is not evidence of stability: a control is a slope with no recorded failure, not a slope proven not to fail, so any false-alarm rate derived from these sites is a lower bound on the true rate"
ctl-91676-2,91676,2026-07-14,28.88367,82.27632,9.21,1.05,"absence of a record is not evidence of stability: a control is a slope with no recorded failure, not a slope proven not to fail, so any false-alarm rate derived from these sites is a lower bound on the true rate"
ctl-91676-3,91676,2026-07-14,28.86002,82.32095,4.14,4.14,"absence of a record is not evidence of stability: a control is a slope with no recorded failure, not a slope proven not to fail, so any false-alarm rate derived from these sites is a lower bound on the true rate"
ctl-91686-1,91686,2026-07-14,28.09562,83.75988,9.88,1.36,"absence of a record is not evidence of stability: a control is a slope with no recorded failure, not a slope proven not to fail, so any false-alarm rate derived from these sites is a lower bound on the true rate"
ctl-91686-2,91686,2026-07-14,28.19059,83.78454,1.28,1.28,"absence of a record is not evidence of stability: a control is a slope with no recorded failure, not a slope proven not to fail, so any false-alarm rate derived from these sites is a lower bound on the true rate"
ctl-91686-3,91686,2026-07-14,28.20686,83.85537,8.36,2.69,"absence of a record is not evidence of stability: a control is a slope with no recorded failure, not a slope proven not to fail, so any false-alarm rate derived from these sites is a lower bound on the true rate"
ctl-91821-1,91821,2026-07-18,28.35697,82.47245,9.24,2.37,"absence of a record is not evidence of stability: a control is a slope with no recorded failure, not a slope proven not to fail, so any false-alarm rate derived from these sites is a lower bound on the true rate"
ctl-91821-2,91821,2026-07-18,28.31272,82.43481,4.15,1.59,"absence of a record is not evidence of stability: a control is a slope with no recorded failure, not a slope proven not to fail, so any false-alarm rate derived from these sites is a lower bound on the true rate"
ctl-91821-3,91821,2026-07-18,28.27933,82.29521,10.22,3.68,"absence of a record is not evidence of stability: a control is a slope with no recorded failure, not a slope proven not to fail, so any false-alarm rate derived from these sites is a lower bound on the true rate"
ctl-91855-1,91855,2026-07-18,27.76775,85.27204,4.24,1.54,"absence of a record is not evidence of stability: a control is a slope with no recorded failure, not a slope proven not to fail, so any false-alarm rate derived from these sites is a lower bound on the true rate"
ctl-91855-2,91855,2026-07-18,27.77166,85.30248,1.35,1.35,"absence of a record is not evidence of stability: a control is a slope with no recorded failure, not a slope proven not to fail, so any false-alarm rate derived from these sites is a lower bound on the true rate"
ctl-91855-3,91855,2026-07-18,27.7798,85.29922,2.12,1.78,"absence of a record is not evidence of stability: a control is a slope with no recorded failure, not a slope proven not to fail, so any false-alarm rate derived from these sites is a lower bound on the true rate"
ctl-91874-1,91874,2026-07-19,27.49955,87.66895,9.12,2.69,"absence of a record is not evidence of stability: a control is a slope with no recorded failure, not a slope proven not to fail, so any false-alarm rate derived from these sites is a lower bound on the true rate"
ctl-91874-2,91874,2026-07-19,27.36903,87.70353,9.16,2.13,"absence of a record is not evidence of stability: a control is a slope with no recorded failure, not a slope proven not to fail, so any false-alarm rate derived from these sites is a lower bound on the true rate"
ctl-91874-3,91874,2026-07-19,27.45229,87.70264,3.61,2.29,"absence of a record is not evidence of stability: a control is a slope with no recorded failure, not a slope proven not to fail, so any false-alarm rate derived from these sites is a lower bound on the true rate"
ctl-91906-1,91906,2026-07-19,27.22594,86.92587,9.78,2.27,"absence of a record is not evidence of stability: a control is a slope with no recorded failure, not a slope proven not to fail, so any false-alarm rate derived from these sites is a lower bound on the true rate"
ctl-91906-2,91906,2026-07-19,27.31336,86.79231,8.3,1.62,"absence of a record is not evidence of stability: a control is a slope with no recorded failure, not a slope proven not to fail, so any false-alarm rate derived from these sites is a lower bound on the true rate"
ctl-91906-3,91906,2026-07-19,27.20611,86.93922,11.72,3.68,"absence of a record is not evidence of stability: a control is a slope with no recorded failure, not a slope proven not to fail, so any false-alarm rate derived from these sites is a lower bound on the true rate"
ctl-91927-1,91927,2026-07-19,27.43341,86.4325,7.07,3.35,"absence of a record is not evidence of stability: a control is a slope with no recorded failure, not a slope proven not to fail, so any false-alarm rate derived from these sites is a lower bound on the true rate"
ctl-91927-2,91927,2026-07-19,27.34551,86.40051,3.76,1.51,"absence of a record is not evidence of stability: a control is a slope with no recorded failure, not a slope proven not to fail, so any false-alarm rate derived from these sites is a lower bound on the true rate"
ctl-91927-3,91927,2026-07-19,27.4291,86.35601,9.58,1.59,"absence of a record is not evidence of stability: a control is a slope with no recorded failure, not a slope proven not to fail, so any false-alarm rate derived from these sites is a lower bound on the true rate"
ctl-92212-1,92212,2026-07-27,28.28548,83.44175,8.74,2.16,"absence of a record is not evidence of stability: a control is a slope with no recorded failure, not a slope proven not to fail, so any false-alarm rate derived from these sites is a lower bound on the true rate"
ctl-92212-2,92212,2026-07-27,28.25259,83.48579,9.3,2.99,"absence of a record is not evidence of stability: a control is a slope with no recorded failure, not a slope proven not to fail, so any false-alarm rate derived from these sites is a lower bound on the true rate"
ctl-92212-3,92212,2026-07-27,28.34385,83.43632,7.63,2.55,"absence of a record is not evidence of stability: a control is a slope with no recorded failure, not a slope proven not to fail, so any false-alarm rate derived from these sites is a lower bound on the true rate"
ctl-92314-1,92314,2026-07-27,27.03411,86.19751,11.6,9.03,"absence of a record is not evidence of stability: a control is a slope with no recorded failure, not a slope proven not to fail, so any false-alarm rate derived from these sites is a lower bound on the true rate"
ctl-92314-2,92314,2026-07-27,27.05179,86.05775,2.95,2.95,"absence of a record is not evidence of stability: a control is a slope with no recorded failure, not a slope proven not to fail, so any false-alarm rate derived from these sites is a lower bound on the true rate"
ctl-92314-3,92314,2026-07-27,27.07533,86.11227,3.05,3.05,"absence of a record is not evidence of stability: a control is a slope with no recorded failure, not a slope proven not to fail, so any false-alarm rate derived from these sites is a lower bound on the true rate"
ctl-92391-1,92391,2026-07-30,28.09591,82.43412,6.65,5.1,"absence of a record is not evidence of stability: a control is a slope with no recorded failure, not a slope proven not to fail, so any false-alarm rate derived from these sites is a lower bound on the true rate"
ctl-92391-2,92391,2026-07-30,28.09064,82.3666,5.71,1.5,"absence of a record is not evidence of stability: a control is a slope with no recorded failure, not a slope proven not to fail, so any false-alarm rate derived from these sites is a lower bound on the true rate"
ctl-92391-3,92391,2026-07-30,28.11988,82.3744,2.43,2.21,"absence of a record is not evidence of stability: a control is a slope with no recorded failure, not a slope proven not to fail, so any false-alarm rate derived from these sites is a lower bound on the true rate"
ctl-92499-1,92499,2026-08-02,28.0993,84.22148,3.8,2.12,"absence of a record is not evidence of stability: a control is a slope with no recorded failure, not a slope proven not to fail, so any false-alarm rate derived from these sites is a lower bound on the true rate"
ctl-92499-2,92499,2026-08-02,28.16042,84.2617,8.8,2.8,"absence of a record is not evidence of stability: a control is a slope with no recorded failure, not a slope proven not to fail, so any false-alarm rate derived from these sites is a lower bound on the true rate"
ctl-92499-3,92499,2026-08-02,28.10522,84.21218,2.69,2.69,"absence of a record is not evidence of stability: a control is a slope with no recorded failure, not a slope proven not to fail, so any false-alarm rate derived from these sites is a lower bound on the true rate"
ctl-92535-1,92535,2026-08-03,28.22092,84.59335,1.56,1.56,"absence of a record is not evidence of stability: a control is a slope with no recorded failure, not a slope proven not to fail, so any false-alarm rate derived from these sites is a lower bound on the true rate"
ctl-92535-2,92535,2026-08-03,28.17145,84.53251,7.76,4.22,"absence of a record is not evidence of stability: a control is a slope with no recorded failure, not a slope proven not to fail, so any false-alarm rate derived from these sites is a lower bound on the true rate"
ctl-92535-3,92535,2026-08-03,28.15659,84.57115,6.39,4.42,"absence of a record is not evidence of stability: a control is a slope with no recorded failure, not a slope proven not to fail, so any false-alarm rate derived from these sites is a lower bound on the true rate"
ctl-92606-1,92606,2026-08-04,28.33237,83.45521,4.49,1.37,"absence of a record is not evidence of stability: a control is a slope with no recorded failure, not a slope proven not to fail, so any false-alarm rate derived from these sites is a lower bound on the true rate"
ctl-92606-2,92606,2026-08-04,28.34949,83.42295,3.02,3.02,"absence of a record is not evidence of stability: a control is a slope with no recorded failure, not a slope proven not to fail, so any false-alarm rate derived from these sites is a lower bound on the true rate"
ctl-92606-3,92606,2026-08-04,28.27392,83.44386,6.55,3.42,"absence of a record is not evidence of stability: a control is a slope with no recorded failure, not a slope proven not to fail, so any false-alarm rate derived from these sites is a lower bound on the true rate"
ctl-92651-1,92651,2026-08-04,27.67386,85.39064,6.9,3.05,"absence of a record is not evidence of stability: a control is a slope with no recorded failure, not a slope proven not to fail, so any false-alarm rate derived from these sites is a lower bound on the true rate"
ctl-92651-2,92651,2026-08-04,27.62892,85.38629,3.43,3.43,"absence of a record is not evidence of stability: a control is a slope with no recorded failure, not a slope proven not to fail, so any false-alarm rate derived from these sites is a lower bound on the true rate"
ctl-92651-3,92651,2026-08-04,27.59509,85.38858,4.65,3.77,"absence of a record is not evidence of stability: a control is a slope with no recorded failure, not a slope proven not to fail, so any false-alarm rate derived from these sites is a lower bound on the true rate"
ctl-92675-1,92675,2026-08-06,29.3042,82.11362,3.4,3.4,"absence of a record is not evidence of stability: a control is a slope with no recorded failure, not a slope proven not to fail, so any false-alarm rate derived from these sites is a lower bound on the true rate"
ctl-92675-2,92675,2026-08-06,29.36508,82.14718,6.83,6.83,"absence of a record is not evidence of stability: a control is a slope with no recorded failure, not a slope proven not to fail, so any false-alarm rate derived from these sites is a lower bound on the true rate"
ctl-92675-3,92675,2026-08-06,29.39343,82.13641,10.05,10.05,"absence of a record is not evidence of stability: a control is a slope with no recorded failure, not a slope proven not to fail, so any false-alarm rate derived from these sites is a lower bound on the true rate"
ctl-92731-1,92731,2026-08-06,28.1066,83.66669,1.1,1.1,"absence of a record is not evidence of stability: a control is a slope with no recorded failure, not a slope proven not to fail, so any false-alarm rate derived from these sites is a lower bound on the true rate"
ctl-92731-2,92731,2026-08-06,28.15516,83.64249,5.9,1.86,"absence of a record is not evidence of stability: a control is a slope with no recorded failure, not a slope proven not to fail, so any false-alarm rate derived from these sites is a lower bound on the true rate"
ctl-92731-3,92731,2026-08-06,28.06874,83.56923,11.54,3.27,"absence of a record is not evidence of stability: a control is a slope with no recorded failure, not a slope proven not to fail, so any false-alarm rate derived from these sites is a lower bound on the true rate"
ctl-92813-1,92813,2026-08-06,30.13637,80.93729,4.53,4.53,"absence of a record is not evidence of stability: a control is a slope with no recorded failure, not a slope proven not to fail, so any false-alarm rate derived from these sites is a lower bound on the true rate"
ctl-92813-2,92813,2026-08-06,30.02407,81.03876,11.38,11.38,"absence of a record is not evidence of stability: a control is a slope with no recorded failure, not a slope proven not to fail, so any false-alarm rate derived from these sites is a lower bound on the true rate"
ctl-92813-3,92813,2026-08-06,30.08845,81.03156,6.94,6.94,"absence of a record is not evidence of stability: a control is a slope with no recorded failure, not a slope proven not to fail, so any false-alarm rate derived from these sites is a lower bound on the true rate"
ctl-92878-1,92878,2026-08-09,28.79354,81.40569,11.01,3.85,"absence of a record is not evidence of stability: a control is a slope with no recorded failure, not a slope proven not to fail, so any false-alarm rate derived from these sites is a lower bound on the true rate"
ctl-92878-2,92878,2026-08-09,28.76519,81.45761,5.12,5.12,"absence of a record is not evidence of stability: a control is a slope with no recorded failure, not a slope proven not to fail, so any false-alarm rate derived from these sites is a lower bound on the true rate"
ctl-92878-3,92878,2026-08-09,28.8012,81.5237,5.89,5.25,"absence of a record is not evidence of stability: a control is a slope with no recorded failure, not a slope proven not to fail, so any false-alarm rate derived from these sites is a lower bound on the true rate"
ctl-92880-1,92880,2026-08-09,27.64369,87.55114,10.87,8.44,"absence of a record is not evidence of stability: a control is a slope with no recorded failure, not a slope proven not to fail, so any false-alarm rate derived from these sites is a lower bound on the true rate"
ctl-92880-2,92880,2026-08-09,27.66578,87.42639,6.65,6.65,"absence of a record is not evidence of stability: a control is a slope with no recorded failure, not a slope proven not to fail, so any false-alarm rate derived from these sites is a lower bound on the true rate"
ctl-92880-3,92880,2026-08-09,27.63372,87.44014,2.84,2.84,"absence of a record is not evidence of stability: a control is a slope with no recorded failure, not a slope proven not to fail, so any false-alarm rate derived from these sites is a lower bound on the true rate"
ctl-93061-1,93061,2026-08-14,28.45492,82.90487,6.91,5.19,"absence of a record is not evidence of stability: a control is a slope with no recorded failure, not a slope proven not to fail, so any false-alarm rate derived from these sites is a lower bound on the true rate"
ctl-93061-2,93061,2026-08-14,28.38542,82.88621,1.72,1.72,"absence of a record is not evidence of stability: a control is a slope with no recorded failure, not a slope proven not to fail, so any false-alarm rate derived from these sites is a lower bound on the true rate"
ctl-93061-3,93061,2026-08-14,28.44931,82.82876,9.5,3.97,"absence of a record is not evidence of stability: a control is a slope with no recorded failure, not a slope proven not to fail, so any false-alarm rate derived from these sites is a lower bound on the true rate"
ctl-93109-1,93109,2026-08-14,28.30018,84.29709,5.66,5.4,"absence of a record is not evidence of stability: a control is a slope with no recorded failure, not a slope proven not to fail, so any false-alarm rate derived from these sites is a lower bound on the true rate"
ctl-93109-2,93109,2026-08-14,28.24157,84.19454,6.91,3.81,"absence of a record is not evidence of stability: a control is a slope with no recorded failure, not a slope proven not to fail, so any false-alarm rate derived from these sites is a lower bound on the true rate"
ctl-93109-3,93109,2026-08-14,28.27638,84.14376,11.72,3.8,"absence of a record is not evidence of stability: a control is a slope with no recorded failure, not a slope proven not to fail, so any false-alarm rate derived from these sites is a lower bound on the true rate"
ctl-93115-1,93115,2026-08-13,28.96992,82.39336,8.1,5.52,"absence of a record is not evidence of stability: a control is a slope with no recorded failure, not a slope proven not to fail, so any false-alarm rate derived from these sites is a lower bound on the true rate"
ctl-93115-2,93115,2026-08-13,28.94928,82.50191,9.2,3.18,"absence of a record is not evidence of stability: a control is a slope with no recorded failure, not a slope proven not to fail, so any false-alarm rate derived from these sites is a lower bound on the true rate"
ctl-93115-3,93115,2026-08-13,28.87551,82.47821,6.05,3.0,"absence of a record is not evidence of stability: a control is a slope with no recorded failure, not a slope proven not to fail, so any false-alarm rate derived from these sites is a lower bound on the true rate"
ctl-93254-1,93254,2026-08-17,28.2676,82.32123,1.96,1.96,"absence of a record is not evidence of stability: a control is a slope with no recorded failure, not a slope proven not to fail, so any false-alarm rate derived from these sites is a lower bound on the true rate"
ctl-93254-2,93254,2026-08-17,28.16928,82.2791,9.73,9.73,"absence of a record is not evidence of stability: a control is a slope with no recorded failure, not a slope proven not to fail, so any false-alarm rate derived from these sites is a lower bound on the true rate"
ctl-93254-3,93254,2026-08-17,28.26019,82.3885,7.32,2.82,"absence of a record is not evidence of stability: a control is a slope with no recorded failure, not a slope proven not to fail, so any false-alarm rate derived from these sites is a lower bound on the true rate"
ctl-93258-1,93258,2026-08-16,28.96487,81.52734,3.84,3.84,"absence of a record is not evidence of stability: a control is a slope with no recorded failure, not a slope proven not to fail, so any false-alarm rate derived from these sites is a lower bound on the true rate"
ctl-93258-2,93258,2026-08-16,28.92617,81.53507,7.92,3.88,"absence of a record is not evidence of stability: a control is a slope with no recorded failure, not a slope proven not to fail, so any false-alarm rate derived from these sites is a lower bound on the true rate"
ctl-93258-3,93258,2026-08-16,28.98627,81.491,1.18,1.18,"absence of a record is not evidence of stability: a control is a slope with no recorded failure, not a slope proven not to fail, so any false-alarm rate derived from these sites is a lower bound on the true rate"
ctl-93339-1,93339,2026-08-18,28.9382,82.45416,6.88,1.45,"absence of a record is not evidence of stability: a control is a slope with no recorded failure, not a slope proven not to fail, so any false-alarm rate derived from these sites is a lower bound on the true rate"
ctl-93339-2,93339,2026-08-18,28.97981,82.42896,7.79,3.85,"absence of a record is not evidence of stability: a control is a slope with no recorded failure, not a slope proven not to fail, so any false-alarm rate derived from these sites is a lower bound on the true rate"
ctl-93339-3,93339,2026-08-18,28.95689,82.43621,7.43,1.27,"absence of a record is not evidence of stability: a control is a slope with no recorded failure, not a slope proven not to fail, so any false-alarm rate derived from these sites is a lower bound on the true rate"
ctl-93377-1,93377,2026-08-19,29.07571,84.08499,1.8,1.8,"absence of a record is not evidence of stability: a control is a slope with no recorded failure, not a slope proven not to fail, so any false-alarm rate derived from these sites is a lower bound on the true rate"
ctl-93377-2,93377,2026-08-19,29.06565,84.07138,2.17,2.17,"absence of a record is not evidence of stability: a control is a slope with no recorded failure, not a slope proven not to fail, so any false-alarm rate derived from these sites is a lower bound on the true rate"
ctl-93377-3,93377,2026-08-19,29.09435,84.11599,4.31,4.31,"absence of a record is not evidence of stability: a control is a slope with no recorded failure, not a slope proven not to fail, so any false-alarm rate derived from these sites is a lower bound on the true rate"
ctl-93519-1,93519,2026-08-22,27.97526,85.02604,9.41,7.29,"absence of a record is not evidence of stability: a control is a slope with no recorded failure, not a slope proven not to fail, so any false-alarm rate derived from these sites is a lower bound on the true rate"
ctl-93519-2,93519,2026-08-22,28.02791,84.94337,5.34,1.04,"absence of a record is not evidence of stability: a control is a slope with no recorded failure, not a slope proven not to fail, so any false-alarm rate derived from these sites is a lower bound on the true rate"
ctl-93519-3,93519,2026-08-22,27.99887,84.97625,6.21,2.41,"absence of a record is not evidence of stability: a control is a slope with no recorded failure, not a slope proven not to fail, so any false-alarm rate derived from these sites is a lower bound on the true rate"
ctl-93559-1,93559,2026-08-22,27.52463,87.89494,2.5,2.5,"absence of a record is not evidence of stability: a control is a slope with no recorded failure, not a slope proven not to fail, so any false-alarm rate derived from these sites is a lower bound on the true rate"
ctl-93559-2,93559,2026-08-22,27.45783,87.85087,9.76,3.25,"absence of a record is not evidence of stability: a control is a slope with no recorded failure, not a slope proven not to fail, so any false-alarm rate derived from these sites is a lower bound on the true rate"
ctl-93559-3,93559,2026-08-22,27.60615,87.97105,11.55,9.85,"absence of a record is not evidence of stability: a control is a slope with no recorded failure, not a slope proven not to fail, so any false-alarm rate derived from these sites is a lower bound on the true rate"
ctl-93901-1,93901,2026-08-31,29.11818,82.6546,8.44,4.46,"absence of a record is not evidence of stability: a control is a slope with no recorded failure, not a slope proven not to fail, so any false-alarm rate derived from these sites is a lower bound on the true rate"
ctl-93901-2,93901,2026-08-31,29.0417,82.59989,9.73,4.34,"absence of a record is not evidence of stability: a control is a slope with no recorded failure, not a slope proven not to fail, so any false-alarm rate derived from these sites is a lower bound on the true rate"
ctl-93901-3,93901,2026-08-31,29.0966,82.68281,5.1,5.1,"absence of a record is not evidence of stability: a control is a slope with no recorded failure, not a slope proven not to fail, so any false-alarm rate derived from these sites is a lower bound on the true rate"
ctl-93904-1,93904,2026-09-01,29.49483,80.36872,7.08,3.82,"absence of a record is not evidence of stability: a control is a slope with no recorded failure, not a slope proven not to fail, so any false-alarm rate derived from these sites is a lower bound on the true rate"
ctl-93904-2,93904,2026-09-01,29.57589,80.39432,2.35,2.35,"absence of a record is not evidence of stability: a control is a slope with no recorded failure, not a slope proven not to fail, so any false-alarm rate derived from these sites is a lower bound on the true rate"
ctl-93904-3,93904,2026-09-01,29.48864,80.37548,7.55,4.1,"absence of a record is not evidence of stability: a control is a slope with no recorded failure, not a slope proven not to fail, so any false-alarm rate derived from these sites is a lower bound on the true rate"
ctl-93978-1,93978,2026-09-01,29.08702,82.71935,11.41,4.26,"absence of a record is not evidence of stability: a control is a slope with no recorded failure, not a slope proven not to fail, so any false-alarm rate derived from these sites is a lower bound on the true rate"
ctl-93978-2,93978,2026-09-01,29.18973,82.55474,9.22,9.22,"absence of a record is not evidence of stability: a control is a slope with no recorded failure, not a slope proven not to fail, so any false-alarm rate derived from these sites is a lower bound on the true rate"
ctl-93978-3,93978,2026-09-01,29.08492,82.63446,4.78,4.78,"absence of a record is not evidence of stability: a control is a slope with no recorded failure, not a slope proven not to fail, so any false-alarm rate derived from these sites is a lower bound on the true rate"
ctl-94121-1,94121,2026-09-06,27.55518,85.32772,8.1,1.43,"absence of a record is not evidence of stability: a control is a slope with no recorded failure, not a slope proven not to fail, so any false-alarm rate derived from these sites is a lower bound on the true rate"
ctl-94121-2,94121,2026-09-06,27.6323,85.36181,2.77,1.48,"absence of a record is not evidence of stability: a control is a slope with no recorded failure, not a slope proven not to fail, so any false-alarm rate derived from these sites is a lower bound on the true rate"
ctl-94121-3,94121,2026-09-06,27.65911,85.43118,10.17,1.62,"absence of a record is not evidence of stability: a control is a slope with no recorded failure, not a slope proven not to fail, so any false-alarm rate derived from these sites is a lower bound on the true rate"
ctl-94128-1,94128,2026-09-05,28.32716,83.63679,11.24,1.96,"absence of a record is not evidence of stability: a control is a slope with no recorded failure, not a slope proven not to fail, so any false-alarm rate derived from these sites is a lower bound on the true rate"
ctl-94128-2,94128,2026-09-05,28.17418,83.62188,6.07,1.08,"absence of a record is not evidence of stability: a control is a slope with no recorded failure, not a slope proven not to fail, so any false-alarm rate derived from these sites is a lower bound on the true rate"
ctl-94128-3,94128,2026-09-05,28.22326,83.61993,2.08,2.02,"absence of a record is not evidence of stability: a control is a slope with no recorded failure, not a slope proven not to fail, so any false-alarm rate derived from these sites is a lower bound on the true rate"
ctl-94147-1,94147,2026-09-07,29.37622,80.42246,6.35,6.35,"absence of a record is not evidence of stability: a control is a slope with no recorded failure, not a slope proven not to fail, so any false-alarm rate derived from these sites is a lower bound on the true rate"
ctl-94147-2,94147,2026-09-07,29.39189,80.34457,2.41,2.41,"absence of a record is not evidence of stability: a control is a slope with no recorded failure, not a slope proven not to fail, so any false-alarm rate derived from these sites is a lower bound on the true rate"
ctl-94147-3,94147,2026-09-07,29.39022,80.35039,2.1,2.1,"absence of a record is not evidence of stability: a control is a slope with no recorded failure, not a slope proven not to fail, so any false-alarm rate derived from these sites is a lower bound on the true rate"
ctl-94352-1,94352,2026-09-12,27.44178,86.6767,10.89,4.36,"absence of a record is not evidence of stability: a control is a slope with no recorded failure, not a slope proven not to fail, so any false-alarm rate derived from these sites is a lower bound on the true rate"
ctl-94352-2,94352,2026-09-12,27.4424,86.53591,5.95,1.29,"absence of a record is not evidence of stability: a control is a slope with no recorded failure, not a slope proven not to fail, so any false-alarm rate derived from these sites is a lower bound on the true rate"
ctl-94352-3,94352,2026-09-12,27.44841,86.55389,4.36,2.47,"absence of a record is not evidence of stability: a control is a slope with no recorded failure, not a slope proven not to fail, so any false-alarm rate derived from these sites is a lower bound on the true rate"
ctl-94381-1,94381,2026-09-12,26.54049,87.96902,7.21,7.21,"absence of a record is not evidence of stability: a control is a slope with no recorded failure, not a slope proven not to fail, so any false-alarm rate derived from these sites is a lower bound on the true rate"
ctl-94381-2,94381,2026-09-12,26.547,87.93405,4.47,4.47,"absence of a record is not evidence of stability: a control is a slope with no recorded failure, not a slope proven not to fail, so any false-alarm rate derived from these sites is a lower bound on the true rate"
ctl-94381-3,94381,2026-09-12,26.58346,87.92504,1.05,1.05,"absence of a record is not evidence of stability: a control is a slope with no recorded failure, not a slope proven not to fail, so any false-alarm rate derived from these sites is a lower bound on the true rate"
ctl-94443-1,94443,2026-09-12,29.04182,80.40824,3.43,3.43,"absence of a record is not evidence of stability: a control is a slope with no recorded failure, not a slope proven not to fail, so any false-alarm rate derived from these sites is a lower bound on the true rate"
ctl-94443-2,94443,2026-09-12,29.07173,80.39321,5.79,5.79,"absence of a record is not evidence of stability: a control is a slope with no recorded failure, not a slope proven not to fail, so any false-alarm rate derived from these sites is a lower bound on the true rate"
ctl-94443-3,94443,2026-09-12,29.04141,80.41817,2.47,2.47,"absence of a record is not evidence of stability: a control is a slope with no recorded failure, not a slope proven not to fail, so any false-alarm rate derived from these sites is a lower bound on the true rate"
ctl-94666-1,94666,2026-09-17,29.25915,80.54762,10.65,7.53,"absence of a record is not evidence of stability: a control is a slope with no recorded failure, not a slope proven not to fail, so any false-alarm rate derived from these sites is a lower bound on the true rate"
ctl-94666-2,94666,2026-09-17,29.33711,80.57012,4.94,4.94,"absence of a record is not evidence of stability: a control is a slope with no recorded failure, not a slope proven not to fail, so any false-alarm rate derived from these sites is a lower bound on the true rate"
ctl-94666-3,94666,2026-09-17,29.38083,80.58728,7.06,7.06,"absence of a record is not evidence of stability: a control is a slope with no recorded failure, not a slope proven not to fail, so any false-alarm rate derived from these sites is a lower bound on the true rate"
ctl-94747-1,94747,2026-09-25,27.52545,84.88361,7.66,6.13,"absence of a record is not evidence of stability: a control is a slope with no recorded failure, not a slope proven not to fail, so any false-alarm rate derived from these sites is a lower bound on the true rate"
ctl-94747-2,94747,2026-09-25,27.54767,85.03024,10.43,2.66,"absence of a record is not evidence of stability: a control is a slope with no recorded failure, not a slope proven not to fail, so any false-alarm rate derived from these sites is a lower bound on the true rate"
ctl-94747-3,94747,2026-09-25,27.48269,85.01862,6.92,1.24,"absence of a record is not evidence of stability: a control is a slope with no recorded failure, not a slope proven not to fail, so any false-alarm rate derived from these sites is a lower bound on the true rate"
ctl-94748-1,94748,2026-09-25,27.7801,85.30144,10.74,1.99,"absence of a record is not evidence of stability: a control is a slope with no recorded failure, not a slope proven not to fail, so any false-alarm rate derived from these sites is a lower bound on the true rate"
ctl-94748-2,94748,2026-09-25,27.71079,85.25321,1.83,1.83,"absence of a record is not evidence of stability: a control is a slope with no recorded failure, not a slope proven not to fail, so any false-alarm rate derived from these sites is a lower bound on the true rate"
ctl-94748-3,94748,2026-09-25,27.75244,85.26404,6.57,2.27,"absence of a record is not evidence of stability: a control is a slope with no recorded failure, not a slope proven not to fail, so any false-alarm rate derived from these sites is a lower bound on the true rate"
ctl-94794-1,94794,2026-09-25,27.26695,85.05486,7.39,7.39,"absence of a record is not evidence of stability: a control is a slope with no recorded failure, not a slope proven not to fail, so any false-alarm rate derived from these sites is a lower bound on the true rate"
ctl-94794-2,94794,2026-09-25,27.37793,84.97079,7.48,7.29,"absence of a record is not evidence of stability: a control is a slope with no recorded failure, not a slope proven not to fail, so any false-alarm rate derived from these sites is a lower bound on the true rate"
ctl-94794-3,94794,2026-09-25,27.26083,84.99357,7.06,7.06,"absence of a record is not evidence of stability: a control is a slope with no recorded failure, not a slope proven not to fail, so any false-alarm rate derived from these sites is a lower bound on the true rate"
ctl-94802-1,94802,2026-09-25,27.03426,87.87032,11.97,3.34,"absence of a record is not evidence of stability: a control is a slope with no recorded failure, not a slope proven not to fail, so any false-alarm rate derived from these sites is a lower bound on the true rate"
ctl-94802-2,94802,2026-09-25,27.08335,87.92103,9.52,4.81,"absence of a record is not evidence of stability: a control is a slope with no recorded failure, not a slope proven not to fail, so any false-alarm rate derived from these sites is a lower bound on the true rate"
ctl-94802-3,94802,2026-09-25,27.14459,87.81467,3.45,1.4,"absence of a record is not evidence of stability: a control is a slope with no recorded failure, not a slope proven not to fail, so any false-alarm rate derived from these sites is a lower bound on the true rate"
ctl-94849-1,94849,2026-09-25,27.65901,85.41766,9.06,2.47,"absence of a record is not evidence of stability: a control is a slope with no recorded failure, not a slope proven not to fail, so any false-alarm rate derived from these sites is a lower bound on the true rate"
ctl-94849-2,94849,2026-09-25,27.72276,85.26008,8.28,2.5,"absence of a record is not evidence of stability: a control is a slope with no recorded failure, not a slope proven not to fail, so any false-alarm rate derived from these sites is a lower bound on the true rate"
ctl-94849-3,94849,2026-09-25,27.61289,85.26296,9.86,2.3,"absence of a record is not evidence of stability: a control is a slope with no recorded failure, not a slope proven not to fail, so any false-alarm rate derived from these sites is a lower bound on the true rate"
ctl-94854-1,94854,2026-09-25,27.65375,85.28714,2.82,2.35,"absence of a record is not evidence of stability: a control is a slope with no recorded failure, not a slope proven not to fail, so any false-alarm rate derived from these sites is a lower bound on the true rate"
ctl-94854-2,94854,2026-09-25,27.70188,85.34377,5.9,1.18,"absence of a record is not evidence of stability: a control is a slope with no recorded failure, not a slope proven not to fail, so any false-alarm rate derived from these sites is a lower bound on the true rate"
ctl-94854-3,94854,2026-09-25,27.62366,85.19196,11.43,4.09,"absence of a record is not evidence of stability: a control is a slope with no recorded failure, not a slope proven not to fail, so any false-alarm rate derived from these sites is a lower bound on the true rate"
ctl-94897-1,94897,2026-09-26,28.13528,83.56739,11.63,1.41,"absence of a record is not evidence of stability: a control is a slope with no recorded failure, not a slope proven not to fail, so any false-alarm rate derived from these sites is a lower bound on the true rate"
ctl-94897-2,94897,2026-09-26,28.10867,83.73547,6.31,2.22,"absence of a record is not evidence of stability: a control is a slope with no recorded failure, not a slope proven not to fail, so any false-alarm rate derived from these sites is a lower bound on the true rate"
ctl-94897-3,94897,2026-09-26,28.11401,83.68825,3.4,1.19,"absence of a record is not evidence of stability: a control is a slope with no recorded failure, not a slope proven not to fail, so any false-alarm rate derived from these sites is a lower bound on the true rate"
ctl-94957-1,94957,2026-09-26,28.39178,81.76217,1.69,1.69,"absence of a record is not evidence of stability: a control is a slope with no recorded failure, not a slope proven not to fail, so any false-alarm rate derived from these sites is a lower bound on the true rate"
ctl-94957-2,94957,2026-09-26,28.40568,81.76401,1.47,1.47,"absence of a record is not evidence of stability: a control is a slope with no recorded failure, not a slope proven not to fail, so any false-alarm rate derived from these sites is a lower bound on the true rate"
ctl-94957-3,94957,2026-09-26,28.33864,81.83541,10.97,1.34,"absence of a record is not evidence of stability: a control is a slope with no recorded failure, not a slope proven not to fail, so any false-alarm rate derived from these sites is a lower bound on the true rate"
ctl-94966-1,94966,2026-09-26,29.24851,80.67531,6.16,3.77,"absence of a record is not evidence of stability: a control is a slope with no recorded failure, not a slope proven not to fail, so any false-alarm rate derived from these sites is a lower bound on the true rate"
ctl-94966-2,94966,2026-09-26,29.31514,80.65556,1.51,1.51,"absence of a record is not evidence of stability: a control is a slope with no recorded failure, not a slope proven not to fail, so any false-alarm rate derived from these sites is a lower bound on the true rate"
ctl-94966-3,94966,2026-09-26,29.28992,80.6124,4.56,1.85,"absence of a record is not evidence of stability: a control is a slope with no recorded failure, not a slope proven not to fail, so any false-alarm rate derived from these sites is a lower bound on the true rate"
ctl-95043-1,95043,2026-09-27,27.08545,85.8847,6.73,6.73,"absence of a record is not evidence of stability: a control is a slope with no recorded failure, not a slope proven not to fail, so any false-alarm rate derived from these sites is a lower bound on the true rate"
ctl-95043-2,95043,2026-09-27,27.04878,86.04667,10.17,4.09,"absence of a record is not evidence of stability: a control is a slope with no recorded failure, not a slope proven not to fail, so any false-alarm rate derived from these sites is a lower bound on the true rate"
ctl-95043-3,95043,2026-09-27,27.08532,86.00688,6.98,6.98,"absence of a record is not evidence of stability: a control is a slope with no recorded failure, not a slope proven not to fail, so any false-alarm rate derived from these sites is a lower bound on the true rate"
ctl-95056-1,95056,2026-09-27,28.06557,84.51498,8.18,3.29,"absence of a record is not evidence of stability: a control is a slope with no recorded failure, not a slope proven not to fail, so any false-alarm rate derived from these sites is a lower bound on the true rate"
ctl-95056-2,95056,2026-09-27,28.15195,84.38087,8.18,1.28,"absence of a record is not evidence of stability: a control is a slope with no recorded failure, not a slope proven not to fail, so any false-alarm rate derived from these sites is a lower bound on the true rate"
ctl-95056-3,95056,2026-09-27,28.07152,84.50024,6.68,2.46,"absence of a record is not evidence of stability: a control is a slope with no recorded failure, not a slope proven not to fail, so any false-alarm rate derived from these sites is a lower bound on the true rate"
ctl-95071-1,95071,2026-09-27,27.90595,83.10717,10.97,3.5,"absence of a record is not evidence of stability: a control is a slope with no recorded failure, not a slope proven not to fail, so any false-alarm rate derived from these sites is a lower bound on the true rate"
ctl-95071-2,95071,2026-09-27,28.03362,83.08195,4.88,1.68,"absence of a record is not evidence of stability: a control is a slope with no recorded failure, not a slope proven not to fail, so any false-alarm rate derived from these sites is a lower bound on the true rate"
ctl-95071-3,95071,2026-09-27,27.94733,83.12589,6.35,2.55,"absence of a record is not evidence of stability: a control is a slope with no recorded failure, not a slope proven not to fail, so any false-alarm rate derived from these sites is a lower bound on the true rate"
ctl-95086-1,95086,2026-09-27,27.62271,83.9511,7.64,5.71,"absence of a record is not evidence of stability: a control is a slope with no recorded failure, not a slope proven not to fail, so any false-alarm rate derived from these sites is a lower bound on the true rate"
ctl-95086-2,95086,2026-09-27,27.70288,83.97413,2.53,2.53,"absence of a record is not evidence of stability: a control is a slope with no recorded failure, not a slope proven not to fail, so any false-alarm rate derived from these sites is a lower bound on the true rate"
ctl-95086-3,95086,2026-09-27,27.68109,83.9373,1.85,1.85,"absence of a record is not evidence of stability: a control is a slope with no recorded failure, not a slope proven not to fail, so any false-alarm rate derived from these sites is a lower bound on the true rate"
ctl-95087-1,95087,2026-09-27,27.44856,85.03373,3.32,3.32,"absence of a record is not evidence of stability: a control is a slope with no recorded failure, not a slope proven not to fail, so any false-alarm rate derived from these sites is a lower bound on the true rate"
ctl-95087-2,95087,2026-09-27,27.42789,84.95328,4.98,4.98,"absence of a record is not evidence of stability: a control is a slope with no recorded failure, not a slope proven not to fail, so any false-alarm rate derived from these sites is a lower bound on the true rate"
ctl-95087-3,95087,2026-09-27,27.43957,85.02579,2.3,2.3,"absence of a record is not evidence of stability: a control is a slope with no recorded failure, not a slope proven not to fail, so any false-alarm rate derived from these sites is a lower bound on the true rate"
ctl-95105-1,95105,2026-09-27,27.99381,84.1724,9.91,4.67,"absence of a record is not evidence of stability: a control is a slope with no recorded failure, not a slope proven not to fail, so any false-alarm rate derived from these sites is a lower bound on the true rate"
ctl-95105-2,95105,2026-09-27,27.95431,84.28011,6.29,2.83,"absence of a record is not evidence of stability: a control is a slope with no recorded failure, not a slope proven not to fail, so any false-alarm rate derived from these sites is a lower bound on the true rate"
ctl-95105-3,95105,2026-09-27,28.02614,84.30025,3.31,2.28,"absence of a record is not evidence of stability: a control is a slope with no recorded failure, not a slope proven not to fail, so any false-alarm rate derived from these sites is a lower bound on the true rate"
ctl-95165-1,95165,2026-09-27,28.20481,83.65347,10.16,2.26,"absence of a record is not evidence of stability: a control is a slope with no recorded failure, not a slope proven not to fail, so any false-alarm rate derived from these sites is a lower bound on the true rate"
ctl-95165-2,95165,2026-09-27,28.10253,83.63222,1.47,1.47,"absence of a record is not evidence of stability: a control is a slope with no recorded failure, not a slope proven not to fail, so any false-alarm rate derived from these sites is a lower bound on the true rate"
ctl-95165-3,95165,2026-09-27,28.09729,83.61838,2.77,2.77,"absence of a record is not evidence of stability: a control is a slope with no recorded failure, not a slope proven not to fail, so any false-alarm rate derived from these sites is a lower bound on the true rate"
ctl-95185-1,95185,2026-09-27,27.90761,84.42799,1.43,1.43,"absence of a record is not evidence of stability: a control is a slope with no recorded failure, not a slope proven not to fail, so any false-alarm rate derived from these sites is a lower bound on the true rate"
ctl-95185-2,95185,2026-09-27,27.94502,84.42651,2.98,1.7,"absence of a record is not evidence of stability: a control is a slope with no recorded failure, not a slope proven not to fail, so any false-alarm rate derived from these sites is a lower bound on the true rate"
ctl-95185-3,95185,2026-09-27,27.85633,84.40434,7.58,2.49,"absence of a record is not evidence of stability: a control is a slope with no recorded failure, not a slope proven not to fail, so any false-alarm rate derived from these sites is a lower bound on the true rate"
ctl-95217-1,95217,2026-09-27,28.37953,83.63006,1.2,1.2,"absence of a record is not evidence of stability: a control is a slope with no recorded failure, not a slope proven not to fail, so any false-alarm rate derived from these sites is a lower bound on the true rate"
ctl-95217-2,95217,2026-09-27,28.36607,83.72481,8.27,1.92,"absence of a record is not evidence of stability: a control is a slope with no recorded failure, not a slope proven not to fail, so any false-alarm rate derived from these sites is a lower bound on the true rate"
ctl-95217-3,95217,2026-09-27,28.36502,83.64837,1.94,1.94,"absence of a record is not evidence of stability: a control is a slope with no recorded failure, not a slope proven not to fail, so any false-alarm rate derived from these sites is a lower bound on the true rate"
ctl-95235-1,95235,2026-09-27,28.56824,84.671,11.9,11.9,"absence of a record is not evidence of stability: a control is a slope with no recorded failure, not a slope proven not to fail, so any false-alarm rate derived from these sites is a lower bound on the true rate"
ctl-95235-2,95235,2026-09-27,28.50877,84.73549,2.87,2.87,"absence of a record is not evidence of stability: a control is a slope with no recorded failure, not a slope proven not to fail, so any false-alarm rate derived from these sites is a lower bound on the true rate"
ctl-95235-3,95235,2026-09-27,28.51518,84.68648,7.6,7.6,"absence of a record is not evidence of stability: a control is a slope with no recorded failure, not a slope proven not to fail, so any false-alarm rate derived from these sites is a lower bound on the true rate"
ctl-95324-1,95324,2026-09-27,28.66467,81.83345,10.01,2.42,"absence of a record is not evidence of stability: a control is a slope with no recorded failure, not a slope proven not to fail, so any false-alarm rate derived from these sites is a lower bound on the true rate"
ctl-95324-2,95324,2026-09-27,28.62053,81.82425,8.25,7.27,"absence of a record is not evidence of stability: a control is a slope with no recorded failure, not a slope proven not to fail, so any false-alarm rate derived from these sites is a lower bound on the true rate"
ctl-95324-3,95324,2026-09-27,28.583,81.81675,8.96,8.96,"absence of a record is not evidence of stability: a control is a slope with no recorded failure, not a slope proven not to fail, so any false-alarm rate derived from these sites is a lower bound on the true rate"
ctl-95366-1,95366,2026-09-28,27.88862,84.38177,5.98,1.93,"absence of a record is not evidence of stability: a control is a slope with no recorded failure, not a slope proven not to fail, so any false-alarm rate derived from these sites is a lower bound on the true rate"
ctl-95366-2,95366,2026-09-28,27.9101,84.43823,3.52,1.08,"absence of a record is not evidence of stability: a control is a slope with no recorded failure, not a slope proven not to fail, so any false-alarm rate derived from these sites is a lower bound on the true rate"
ctl-95366-3,95366,2026-09-28,27.93974,84.43591,2.19,2.19,"absence of a record is not evidence of stability: a control is a slope with no recorded failure, not a slope proven not to fail, so any false-alarm rate derived from these sites is a lower bound on the true rate"
ctl-95389-1,95389,2026-09-27,26.79093,85.8101,10.44,10.44,"absence of a record is not evidence of stability: a control is a slope with no recorded failure, not a slope proven not to fail, so any false-alarm rate derived from these sites is a lower bound on the true rate"
ctl-95389-2,95389,2026-09-27,26.91459,85.85866,5.61,5.61,"absence of a record is not evidence of stability: a control is a slope with no recorded failure, not a slope proven not to fail, so any false-alarm rate derived from these sites is a lower bound on the true rate"
ctl-95389-3,95389,2026-09-27,26.86653,85.81611,2.06,2.06,"absence of a record is not evidence of stability: a control is a slope with no recorded failure, not a slope proven not to fail, so any false-alarm rate derived from these sites is a lower bound on the true rate"
