incident_id,date,lat,lon,coord_key,title,verified,approved,source,coord_uses,day_cluster
372,2015-06-12,27.60988,87.82613,"87.82613,27.60988",Landslide at Phaktanglung Rural Municipality-6,True,True,other,148,1
378,2015-06-14,27.4427,85.08797,"85.08797,27.4427",Landslide at Makawanpurgadhi Rural Municipality-5,True,True,other,52,1
389,2015-06-17,27.82173,83.63419,"83.63419,27.82173",Landslide at Mathagadhi Rural Municipality-1,True,True,nepal_police,79,1
392,2015-06-18,28.86981,82.19935,"82.19935,28.86981",Landslide at Kuse Rural Municipality-7,True,True,nepal_police,66,2
395,2015-06-18,28.1203,82.85541,"82.85541,28.1203",Landslide at Pyuthan Municipality-7,True,True,nepal_police,60,2
403,2015-06-22,27.38688,87.21569,"87.21569,27.38688",Landslide at Khandbari Municipality-7,True,True,other,104,2
405,2015-06-22,27.82349,86.22218,"86.22218,27.82349",Landslide at Bigu Rural Municipality-1,True,True,nepal_police,62,2
417,2015-06-21,29.21559,81.74506,"81.74506,29.21559",Landslide at Pachaljharana Rural Municipality-3,True,True,other,81,1
419,2015-06-24,27.90711,85.75568,"85.75568,27.90711",Landslide at Jugal Rural Municipality-2,True,True,nepal_police,86,1
420,2015-06-27,29.50844,80.57647,"80.57647,29.50844",Landslide at Surnaya Rural Municipality-5,True,True,nepal_police,73,1
421,2015-06-26,28.09534,81.84765,"81.84765,28.09534",Landslide at Rapti Sonari Rural Municipality-2,True,True,nepal_police,3,4
422,2015-06-26,28.35288,83.27139,"83.27139,28.35288",Landslide at Dhorpatan Municipality-4,True,True,nepal_police,84,4
423,2015-06-26,29.06417,81.30663,"81.30663,29.06417",Landslide at Kamalbazar Municipality-7,True,True,nepal_police,19,4
424,2015-06-26,29.06417,81.30663,"81.30663,29.06417",Landslide at Kamalbazar Municipality-7,True,True,nepal_police,19,4
439,2015-06-30,28.27345,84.8101,"84.8101,28.27345",Landslide at Dharche Rural Municipality-5,True,True,nepal_police,82,2
440,2015-06-29,29.7171,81.15534,"81.15534,29.7171",Landslide at Surma Rural Municipality-1,True,True,nepal_police,38,1
445,2015-06-30,26.88507,87.89616,"87.89616,26.88507",Landslide at Illam Municipality-12,True,True,nepal_police,71,2
452,2015-07-04,27.90711,85.75568,"85.75568,27.90711",Landslide at Jugal Rural Municipality-2,True,True,nepal_police,86,1
453,2015-07-03,27.18536,85.90753,"85.90753,27.18536",Landslide at Kamalamai Municipality-5,True,True,nepal_police,36,2
457,2015-07-09,27.90711,85.75568,"85.75568,27.90711",Landslide at Jugal Rural Municipality-2,True,True,other,86,4
458,2015-07-09,27.90711,85.75568,"85.75568,27.90711",Landslide at Jugal Rural Municipality-2,True,True,nepal_police,86,4
459,2015-07-09,27.90711,85.75568,"85.75568,27.90711",Landslide at Jugal Rural Municipality-2,True,True,nepal_police,86,4
460,2015-07-08,28.00638,84.94688,"84.94688,28.00638",Landslide at Netrawati Dabjong Rural Municipality-1,True,True,nepal_police,86,1
461,2015-07-09,29.21559,81.74506,"81.74506,29.21559",Landslide at Pachaljharana Rural Municipality-3,True,True,nepal_police,81,4
463,2015-07-06,27.15572,86.7091,"86.7091,27.15572",Landslide at Halesi Tuwachung Municipality-11,True,True,nepal_police,68,1
466,2015-07-03,27.82349,86.22218,"86.22218,27.82349",Landslide at Bigu Rural Municipality-1,True,True,nepal_police,62,2
469,2015-07-15,28.20228,83.69519,"83.69519,28.20228",Landslide at Kushma Municipality-10,True,True,nepal_police,56,1
476,2015-07-16,28.34628,83.99007,"83.99007,28.34628",Landslide at Machhapuchchhre Rural Municipality-2,True,True,nepal_police,61,1
486,2015-07-30,28.35288,83.27139,"83.27139,28.35288",Landslide at Dhorpatan Municipality-4,True,True,nepal_police,84,6
494,2015-07-25,28.4,82.09154,"82.09154,28.4","Landslide at Rampurkalimati, Sharada Municipality-9",True,True,nepal_police,45,1
497,2015-07-30,27.61645,84.36001,"84.36001,27.61645",Landslide at Bharatpur Metropolitan City-14,True,True,other,39,6
498,2015-07-30,27.61645,84.36001,"84.36001,27.61645",Landslide at Bharatpur Metropolitan City-14,True,True,nepal_police,39,6
501,2015-07-24,29.06417,81.30663,"81.30663,29.06417",Landslide at Kamalbazar Municipality-7,True,True,nepal_police,19,1
508,2015-07-30,28.34628,83.99007,"83.99007,28.34628",Landslide at Machhapuchchhre Rural Municipality-2,True,True,other,61,6
509,2015-07-30,28.34628,83.99007,"83.99007,28.34628",Landslide at Machhapuchchhre Rural Municipality-2,True,True,other,61,6
510,2015-07-30,28.34628,83.99007,"83.99007,28.34628",Landslide at Machhapuchchhre Rural Municipality-2,True,True,other,61,6
511,2015-07-29,28.54637,83.48729,"83.48729,28.54637",Landslide at Raghuganga Rural Municipality-8,True,True,other,128,2
512,2015-07-29,28.54637,83.48729,"83.48729,28.54637",Landslide at Raghuganga Rural Municipality-8,True,True,other,128,2
519,2015-08-08,27.82173,83.63419,"83.63419,27.82173",Landslide at Mathagadhi Rural Municipality-1,True,True,nepal_police,79,1
521,2015-08-12,27.54493,85.63649,"85.63649,27.54493",Landslide at Namobuddha Municipality-7,True,True,nepal_police,59,2
523,2015-08-10,27.94393,83.04234,"83.04234,27.94393",Landslide at Bhumekasthan Municipality-7,True,True,nepal_police,50,1
525,2015-08-11,29.18116,80.84086,"80.84086,29.18116",Landslide at Shikhar Municipality-2,True,True,other,35,2
526,2015-08-11,28.09848,83.31058,"83.31058,28.09848",Landslide at Resunga Municipality-14,True,True,nepal_police,90,2
529,2015-08-12,29.18116,80.84086,"80.84086,29.18116",Landslide at Shikhar Municipality-2,True,True,other,35,2
533,2015-08-16,28.88537,81.67138,"81.67138,28.88537",Landslide at Mahabu Rural Municipality-2,True,True,other,26,1
536,2015-08-19,28.27345,84.8101,"84.8101,28.27345",Landslide at Dharche Rural Municipality-5,True,True,nepal_police,82,1
539,2015-08-18,28.73381,82.67046,"82.67046,28.73381",Landslide at Sisne Rural Municipality-1,True,True,nepal_police,15,1
541,2015-07-17,27.90711,85.75568,"85.75568,27.90711",Landslide at Jugal Rural Municipality-2,True,True,other,86,1
542,2015-09-01,28.86981,82.19935,"82.19935,28.86981",Landslide at Kuse Rural Municipality-7,True,True,nepal_police,66,1
543,2015-08-22,27.82349,86.22218,"86.22218,27.82349",Landslide at Bigu Rural Municipality-1,True,True,nepal_police,62,1
549,2015-08-23,29.7171,81.15534,"81.15534,29.7171",Landslide at Surma Rural Municipality-1,True,True,nepal_police,38,1
550,2015-08-21,27.82349,86.22218,"86.22218,27.82349",Landslide at Bigu Rural Municipality-1,True,True,nepal_police,62,2
551,2015-08-21,27.33592,86.44629,"86.44629,27.33592",Landslide at Molung Rural Municipality-1,True,True,nepal_police,71,2
566,2015-09-05,27.17377,87.09084,"87.09084,27.17377",Landslide at Bhojpur Municipality-11,True,True,nepal_police,65,2
568,2015-09-05,27.14773,87.78498,"87.78498,27.14773",Landslide at Phidim Municipality-11,True,True,nepal_police,83,2
573,2015-08-28,27.92448,85.24446,"85.24446,27.92448",Landslide at Suryagadhi Rural Municipality-4,True,True,nepal_police,94,2
574,2015-08-28,27.92448,85.24446,"85.24446,27.92448",Landslide at Suryagadhi Rural Municipality-4,True,True,nepal_police,94,2
592,2015-10-02,28.74013,80.89463,"80.89463,28.74013",Landslide at Gauriganga Municipality-9,True,True,nepal_police,15,1
599,2015-10-08,27.13741,87.5752,"87.5752,27.13741",Landslide at Phedap Rural Municipality-3,True,True,nepal_police,53,1
1070,2016-03-29,28.84298,80.31147,"80.31147,28.84298",Landslide at Shuklaphanta National Park National Park-99,True,True,nepal_police,3,1
1180,2016-03-26,28.9548,83.86811,"83.86811,28.9548",Landslide at Loghekar Damodarkunda Rural Municipality-5,True,True,other,22,1
1192,2016-04-07,27.69912,85.37856,"85.37856,27.69912",Landslide at Kageshwori Manahora Municipality-9,True,True,nepal_police,61,1
1766,2016-05-12,27.61645,84.36001,"84.36001,27.61645",Landslide at Bharatpur Metropolitan City-14,True,True,nepal_police,39,1
1785,2016-05-17,28.54637,83.48729,"83.48729,28.54637",Landslide at Raghuganga Rural Municipality-8,True,True,nepal_police,128,2
1795,2016-05-17,27.61645,84.36001,"84.36001,27.61645",Landslide at Bharatpur Metropolitan City-14,True,True,nepal_police,39,2
1833,2016-05-19,29.21559,81.74506,"81.74506,29.21559",Landslide at Pachaljharana Rural Municipality-3,True,True,other,81,1
1839,2016-05-18,30.02618,81.88546,"81.88546,30.02618",Landslide at Simkot Rural Municipality-3,True,True,nepal_police,36,1
1868,2016-05-25,27.18536,85.90753,"85.90753,27.18536",Landslide at Kamalamai Municipality-5,True,True,nepal_police,36,1
1879,2016-05-28,29.21559,81.74506,"81.74506,29.21559",Landslide at Pachaljharana Rural Municipality-3,True,True,nepal_police,81,1
1886,2016-05-29,28.73381,82.67046,"82.67046,28.73381",Landslide at Sisne Rural Municipality-1,True,True,nepal_police,15,1
1903,2016-06-01,27.61645,84.36001,"84.36001,27.61645",Landslide at Bharatpur Metropolitan City-14,True,True,nepal_police,39,1
1919,2016-06-14,28.35288,83.27139,"83.27139,28.35288",Landslide at Dhorpatan Municipality-4,True,True,nepal_police,84,2
1944,2016-06-07,27.61645,84.36001,"84.36001,27.61645",Landslide at Bharatpur Metropolitan City-14,True,True,nepal_police,39,1
1969,2016-06-14,27.60988,87.82613,"87.82613,27.60988",Landslide at Phaktanglung Rural Municipality-6,True,True,nepal_police,148,2
1973,2016-06-17,28.27345,84.8101,"84.8101,28.27345",Landslide at Dharche Rural Municipality-5,True,True,nepal_police,82,1
2014,2016-06-18,27.60988,87.82613,"87.82613,27.60988",Landslide at Phaktanglung Rural Municipality-6,True,True,other,148,1
2027,2016-06-22,28.28362,84.43609,"84.43609,28.28362",Landslide at Marsyangdi Rural Municipality-7,True,True,nepal_police,56,2
2030,2016-06-22,29.50844,80.57647,"80.57647,29.50844",Landslide at Surnaya Rural Municipality-5,True,True,nepal_police,73,2
2044,2016-06-24,27.15572,86.7091,"86.7091,27.15572",Landslide at Halesi Tuwachung Municipality-11,True,True,other,68,1
2054,2016-06-27,27.90711,85.75568,"85.75568,27.90711",Landslide at Jugal Rural Municipality-2,True,True,nepal_police,86,2
2058,2016-06-27,27.61645,84.36001,"84.36001,27.61645",Landslide at Bharatpur Metropolitan City-14,True,True,nepal_police,39,2
2067,2016-06-12,28.20228,83.69519,"83.69519,28.20228",Landslide at Kushma Municipality-10,True,True,other,56,1
2070,2016-06-29,27.92448,85.24446,"85.24446,27.92448",Landslide at Suryagadhi Rural Municipality-4,True,True,nepal_police,94,7
2071,2016-06-28,28.1755,85.46091,"85.46091,28.1755",Landslide at Gosaikunda Rural Municipality-4,True,True,nepal_police,53,1
2075,2016-06-29,28.27345,84.8101,"84.8101,28.27345",Landslide at Dharche Rural Municipality-5,True,True,nepal_police,82,7
2076,2016-06-29,27.82349,86.22218,"86.22218,27.82349",Landslide at Bigu Rural Municipality-1,True,True,other,62,7
2081,2016-06-29,28.27345,84.8101,"84.8101,28.27345",Landslide at Dharche Rural Municipality-5,True,True,nepal_police,82,7
2082,2016-06-29,28.28362,84.43609,"84.43609,28.28362",Landslide at Marsyangdi Rural Municipality-7,True,True,nepal_police,56,7
2083,2016-06-30,28.00638,84.94688,"84.94688,28.00638",Landslide at Netrawati Dabjong Rural Municipality-1,True,True,nepal_police,86,1
2088,2016-07-01,29.92362,80.73694,"80.73694,29.92362",Landslide at Apihimal Rural Municipality-6,True,True,nepal_police,48,8
2089,2016-07-01,29.92362,80.73694,"80.73694,29.92362",Landslide at Apihimal Rural Municipality-6,True,True,nepal_police,48,8
2090,2016-07-01,29.50844,80.57647,"80.57647,29.50844",Landslide at Surnaya Rural Municipality-5,True,True,nepal_police,73,8
2095,2016-07-01,29.92362,80.73694,"80.73694,29.92362",Landslide at Apihimal Rural Municipality-6,True,True,other,48,8
2096,2016-07-01,29.92362,80.73694,"80.73694,29.92362",Landslide at Apihimal Rural Municipality-6,True,True,other,48,8
2100,2016-07-01,27.4427,85.08797,"85.08797,27.4427",Landslide at Makawanpurgadhi Rural Municipality-5,True,True,nepal_police,52,8
2101,2016-07-01,27.93572,84.24996,"84.24996,27.93572",Landslide at Rhishing Rural Municipality-1,True,True,nepal_police,54,8
2109,2016-07-01,27.61645,84.36001,"84.36001,27.61645",Landslide at Bharatpur Metropolitan City-14,True,True,nepal_police,39,8
2112,2016-07-02,27.61645,84.36001,"84.36001,27.61645",Landslide at Bharatpur Metropolitan City-14,True,True,nepal_police,39,3
2134,2016-07-03,28.20228,83.69519,"83.69519,28.20228",Landslide at Kushma Municipality-10,True,True,other,56,1
2136,2016-07-05,28.1203,82.85541,"82.85541,28.1203",Landslide at Pyuthan Municipality-7,True,True,nepal_police,60,6
2137,2016-07-05,28.1203,82.85541,"82.85541,28.1203",Landslide at Pyuthan Municipality-7,True,True,nepal_police,60,6
2140,2016-06-29,28.73381,82.67046,"82.67046,28.73381",Landslide at Sisne Rural Municipality-1,True,True,other,15,7
2141,2016-06-29,28.86981,82.19935,"82.19935,28.86981",Landslide at Kuse Rural Municipality-7,True,True,other,66,7
2142,2016-07-02,28.86981,82.19935,"82.19935,28.86981",Landslide at Kuse Rural Municipality-7,True,True,other,66,3
2289,2011-05-14,28.05026,83.73811,"83.73811,28.05026",Landslide at Bhirkot Municipality-8,True,True,other,56,1
2316,2011-05-23,27.22317,84.73056,"84.73056,27.22317",Landslide at Thori Rural Municipality-5,True,True,other,2,1
2320,2011-05-27,28.35288,83.27139,"83.27139,28.35288",Landslide at Dhorpatan Municipality-4,True,True,other,84,1
2338,2011-06-03,27.93572,84.24996,"84.24996,27.93572",Landslide at Rhishing Rural Municipality-1,True,True,other,54,1
2352,2011-06-06,28.05026,83.73811,"83.73811,28.05026",Landslide at Bhirkot Municipality-8,True,True,other,56,1
2367,2011-06-11,28.05026,83.73811,"83.73811,28.05026",Landslide at Bhirkot Municipality-8,True,True,other,56,1
2391,2011-06-26,27.15572,86.7091,"86.7091,27.15572",Landslide at Halesi Tuwachung Municipality-11,True,True,nepal_police,68,1
2412,2011-06-30,30.02618,81.88546,"81.88546,30.02618",Landslide at Simkot Rural Municipality-3,True,True,other,36,2
2417,2011-06-30,28.05026,83.73811,"83.73811,28.05026",Landslide at Bhirkot Municipality-8,True,True,other,56,2
2440,2011-07-01,28.34628,83.99007,"83.99007,28.34628",Landslide at Machhapuchchhre Rural Municipality-2,True,True,other,61,13
2443,2011-07-01,27.54796,85.33968,"85.33968,27.54796",Landslide at Konjyosom Rural Municipality-4,True,True,other,105,13
2445,2011-07-01,27.4427,85.08797,"85.08797,27.4427",Landslide at Makawanpurgadhi Rural Municipality-5,True,True,nepal_police,52,13
2452,2011-07-01,28.05026,83.73811,"83.73811,28.05026",Landslide at Bhirkot Municipality-8,True,True,other,56,13
2453,2011-07-01,28.05026,83.73811,"83.73811,28.05026",Landslide at Bhirkot Municipality-8,True,True,other,56,13
2454,2011-07-01,28.05026,83.73811,"83.73811,28.05026",Landslide at Bhirkot Municipality-8,True,True,other,56,13
2455,2011-07-01,27.93572,84.24996,"84.24996,27.93572",Landslide at Rhishing Rural Municipality-1,True,True,other,54,13
2456,2011-07-01,27.93572,84.24996,"84.24996,27.93572",Landslide at Rhishing Rural Municipality-1,True,True,other,54,13
2458,2011-07-01,27.93572,84.24996,"84.24996,27.93572",Landslide at Rhishing Rural Municipality-1,True,True,other,54,13
2459,2011-07-01,27.93572,84.24996,"84.24996,27.93572",Landslide at Rhishing Rural Municipality-1,True,True,other,54,13
2460,2011-07-01,27.93572,84.24996,"84.24996,27.93572",Landslide at Rhishing Rural Municipality-1,True,True,other,54,13
2461,2011-07-01,27.93572,84.24996,"84.24996,27.93572",Landslide at Rhishing Rural Municipality-1,True,True,other,54,13
2462,2011-07-01,27.93572,84.24996,"84.24996,27.93572",Landslide at Rhishing Rural Municipality-1,True,True,other,54,13
2464,2011-07-02,29.06417,81.30663,"81.30663,29.06417",Landslide at Kamalbazar Municipality-7,True,True,other,19,3
2469,2011-07-02,26.96729,85.57183,"85.57183,26.96729",Landslide at Haripur Municipality-3,True,True,nepal_police,4,3
2471,2011-07-02,28.05026,83.73811,"83.73811,28.05026",Landslide at Bhirkot Municipality-8,True,True,other,56,3
2474,2011-07-03,28.05026,83.73811,"83.73811,28.05026",Landslide at Bhirkot Municipality-8,True,True,other,56,7
2475,2011-07-03,28.05026,83.73811,"83.73811,28.05026",Landslide at Bhirkot Municipality-8,True,True,other,56,7
2476,2011-07-03,28.05026,83.73811,"83.73811,28.05026",Landslide at Bhirkot Municipality-8,True,True,other,56,7
2477,2011-07-03,28.05026,83.73811,"83.73811,28.05026",Landslide at Bhirkot Municipality-8,True,True,other,56,7
2478,2011-07-03,28.05026,83.73811,"83.73811,28.05026",Landslide at Bhirkot Municipality-8,True,True,other,56,7
2480,2011-07-03,27.93572,84.24996,"84.24996,27.93572",Landslide at Rhishing Rural Municipality-1,True,True,other,54,7
2481,2011-07-03,27.93572,84.24996,"84.24996,27.93572",Landslide at Rhishing Rural Municipality-1,True,True,other,54,7
2482,2011-07-04,28.35288,83.27139,"83.27139,28.35288",Landslide at Dhorpatan Municipality-4,True,True,nepal_police,84,4
2486,2011-07-04,28.34628,83.99007,"83.99007,28.34628",Landslide at Machhapuchchhre Rural Municipality-2,True,True,nepal_police,61,4
2488,2011-07-04,28.05026,83.73811,"83.73811,28.05026",Landslide at Bhirkot Municipality-8,True,True,other,56,4
2489,2011-07-04,28.05026,83.73811,"83.73811,28.05026",Landslide at Bhirkot Municipality-8,True,True,other,56,4
2490,2011-07-05,29.21277,83.03833,"83.03833,29.21277",Landslide at Shey Phoksundo Rural Municipality-99,True,True,other,32,5
2491,2011-07-05,30.02618,81.88546,"81.88546,30.02618",Landslide at Simkot Rural Municipality-3,True,True,other,36,5
2493,2011-07-05,29.67916,82.30447,"82.30447,29.67916",Landslide at Mugum Karmarong Rural Municipality-7,True,True,other,26,5
2496,2011-07-05,28.05026,83.73811,"83.73811,28.05026",Landslide at Bhirkot Municipality-8,True,True,other,56,5
2497,2011-07-05,27.93572,84.24996,"84.24996,27.93572",Landslide at Rhishing Rural Municipality-1,True,True,other,54,5
2508,2011-07-06,28.9548,83.86811,"83.86811,28.9548",Landslide at Loghekar Damodarkunda Rural Municipality-5,True,True,nepal_police,22,3
2510,2011-07-06,28.05026,83.73811,"83.73811,28.05026",Landslide at Bhirkot Municipality-8,True,True,other,56,3
2511,2011-07-06,28.05026,83.73811,"83.73811,28.05026",Landslide at Bhirkot Municipality-8,True,True,other,56,3
2516,2011-07-07,28.54637,83.48729,"83.48729,28.54637",Landslide at Raghuganga Rural Municipality-8,True,True,other,128,1
2520,2011-07-08,27.82173,83.63419,"83.63419,27.82173",Landslide at Mathagadhi Rural Municipality-1,True,True,other,79,2
2522,2011-07-08,27.18536,85.90753,"85.90753,27.18536",Landslide at Kamalamai Municipality-5,True,True,other,36,2
2524,2011-07-09,30.02618,81.88546,"81.88546,30.02618",Landslide at Simkot Rural Municipality-3,True,True,other,36,2
2525,2011-07-09,27.90711,85.75568,"85.75568,27.90711",Landslide at Jugal Rural Municipality-2,True,True,other,86,2
2559,2011-07-13,27.17377,87.09084,"87.09084,27.17377",Landslide at Bhojpur Municipality-11,True,True,other,65,3
2561,2011-07-13,27.38688,87.21569,"87.21569,27.38688",Landslide at Khandbari Municipality-7,True,True,nepal_police,104,3
2563,2011-07-13,27.60988,87.82613,"87.82613,27.60988",Landslide at Phaktanglung Rural Municipality-6,True,True,other,148,3
2572,2011-07-15,29.21277,83.03833,"83.03833,29.21277",Landslide at Shey Phoksundo Rural Municipality-99,True,True,other,32,6
2573,2011-07-15,28.86981,82.19935,"82.19935,28.86981",Landslide at Kuse Rural Municipality-7,True,True,nepal_police,66,6
2578,2011-07-15,27.92448,85.24446,"85.24446,27.92448",Landslide at Suryagadhi Rural Municipality-4,True,True,other,94,6
2580,2011-07-15,27.92448,85.24446,"85.24446,27.92448",Landslide at Suryagadhi Rural Municipality-4,True,True,other,94,6
2581,2011-07-15,28.73381,82.67046,"82.67046,28.73381",Landslide at Sisne Rural Municipality-1,True,True,other,15,6
2582,2011-07-15,28.73381,82.67046,"82.67046,28.73381",Landslide at Sisne Rural Municipality-1,True,True,other,15,6
2585,2011-07-16,27.90711,85.75568,"85.75568,27.90711",Landslide at Jugal Rural Municipality-2,True,True,other,86,1
2588,2011-07-17,28.67916,84.18079,"84.18079,28.67916",Landslide at Narpa Bhoomi Rural Municipality-3,True,True,other,13,1
2604,2011-07-19,27.92448,85.24446,"85.24446,27.92448",Landslide at Suryagadhi Rural Municipality-4,True,True,other,94,2
2605,2011-07-19,27.72488,86.68194,"86.68194,27.72488",Landslide at Khumbupasanglahmu Rural Municipality-3,True,True,other,88,2
2607,2011-07-20,30.02618,81.88546,"81.88546,30.02618",Landslide at Simkot Rural Municipality-3,True,True,other,36,4
2612,2011-07-20,27.15572,86.7091,"86.7091,27.15572",Landslide at Halesi Tuwachung Municipality-11,True,True,other,68,4
2613,2011-07-20,27.54796,85.33968,"85.33968,27.54796",Landslide at Konjyosom Rural Municipality-4,True,True,other,105,4
2618,2011-07-20,28.1755,85.46091,"85.46091,28.1755",Landslide at Gosaikunda Rural Municipality-4,True,True,other,53,4
2623,2011-07-21,29.20864,80.48616,"80.48616,29.20864",Landslide at Alital Rural Municipality-3,True,True,other,44,1
2632,2011-07-23,29.21277,83.03833,"83.03833,29.21277",Landslide at Shey Phoksundo Rural Municipality-99,True,True,other,32,2
2636,2011-07-23,28.9548,83.86811,"83.86811,28.9548",Landslide at Loghekar Damodarkunda Rural Municipality-5,True,True,other,22,2
2642,2011-07-24,27.93572,84.24996,"84.24996,27.93572",Landslide at Rhishing Rural Municipality-1,True,True,other,54,1
2654,2011-07-26,27.54493,85.63649,"85.63649,27.54493",Landslide at Namobuddha Municipality-7,True,True,other,59,1
2655,2011-07-27,29.50844,80.57647,"80.57647,29.50844",Landslide at Surnaya Rural Municipality-5,True,True,nepal_police,73,2
2657,2011-07-27,29.21559,81.74506,"81.74506,29.21559",Landslide at Pachaljharana Rural Municipality-3,True,True,other,81,2
2664,2011-07-28,28.27345,84.8101,"84.8101,28.27345",Landslide at Dharche Rural Municipality-5,True,True,nepal_police,82,1
2681,2011-07-31,29.50844,80.57647,"80.57647,29.50844",Landslide at Surnaya Rural Municipality-5,True,True,other,73,2
2685,2011-07-31,28.73381,82.67046,"82.67046,28.73381",Landslide at Sisne Rural Municipality-1,True,True,other,15,2
2689,2011-08-01,28.35288,83.27139,"83.27139,28.35288",Landslide at Dhorpatan Municipality-4,True,True,other,84,1
2702,2011-08-02,28.35288,83.27139,"83.27139,28.35288",Landslide at Dhorpatan Municipality-4,True,True,other,84,1
2707,2011-08-03,28.35288,83.27139,"83.27139,28.35288",Landslide at Dhorpatan Municipality-4,True,True,other,84,4
2710,2011-08-03,29.18116,80.84086,"80.84086,29.18116",Landslide at Shikhar Municipality-2,True,True,nepal_police,35,4
2716,2011-08-03,28.32432,82.65523,"82.65523,28.32432",Landslide at Rolpa Municipality-10,True,True,other,149,4
2718,2011-08-03,27.60988,87.82613,"87.82613,27.60988",Landslide at Phaktanglung Rural Municipality-6,True,True,other,148,4
2722,2011-08-04,27.60988,87.82613,"87.82613,27.60988",Landslide at Phaktanglung Rural Municipality-6,True,True,other,148,1
2724,2011-08-05,28.27345,84.8101,"84.8101,28.27345",Landslide at Dharche Rural Municipality-5,True,True,nepal_police,82,1
2731,2011-08-06,27.57833,83.42932,"83.42932,27.57833",Landslide at Tillotama Municipality-14,True,True,nepal_police,1,1
2734,2011-08-07,28.1203,82.85541,"82.85541,28.1203",Landslide at Pyuthan Municipality-7,True,True,nepal_police,60,1
2754,2011-08-11,28.88537,81.67138,"81.67138,28.88537",Landslide at Mahabu Rural Municipality-2,True,True,other,26,2
2755,2011-08-11,29.21277,83.03833,"83.03833,29.21277",Landslide at Shey Phoksundo Rural Municipality-99,True,True,other,32,2
2763,2011-08-13,28.88537,81.67138,"81.67138,28.88537",Landslide at Mahabu Rural Municipality-2,True,True,nepal_police,26,3
2765,2011-08-13,27.82349,86.22218,"86.22218,27.82349",Landslide at Bigu Rural Municipality-1,True,True,other,62,3
2770,2011-08-13,27.72488,86.68194,"86.68194,27.72488",Landslide at Khumbupasanglahmu Rural Municipality-3,True,True,nepal_police,88,3
2773,2011-08-14,28.35288,83.27139,"83.27139,28.35288",Landslide at Dhorpatan Municipality-4,True,True,other,84,1
2787,2011-08-17,28.00638,84.94688,"84.94688,28.00638",Landslide at Netrawati Dabjong Rural Municipality-1,True,True,nepal_police,86,1
2791,2011-08-18,28.35288,83.27139,"83.27139,28.35288",Landslide at Dhorpatan Municipality-4,True,True,other,84,3
2792,2011-08-18,28.88537,81.67138,"81.67138,28.88537",Landslide at Mahabu Rural Municipality-2,True,True,nepal_police,26,3
2794,2011-08-18,28.1755,85.46091,"85.46091,28.1755",Landslide at Gosaikunda Rural Municipality-4,True,True,nepal_police,53,3
2797,2011-08-19,28.35288,83.27139,"83.27139,28.35288",Landslide at Dhorpatan Municipality-4,True,True,other,84,1
2815,2011-08-22,28.35288,83.27139,"83.27139,28.35288",Landslide at Dhorpatan Municipality-4,True,True,other,84,3
2818,2011-08-22,28.86981,82.19935,"82.19935,28.86981",Landslide at Kuse Rural Municipality-7,True,True,other,66,3
2821,2011-08-22,28.20228,83.69519,"83.69519,28.20228",Landslide at Kushma Municipality-10,True,True,other,56,3
2830,2011-08-23,28.73381,82.67046,"82.67046,28.73381",Landslide at Sisne Rural Municipality-1,True,True,other,15,4
2831,2011-08-23,28.4,82.09154,"82.09154,28.4",Landslide at Sharada Municipality-9,True,True,other,45,4
2832,2011-08-23,28.4,82.09154,"82.09154,28.4",Landslide at Sharada Municipality-9,True,True,other,45,4
2833,2011-08-23,27.18536,85.90753,"85.90753,27.18536",Landslide at Kamalamai Municipality-5,True,True,other,36,4
2835,2011-08-24,28.35288,83.27139,"83.27139,28.35288",Landslide at Dhorpatan Municipality-4,True,True,other,84,2
2837,2011-08-24,28.86981,82.19935,"82.19935,28.86981",Landslide at Kuse Rural Municipality-7,True,True,other,66,2
2845,2011-08-25,28.35288,83.27139,"83.27139,28.35288",Landslide at Dhorpatan Municipality-4,True,True,other,84,2
2847,2011-08-25,28.00638,84.94688,"84.94688,28.00638",Landslide at Netrawati Dabjong Rural Municipality-1,True,True,nepal_police,86,2
2888,2011-09-01,27.18536,85.90753,"85.90753,27.18536",Landslide at Kamalamai Municipality-5,True,True,nepal_police,36,1
2905,2011-09-05,28.73381,82.67046,"82.67046,28.73381",Landslide at Sisne Rural Municipality-1,True,True,other,15,1
2922,2011-09-08,27.54493,85.63649,"85.63649,27.54493",Landslide at Namobuddha Municipality-7,True,True,nepal_police,59,1
2925,2011-09-09,28.86981,82.19935,"82.19935,28.86981",Landslide at Kuse Rural Municipality-7,True,True,nepal_police,66,1
2929,2011-09-10,28.88537,81.67138,"81.67138,28.88537",Landslide at Mahabu Rural Municipality-2,True,True,other,26,1
2937,2011-09-11,26.61037,87.46726,"87.46726,26.61037",Landslide at Belbari Municipality-8,True,True,nepal_police,5,1
2949,2011-09-14,29.06417,81.30663,"81.30663,29.06417",Landslide at Kamalbazar Municipality-7,True,True,other,19,2
2951,2011-09-14,28.32432,82.65523,"82.65523,28.32432",Landslide at Rolpa Municipality-10,True,True,other,149,2
2964,2011-09-17,27.15572,86.7091,"86.7091,27.15572",Landslide at Halesi Tuwachung Municipality-11,True,True,nepal_police,68,3
2966,2011-09-17,27.53685,86.18811,"86.18811,27.53685",Landslide at Gokulganga Rural Municipality-4,True,True,other,49,3
2967,2011-09-17,28.32432,82.65523,"82.65523,28.32432",Landslide at Rolpa Municipality-10,True,True,other,149,3
2977,2011-09-19,27.60988,87.82613,"87.82613,27.60988",Landslide at Phaktanglung Rural Municipality-6,True,True,nepal_police,148,1
2988,2011-09-22,28.35288,83.27139,"83.27139,28.35288",Landslide at Dhorpatan Municipality-4,True,True,nepal_police,84,1
2993,2011-09-23,27.14773,87.78498,"87.78498,27.14773",Landslide at Phidim Municipality-11,True,True,nepal_police,83,1
3010,2011-09-26,27.54493,85.63649,"85.63649,27.54493",Landslide at Namobuddha Municipality-7,True,True,nepal_police,59,1
3024,2011-09-27,27.54796,85.33968,"85.33968,27.54796",Landslide at Konjyosom Rural Municipality-4,True,True,nepal_police,105,2
3034,2011-09-27,28.65047,81.50876,"81.50876,28.65047",Landslide at Barahtal Rural Municipality-8,True,True,nepal_police,24,2
3081,2011-10-14,28.73381,82.67046,"82.67046,28.73381",Landslide at Sisne Rural Municipality-1,True,True,nepal_police,15,1
3696,2012-03-17,29.92362,80.73694,"80.73694,29.92362",Landslide at Apihimal Rural Municipality-6,True,True,other,48,1
4063,2013-05-31,27.69912,85.37856,"85.37856,27.69912",Landslide at Kageshwori Manahora Municipality-9,True,True,nepal_police,61,1
4083,2013-06-05,27.00791,87.36671,"87.36671,27.00791",Landslide at Dhankuta Municipality-2,True,True,other,53,2
4084,2013-06-05,27.60988,87.82613,"87.82613,27.60988",Landslide at Phaktanglung Rural Municipality-6,True,True,other,148,2
4095,2013-06-07,26.88507,87.89616,"87.89616,26.88507",Landslide at Illam Municipality-12,True,True,nepal_police,71,1
4107,2013-06-11,27.90711,85.75568,"85.75568,27.90711",Landslide at Jugal Rural Municipality-2,True,True,nepal_police,86,1
4121,2013-06-16,30.02618,81.88546,"81.88546,30.02618",Landslide at Simkot Rural Municipality-3,True,True,nepal_police,36,1
4126,2013-06-17,28.84298,80.31147,"80.31147,28.84298",Landslide at Shuklaphanta National Park National Park-99,True,True,nepal_police,3,4
4127,2013-06-17,28.1203,82.85541,"82.85541,28.1203",Landslide at Pyuthan Municipality-7,True,True,nepal_police,60,4
4134,2013-06-17,29.06417,81.30663,"81.30663,29.06417",Landslide at Kamalbazar Municipality-7,True,True,nepal_police,19,4
4143,2013-06-17,28.9548,83.86811,"83.86811,28.9548",Landslide at Loghekar Damodarkunda Rural Municipality-5,True,True,nepal_police,22,4
4145,2013-06-18,29.06417,81.30663,"81.30663,29.06417",Landslide at Kamalbazar Municipality-7,True,True,nepal_police,19,9
4148,2013-06-18,29.06417,81.30663,"81.30663,29.06417",Landslide at Kamalbazar Municipality-7,True,True,nepal_police,19,9
4149,2013-06-18,28.35288,83.27139,"83.27139,28.35288",Landslide at Dhorpatan Municipality-4,True,True,nepal_police,84,9
4152,2013-06-18,29.7171,81.15534,"81.15534,29.7171",Landslide at Surma Rural Municipality-1,True,True,nepal_police,38,9
4153,2013-06-18,28.09848,83.31058,"83.31058,28.09848",Landslide at Resunga Municipality-14,True,True,nepal_police,90,9
4154,2013-06-18,28.09848,83.31058,"83.31058,28.09848",Landslide at Resunga Municipality-14,True,True,nepal_police,90,9
4161,2013-06-18,29.50844,80.57647,"80.57647,29.50844",Landslide at Surnaya Rural Municipality-5,True,True,other,73,9
4162,2013-06-18,28.88537,81.67138,"81.67138,28.88537",Landslide at Mahabu Rural Municipality-2,True,True,other,26,9
4166,2013-06-18,27.82173,83.63419,"83.63419,27.82173",Landslide at Mathagadhi Rural Municipality-1,True,True,nepal_police,79,9
4180,2013-06-19,29.18116,80.84086,"80.84086,29.18116",Landslide at Shikhar Municipality-2,True,True,nepal_police,35,2
4182,2013-06-19,29.21559,81.74506,"81.74506,29.21559",Landslide at Pachaljharana Rural Municipality-3,True,True,nepal_police,81,2
4184,2013-06-20,27.93572,84.24996,"84.24996,27.93572",Landslide at Rhishing Rural Municipality-1,True,True,nepal_police,54,1
4206,2013-06-23,27.33592,86.44629,"86.44629,27.33592",Landslide at Molung Rural Municipality-1,True,True,nepal_police,71,1
4221,2013-06-26,29.21277,83.03833,"83.03833,29.21277",Landslide at Shey Phoksundo Rural Municipality-99,True,True,nepal_police,32,2
4222,2013-06-26,28.32432,82.65523,"82.65523,28.32432",Landslide at Rolpa Municipality-10,True,True,nepal_police,149,2
4223,2013-06-27,29.21559,81.74506,"81.74506,29.21559",Landslide at Pachaljharana Rural Municipality-3,True,True,nepal_police,81,3
4225,2013-06-27,28.32432,82.65523,"82.65523,28.32432",Landslide at Rolpa Municipality-10,True,True,nepal_police,149,3
4227,2013-06-27,27.90711,85.75568,"85.75568,27.90711",Landslide at Jugal Rural Municipality-2,True,True,nepal_police,86,3
4232,2013-06-29,27.60988,87.82613,"87.82613,27.60988",Landslide at Phaktanglung Rural Municipality-6,True,True,nepal_police,148,1
4235,2013-06-30,29.92362,80.73694,"80.73694,29.92362",Landslide at Apihimal Rural Municipality-6,True,True,other,48,1
4281,2013-07-09,27.93572,84.24996,"84.24996,27.93572",Landslide at Rhishing Rural Municipality-1,True,True,nepal_police,54,2
4284,2013-07-09,27.00791,87.36671,"87.36671,27.00791",Landslide at Dhankuta Municipality-2,True,True,nepal_police,53,2
4296,2013-07-11,28.1203,82.85541,"82.85541,28.1203",Landslide at Pyuthan Municipality-7,True,True,other,60,4
4305,2013-07-11,28.54637,83.48729,"83.48729,28.54637",Landslide at Raghuganga Rural Municipality-8,True,True,nepal_police,128,4
4306,2013-07-11,27.82173,83.63419,"83.63419,27.82173",Landslide at Mathagadhi Rural Municipality-1,True,True,nepal_police,79,4
4315,2013-07-11,28.09848,83.31058,"83.31058,28.09848",Landslide at Resunga Municipality-14,True,True,nepal_police,90,4
4319,2013-07-12,27.67418,85.44123,"85.44123,27.67418",Landslide at Bhaktapur Municipality-9,True,True,nepal_police,31,1
4325,2013-07-13,28.20228,83.69519,"83.69519,28.20228",Landslide at Kushma Municipality-10,True,True,nepal_police,56,2
4331,2013-07-13,27.67418,85.44123,"85.44123,27.67418",Landslide at Bhaktapur Municipality-9,True,True,nepal_police,31,2
4336,2013-07-14,27.38688,87.21569,"87.21569,27.38688",Landslide at Khandbari Municipality-7,True,True,nepal_police,104,1
4340,2013-07-15,28.4,82.09154,"82.09154,28.4",Landslide at Sharada Municipality-9,True,True,nepal_police,45,1
4359,2013-07-17,28.1203,82.85541,"82.85541,28.1203",Landslide at Pyuthan Municipality-7,True,True,nepal_police,60,1
4376,2013-07-19,28.20228,83.69519,"83.69519,28.20228",Landslide at Kushma Municipality-10,True,True,nepal_police,56,3
4378,2013-07-19,27.60988,87.82613,"87.82613,27.60988",Landslide at Phaktanglung Rural Municipality-6,True,True,other,148,3
4379,2013-07-19,27.60988,87.82613,"87.82613,27.60988",Landslide at Phaktanglung Rural Municipality-6,True,True,other,148,3
4383,2013-07-20,27.22317,84.73056,"84.73056,27.22317",Landslide at Thori Rural Municipality-5,True,True,nepal_police,2,2
4392,2013-07-20,28.1203,82.85541,"82.85541,28.1203",Landslide at Pyuthan Municipality-7,True,True,nepal_police,60,2
4397,2013-07-22,27.82349,86.22218,"86.22218,27.82349",Landslide at Bigu Rural Municipality-1,True,True,nepal_police,62,10
4398,2013-07-22,28.54637,83.48729,"83.48729,28.54637",Landslide at Raghuganga Rural Municipality-8,True,True,nepal_police,128,10
4400,2013-07-22,27.82173,83.63419,"83.63419,27.82173",Landslide at Mathagadhi Rural Municipality-1,True,True,nepal_police,79,10
4401,2013-07-22,28.05026,83.73811,"83.73811,28.05026",Landslide at Bhirkot Municipality-8,True,True,nepal_police,56,10
4402,2013-07-22,28.05026,83.73811,"83.73811,28.05026",Landslide at Bhirkot Municipality-8,True,True,nepal_police,56,10
4403,2013-07-22,28.05026,83.73811,"83.73811,28.05026",Landslide at Bhirkot Municipality-8,True,True,nepal_police,56,10
4404,2013-07-22,27.94393,83.04234,"83.04234,27.94393",Landslide at Bhumekasthan Municipality-7,True,True,nepal_police,50,10
4405,2013-07-22,28.20228,83.69519,"83.69519,28.20228",Landslide at Kushma Municipality-10,True,True,nepal_police,56,10
4406,2013-07-22,28.73381,82.67046,"82.67046,28.73381",Landslide at Sisne Rural Municipality-1,True,True,nepal_police,15,10
4407,2013-07-22,27.61064,84.00745,"84.00745,27.61064",Landslide at Madhyabindu Municipality-15,True,True,other,2,10
4419,2013-07-24,27.82173,83.63419,"83.63419,27.82173",Landslide at Mathagadhi Rural Municipality-1,True,True,nepal_police,79,2
4420,2013-07-24,29.67916,82.30447,"82.30447,29.67916",Landslide at Mugum Karmarong Rural Municipality-7,True,True,nepal_police,26,2
4423,2013-07-25,28.54637,83.48729,"83.48729,28.54637",Landslide at Raghuganga Rural Municipality-8,True,True,nepal_police,128,2
4428,2013-07-25,29.7171,81.15534,"81.15534,29.7171",Landslide at Surma Rural Municipality-1,True,True,nepal_police,38,2
4438,2013-07-28,28.86981,82.19935,"82.19935,28.86981",Landslide at Kuse Rural Municipality-7,True,True,nepal_police,66,1
4493,2013-08-08,28.86981,82.19935,"82.19935,28.86981",Landslide at Kuse Rural Municipality-7,True,True,other,66,1
4508,2013-08-12,28.73381,82.67046,"82.67046,28.73381",Landslide at Sisne Rural Municipality-1,True,True,nepal_police,15,3
4511,2013-08-12,28.86981,82.19935,"82.19935,28.86981",Landslide at Kuse Rural Municipality-7,True,True,nepal_police,66,3
4515,2013-08-12,29.92362,80.73694,"80.73694,29.92362",Landslide at Apihimal Rural Municipality-6,True,True,nepal_police,48,3
4520,2013-08-13,28.86981,82.19935,"82.19935,28.86981",Landslide at Kuse Rural Municipality-7,True,True,nepal_police,66,2
4529,2013-08-13,27.53685,86.18811,"86.18811,27.53685",Landslide at Gokulganga Rural Municipality-4,True,True,other,49,2
4534,2013-08-15,27.93572,84.24996,"84.24996,27.93572",Landslide at Rhishing Rural Municipality-1,True,True,nepal_police,54,1
4537,2013-08-16,28.34628,83.99007,"83.99007,28.34628",Landslide at Machhapuchchhre Rural Municipality-2,True,True,nepal_police,61,2
4538,2013-08-16,28.88537,81.67138,"81.67138,28.88537",Landslide at Mahabu Rural Municipality-2,True,True,nepal_police,26,2
4544,2013-08-17,28.4,82.09154,"82.09154,28.4",Landslide at Sharada Municipality-9,True,True,nepal_police,45,1
4551,2013-08-18,29.21277,83.03833,"83.03833,29.21277",Landslide at Shey Phoksundo Rural Municipality-99,True,True,nepal_police,32,1
4557,2013-08-19,28.54637,83.48729,"83.48729,28.54637",Landslide at Raghuganga Rural Municipality-8,True,True,nepal_police,128,1
4574,2013-08-27,28.32432,82.65523,"82.65523,28.32432",Landslide at Rolpa Municipality-10,True,True,nepal_police,149,1
4587,2013-08-31,27.9672,82.44665,"82.44665,27.9672",Landslide at Ghorahi Submetropolitan City-5,True,True,nepal_police,14,1
4608,2013-09-02,28.35288,83.27139,"83.27139,28.35288",Landslide at Dhorpatan Municipality-4,True,True,nepal_police,84,1
4613,2013-09-03,28.35288,83.27139,"83.27139,28.35288",Landslide at Dhorpatan Municipality-4,True,True,nepal_police,84,4
4615,2013-09-03,28.35288,83.27139,"83.27139,28.35288",Landslide at Dhorpatan Municipality-4,True,True,nepal_police,84,4
4616,2013-09-03,28.35288,83.27139,"83.27139,28.35288",Landslide at Dhorpatan Municipality-4,True,True,nepal_police,84,4
4617,2013-09-03,28.35288,83.27139,"83.27139,28.35288",Landslide at Dhorpatan Municipality-4,True,True,nepal_police,84,4
4626,2013-09-05,28.34628,83.99007,"83.99007,28.34628",Landslide at Machhapuchchhre Rural Municipality-2,True,True,nepal_police,61,3
4628,2013-09-05,27.00791,87.36671,"87.36671,27.00791",Landslide at Dhankuta Municipality-2,True,True,nepal_police,53,3
4629,2013-09-05,27.00791,87.36671,"87.36671,27.00791",Landslide at Dhankuta Municipality-2,True,True,nepal_police,53,3
4635,2013-09-06,27.4427,85.08797,"85.08797,27.4427",Landslide at Makawanpurgadhi Rural Municipality-5,True,True,nepal_police,52,1
4653,2013-09-09,27.90711,85.75568,"85.75568,27.90711",Landslide at Jugal Rural Municipality-2,True,True,nepal_police,86,1
4655,2013-09-10,28.74013,80.89463,"80.89463,28.74013",Landslide at Gauriganga Municipality-9,True,True,nepal_police,15,1
4661,2013-09-12,27.15572,86.7091,"86.7091,27.15572",Landslide at Halesi Tuwachung Municipality-11,True,True,nepal_police,68,1
4698,2013-09-28,27.82173,83.63419,"83.63419,27.82173",Landslide at Mathagadhi Rural Municipality-1,True,True,nepal_police,79,1
4705,2013-09-30,26.93279,86.66463,"86.66463,26.93279",Landslide at Rautamai Rural Municipality-7,True,True,nepal_police,31,1
4711,2013-10-03,26.64064,87.12722,"87.12722,26.64064",Landslide at Inaruwa Municipality-8,True,True,nepal_police,31,1
4714,2013-10-06,28.20228,83.69519,"83.69519,28.20228",Landslide at Kushma Municipality-10,True,True,nepal_police,56,1
4758,2013-11-01,28.05026,83.73811,"83.73811,28.05026",Landslide at Bhirkot Municipality-8,True,True,nepal_police,56,1
4837,2013-12-12,27.90711,85.75568,"85.75568,27.90711",Landslide at Jugal Rural Municipality-2,True,True,nepal_police,86,1
5295,2014-04-09,29.18116,80.84086,"80.84086,29.18116",Landslide at Shikhar Municipality-2,True,True,nepal_police,35,1
5411,2014-04-22,26.88507,87.89616,"87.89616,26.88507",Landslide at Illam Municipality-12,True,True,nepal_police,71,1
5654,2014-05-27,29.20864,80.48616,"80.48616,29.20864",Landslide at Alital Rural Municipality-3,True,True,nepal_police,44,1
5735,2014-06-19,28.1203,82.85541,"82.85541,28.1203",Landslide at Pyuthan Municipality-7,True,True,other,60,9
5736,2014-06-19,28.09848,83.31058,"83.31058,28.09848",Landslide at Resunga Municipality-14,True,True,other,90,9
5737,2014-06-19,28.09848,83.31058,"83.31058,28.09848",Landslide at Resunga Municipality-14,True,True,nepal_police,90,9
5739,2014-06-19,28.09848,83.31058,"83.31058,28.09848",Landslide at Resunga Municipality-14,True,True,other,90,9
5740,2014-06-19,28.09848,83.31058,"83.31058,28.09848",Landslide at Resunga Municipality-14,True,True,other,90,9
5741,2014-06-19,28.09848,83.31058,"83.31058,28.09848",Landslide at Resunga Municipality-14,True,True,other,90,9
5742,2014-06-19,28.09848,83.31058,"83.31058,28.09848",Landslide at Resunga Municipality-14,True,True,other,90,9
5743,2014-06-19,28.09848,83.31058,"83.31058,28.09848",Landslide at Resunga Municipality-14,True,True,other,90,9
5744,2014-06-19,28.09848,83.31058,"83.31058,28.09848",Landslide at Resunga Municipality-14,True,True,other,90,9
5748,2014-06-20,28.1203,82.85541,"82.85541,28.1203",Landslide at Pyuthan Municipality-7,True,True,nepal_police,60,1
5754,2014-06-22,27.54796,85.33968,"85.33968,27.54796",Landslide at Konjyosom Rural Municipality-4,True,True,other,105,1
5762,2014-06-24,27.60988,87.82613,"87.82613,27.60988",Landslide at Phaktanglung Rural Municipality-6,True,True,other,148,1
5777,2014-06-29,27.38688,87.21569,"87.21569,27.38688",Landslide at Khandbari Municipality-7,True,True,nepal_police,104,1
5785,2014-06-30,27.93572,84.24996,"84.24996,27.93572",Landslide at Rhishing Rural Municipality-1,True,True,nepal_police,54,1
5800,2014-07-09,27.62682,82.96838,"82.96838,27.62682",Landslide at Buddhabhumi Municipality-8,True,True,nepal_police,7,1
5807,2014-07-12,27.92448,85.24446,"85.24446,27.92448",Landslide at Suryagadhi Rural Municipality-4,True,True,nepal_police,94,1
5809,2014-07-13,27.54796,85.33968,"85.33968,27.54796",Landslide at Konjyosom Rural Municipality-4,True,True,other,105,4
5810,2014-07-13,27.90711,85.75568,"85.75568,27.90711",Landslide at Jugal Rural Municipality-2,True,True,other,86,4
5811,2014-07-13,27.90711,85.75568,"85.75568,27.90711",Landslide at Jugal Rural Municipality-2,True,True,other,86,4
5812,2014-07-13,27.90711,85.75568,"85.75568,27.90711",Landslide at Jugal Rural Municipality-2,True,True,other,86,4
5818,2014-07-16,29.21559,81.74506,"81.74506,29.21559",Landslide at Pachaljharana Rural Municipality-3,True,True,other,81,1
5820,2014-07-18,28.34628,83.99007,"83.99007,28.34628",Landslide at Machhapuchchhre Rural Municipality-2,True,True,nepal_police,61,1
5827,2014-07-19,29.20864,80.48616,"80.48616,29.20864",Landslide at Alital Rural Municipality-3,True,True,other,44,1
5834,2014-07-20,28.28362,84.43609,"84.43609,28.28362",Landslide at Marsyangdi Rural Municipality-7,True,True,other,56,2
5835,2014-07-20,29.21559,81.74506,"81.74506,29.21559",Landslide at Pachaljharana Rural Municipality-3,True,True,other,81,2
5844,2014-07-22,28.27345,84.8101,"84.8101,28.27345",Landslide at Dharche Rural Municipality-5,True,True,nepal_police,82,1
5856,2014-07-28,29.21559,81.74506,"81.74506,29.21559",Landslide at Pachaljharana Rural Municipality-3,True,True,other,81,1
5857,2014-07-29,29.7171,81.15534,"81.15534,29.7171",Landslide at Surma Rural Municipality-1,True,True,nepal_police,38,3
5863,2014-07-29,27.60988,87.82613,"87.82613,27.60988",Landslide at Phaktanglung Rural Municipality-6,True,True,nepal_police,148,3
5864,2014-07-29,27.33592,86.44629,"86.44629,27.33592",Landslide at Molung Rural Municipality-1,True,True,nepal_police,71,3
5871,2014-07-31,28.32432,82.65523,"82.65523,28.32432",Landslide at Rolpa Municipality-10,True,True,nepal_police,149,1
5875,2014-08-02,27.90711,85.75568,"85.75568,27.90711",Landslide at Jugal Rural Municipality-2,True,True,other,86,2
5877,2014-08-02,29.21559,81.74506,"81.74506,29.21559",Landslide at Pachaljharana Rural Municipality-3,True,True,other,81,2
5879,2014-08-04,27.38688,87.21569,"87.21569,27.38688",Landslide at Khandbari Municipality-7,True,True,other,104,2
5880,2014-08-04,27.54493,85.63649,"85.63649,27.54493",Landslide at Namobuddha Municipality-7,True,True,nepal_police,59,2
5881,2014-08-05,29.5579,81.49045,"81.49045,29.5579",Landslide at Gaumul Rural Municipality-1,True,True,nepal_police,57,1
5885,2014-08-08,27.90711,85.75568,"85.75568,27.90711",Landslide at Jugal Rural Municipality-2,True,True,nepal_police,86,2
5887,2014-08-08,29.67916,82.30447,"82.30447,29.67916",Landslide at Mugum Karmarong Rural Municipality-7,True,True,nepal_police,26,2
5888,2014-08-09,27.82349,86.22218,"86.22218,27.82349",Landslide at Bigu Rural Municipality-1,True,True,nepal_police,62,1
5897,2014-08-13,28.86981,82.19935,"82.19935,28.86981",Landslide at Kuse Rural Municipality-7,True,True,other,66,3
5898,2014-08-13,28.86981,82.19935,"82.19935,28.86981",Landslide at Kuse Rural Municipality-7,True,True,other,66,3
5900,2014-08-13,27.15572,86.7091,"86.7091,27.15572",Landslide at Halesi Tuwachung Municipality-11,True,True,nepal_police,68,3
5901,2014-08-14,28.86981,82.19935,"82.19935,28.86981",Landslide at Kuse Rural Municipality-7,True,True,nepal_police,66,9
5902,2014-08-14,28.86981,82.19935,"82.19935,28.86981",Landslide at Kuse Rural Municipality-7,True,True,nepal_police,66,9
5903,2014-08-14,28.86981,82.19935,"82.19935,28.86981",Landslide at Kuse Rural Municipality-7,True,True,nepal_police,66,9
5904,2014-08-14,28.86981,82.19935,"82.19935,28.86981",Landslide at Kuse Rural Municipality-7,True,True,nepal_police,66,9
5905,2014-08-14,28.86981,82.19935,"82.19935,28.86981",Landslide at Kuse Rural Municipality-7,True,True,nepal_police,66,9
5906,2014-08-14,28.86981,82.19935,"82.19935,28.86981",Landslide at Kuse Rural Municipality-7,True,True,nepal_police,66,9
5908,2014-08-14,27.54796,85.33968,"85.33968,27.54796",Landslide at Konjyosom Rural Municipality-4,True,True,nepal_police,105,9
5916,2014-08-14,27.15572,86.7091,"86.7091,27.15572",Landslide at Halesi Tuwachung Municipality-11,True,True,nepal_police,68,9
5917,2014-08-14,28.73381,82.67046,"82.67046,28.73381",Landslide at Sisne Rural Municipality-1,True,True,nepal_police,15,9
5919,2014-08-15,30.02618,81.88546,"81.88546,30.02618",Landslide at Simkot Rural Municipality-3,True,True,nepal_police,36,5
5921,2014-08-15,28.27345,84.8101,"84.8101,28.27345",Landslide at Dharche Rural Municipality-5,True,True,nepal_police,82,5
5922,2014-08-15,27.9672,82.44665,"82.44665,27.9672",Landslide at Ghorahi Submetropolitan City-5,True,True,nepal_police,14,5
5926,2014-08-15,28.32432,82.65523,"82.65523,28.32432",Landslide at Rolpa Municipality-10,True,True,nepal_police,149,5
5928,2014-08-15,28.4,82.09154,"82.09154,28.4",Landslide at Sharada Municipality-9,True,True,other,45,5
5930,2014-08-16,27.92448,85.24446,"85.24446,27.92448",Landslide at Suryagadhi Rural Municipality-4,True,True,nepal_police,94,2
5931,2014-08-16,27.92448,85.24446,"85.24446,27.92448",Landslide at Suryagadhi Rural Municipality-4,True,True,nepal_police,94,2
5952,2014-08-23,28.35288,83.27139,"83.27139,28.35288",Landslide at Dhorpatan Municipality-4,True,True,nepal_police,84,2
5953,2014-08-23,27.90711,85.75568,"85.75568,27.90711",Landslide at Jugal Rural Municipality-2,True,True,nepal_police,86,2
5956,2014-08-24,28.35288,83.27139,"83.27139,28.35288",Landslide at Dhorpatan Municipality-4,True,True,nepal_police,84,1
5960,2014-08-26,28.1755,85.46091,"85.46091,28.1755",Landslide at Gosaikunda Rural Municipality-4,True,True,nepal_police,53,1
5965,2014-08-28,27.92448,85.24446,"85.24446,27.92448",Landslide at Suryagadhi Rural Municipality-4,True,True,nepal_police,94,2
5966,2014-08-28,27.92448,85.24446,"85.24446,27.92448",Landslide at Suryagadhi Rural Municipality-4,True,True,nepal_police,94,2
5974,2014-09-16,28.32432,82.65523,"82.65523,28.32432",Landslide at Rolpa Municipality-10,True,True,other,149,1
5993,2014-09-10,27.92448,85.24446,"85.24446,27.92448",Landslide at Suryagadhi Rural Municipality-4,True,True,nepal_police,94,2
5994,2014-09-10,27.92448,85.24446,"85.24446,27.92448",Landslide at Suryagadhi Rural Municipality-4,True,True,nepal_police,94,2
6007,2014-09-22,28.36918,81.41147,"81.41147,28.36918",Landslide at Barbardiya Municipality-7,True,True,nepal_police,2,1
6014,2014-09-19,28.34628,83.99007,"83.99007,28.34628",Landslide at Machhapuchchhre Rural Municipality-2,True,True,nepal_police,61,2
6015,2014-09-19,28.35288,83.27139,"83.27139,28.35288",Landslide at Dhorpatan Municipality-4,True,True,nepal_police,84,2
6032,2014-09-14,27.17377,87.09084,"87.09084,27.17377",Landslide at Bhojpur Municipality-11,True,True,nepal_police,65,1
6060,2014-09-23,28.28362,84.43609,"84.43609,28.28362",Landslide at Marsyangdi Rural Municipality-7,True,True,nepal_police,56,1
6443,2015-03-03,29.21559,81.74506,"81.74506,29.21559",Landslide at Pachaljharana Rural Municipality-3,True,True,nepal_police,81,2
6450,2015-03-03,29.21559,81.74506,"81.74506,29.21559",Landslide at Pachaljharana Rural Municipality-3,True,True,other,81,2
6454,2015-03-04,29.21559,81.74506,"81.74506,29.21559",Landslide at Pachaljharana Rural Municipality-3,True,True,nepal_police,81,1
6701,2012-04-24,28.28362,84.43609,"84.43609,28.28362",Landslide at Marsyangdi Rural Municipality-7,True,True,other,56,1
6791,2012-05-05,26.93279,86.66463,"86.66463,26.93279",Landslide at Rautamai Rural Municipality-7,True,True,other,31,1
6872,2012-05-16,28.9548,83.86811,"83.86811,28.9548",Landslide at Loghekar Damodarkunda Rural Municipality-5,True,True,nepal_police,22,1
6906,2012-05-22,27.00791,87.36671,"87.36671,27.00791",Landslide at Dhankuta Municipality-2,True,True,other,53,1
6930,2012-05-27,27.13741,87.5752,"87.5752,27.13741",Landslide at Phedap Rural Municipality-3,True,True,nepal_police,53,1
7027,2012-06-15,27.90711,85.75568,"85.75568,27.90711",Landslide at Jugal Rural Municipality-2,True,True,nepal_police,86,2
7035,2012-06-15,26.88507,87.89616,"87.89616,26.88507",Landslide at Illam Municipality-12,True,True,nepal_police,71,2
7047,2012-06-18,28.09848,83.31058,"83.31058,28.09848",Landslide at Resunga Municipality-14,True,True,nepal_police,90,1
7066,2012-06-25,28.27345,84.8101,"84.8101,28.27345",Landslide at Dharche Rural Municipality-5,True,True,nepal_police,82,2
7067,2012-06-25,28.00638,84.94688,"84.94688,28.00638",Landslide at Netrawati Dabjong Rural Municipality-1,True,True,nepal_police,86,2
7068,2012-06-26,28.00638,84.94688,"84.94688,28.00638",Landslide at Netrawati Dabjong Rural Municipality-1,True,True,nepal_police,86,2
7070,2012-06-26,27.60988,87.82613,"87.82613,27.60988",Landslide at Phaktanglung Rural Municipality-6,True,True,other,148,2
7074,2012-06-27,28.20228,83.69519,"83.69519,28.20228",Landslide at Kushma Municipality-10,True,True,nepal_police,56,2
7075,2012-06-27,30.02618,81.88546,"81.88546,30.02618",Landslide at Simkot Rural Municipality-3,True,True,other,36,2
7077,2012-06-28,27.38688,87.21569,"87.21569,27.38688",Landslide at Khandbari Municipality-7,True,True,nepal_police,104,2
7078,2012-06-28,27.93572,84.24996,"84.24996,27.93572",Landslide at Rhishing Rural Municipality-1,True,True,other,54,2
7079,2012-06-29,28.35288,83.27139,"83.27139,28.35288",Landslide at Dhorpatan Municipality-4,True,True,other,84,1
7087,2012-06-30,28.32432,82.65523,"82.65523,28.32432",Landslide at Rolpa Municipality-10,True,True,nepal_police,149,1
7103,2012-07-04,28.27345,84.8101,"84.8101,28.27345",Landslide at Dharche Rural Municipality-5,True,True,nepal_police,82,1
7110,2012-07-05,29.92362,80.73694,"80.73694,29.92362",Landslide at Apihimal Rural Municipality-6,True,True,other,48,1
7116,2012-07-07,28.65047,81.50876,"81.50876,28.65047",Landslide at Barahtal Rural Municipality-8,True,True,other,24,2
7117,2012-07-07,28.65047,81.50876,"81.50876,28.65047",Landslide at Barahtal Rural Municipality-8,True,True,nepal_police,24,2
7141,2012-07-12,27.92448,85.24446,"85.24446,27.92448",Landslide at Suryagadhi Rural Municipality-4,True,True,other,94,1
7142,2012-07-13,28.54637,83.48729,"83.48729,28.54637",Landslide at Raghuganga Rural Municipality-8,True,True,nepal_police,128,6
7144,2012-07-13,28.54637,83.48729,"83.48729,28.54637",Landslide at Raghuganga Rural Municipality-8,True,True,nepal_police,128,6
7147,2012-07-13,28.54637,83.48729,"83.48729,28.54637",Landslide at Raghuganga Rural Municipality-8,True,True,nepal_police,128,6
7148,2012-07-13,28.54637,83.48729,"83.48729,28.54637",Landslide at Raghuganga Rural Municipality-8,True,True,other,128,6
7149,2012-07-13,27.38688,87.21569,"87.21569,27.38688",Landslide at Khandbari Municipality-7,True,True,other,104,6
7151,2012-07-13,27.92448,85.24446,"85.24446,27.92448",Landslide at Suryagadhi Rural Municipality-4,True,True,other,94,6
7156,2012-07-14,26.88507,87.89616,"87.89616,26.88507",Landslide at Illam Municipality-12,True,True,other,71,1
7157,2012-07-15,26.88507,87.89616,"87.89616,26.88507",Landslide at Illam Municipality-12,True,True,nepal_police,71,3
7158,2012-07-15,26.88507,87.89616,"87.89616,26.88507",Landslide at Illam Municipality-12,True,True,other,71,3
7159,2012-07-15,26.88507,87.89616,"87.89616,26.88507",Landslide at Illam Municipality-12,True,True,other,71,3
7165,2012-07-16,27.92448,85.24446,"85.24446,27.92448",Landslide at Suryagadhi Rural Municipality-4,True,True,other,94,1
7176,2012-07-19,27.38688,87.21569,"87.21569,27.38688",Landslide at Khandbari Municipality-7,True,True,other,104,3
7180,2012-07-19,27.54796,85.33968,"85.33968,27.54796",Landslide at Konjyosom Rural Municipality-4,True,True,nepal_police,105,3
7181,2012-07-19,28.74013,80.89463,"80.89463,28.74013",Landslide at Gauriganga Municipality-9,True,True,nepal_police,15,3
7187,2012-07-20,27.69912,85.37856,"85.37856,27.69912",Landslide at Kageshwori Manahora Municipality-9,True,True,nepal_police,61,2
7188,2012-07-20,28.86981,82.19935,"82.19935,28.86981",Landslide at Kuse Rural Municipality-7,True,True,nepal_police,66,2
7192,2012-07-22,27.92448,85.24446,"85.24446,27.92448",Landslide at Suryagadhi Rural Municipality-4,True,True,other,94,1
7193,2012-07-23,26.88507,87.89616,"87.89616,26.88507",Landslide at Illam Municipality-12,True,True,nepal_police,71,1
7200,2012-07-24,27.14773,87.78498,"87.78498,27.14773",Landslide at Phidim Municipality-11,True,True,other,83,1
7205,2012-07-28,27.60988,87.82613,"87.82613,27.60988",Landslide at Phaktanglung Rural Municipality-6,True,True,other,148,3
7206,2012-07-28,27.60988,87.82613,"87.82613,27.60988",Landslide at Phaktanglung Rural Municipality-6,True,True,other,148,3
7207,2012-07-28,27.60988,87.82613,"87.82613,27.60988",Landslide at Phaktanglung Rural Municipality-6,True,True,other,148,3
7208,2012-07-29,27.60988,87.82613,"87.82613,27.60988",Landslide at Phaktanglung Rural Municipality-6,True,True,other,148,1
7215,2012-08-01,27.92448,85.24446,"85.24446,27.92448",Landslide at Suryagadhi Rural Municipality-4,True,True,other,94,1
7220,2012-08-03,28.09848,83.31058,"83.31058,28.09848",Landslide at Resunga Municipality-14,True,True,other,90,3
7223,2012-08-03,28.67916,84.18079,"84.18079,28.67916",Landslide at Narpa Bhoomi Rural Municipality-3,True,True,nepal_police,13,3
7224,2012-08-03,28.35288,83.27139,"83.27139,28.35288",Landslide at Dhorpatan Municipality-4,True,True,nepal_police,84,3
7240,2012-08-05,27.82349,86.22218,"86.22218,27.82349",Landslide at Bigu Rural Municipality-1,True,True,other,62,1
7242,2012-08-08,27.92448,85.24446,"85.24446,27.92448",Landslide at Suryagadhi Rural Municipality-4,True,True,other,94,2
7243,2012-08-08,27.92448,85.24446,"85.24446,27.92448",Landslide at Suryagadhi Rural Municipality-4,True,True,other,94,2
7254,2012-08-13,27.54493,85.63649,"85.63649,27.54493",Landslide at Namobuddha Municipality-7,True,True,nepal_police,59,1
7272,2012-08-15,29.5579,81.49045,"81.49045,29.5579",Landslide at Gaumul Rural Municipality-1,True,True,nepal_police,57,1
7283,2012-08-17,27.92448,85.24446,"85.24446,27.92448",Landslide at Suryagadhi Rural Municipality-4,True,True,other,94,2
7285,2012-08-17,27.92448,85.24446,"85.24446,27.92448",Landslide at Suryagadhi Rural Municipality-4,True,True,other,94,2
7287,2012-08-18,27.92448,85.24446,"85.24446,27.92448",Landslide at Suryagadhi Rural Municipality-4,True,True,other,94,2
7288,2012-08-18,27.92448,85.24446,"85.24446,27.92448",Landslide at Suryagadhi Rural Municipality-4,True,True,other,94,2
7302,2012-08-19,30.02618,81.88546,"81.88546,30.02618",Landslide at Simkot Rural Municipality-3,True,True,other,36,3
7304,2012-08-19,30.02618,81.88546,"81.88546,30.02618",Landslide at Simkot Rural Municipality-3,True,True,other,36,3
7305,2012-08-19,30.02618,81.88546,"81.88546,30.02618",Landslide at Simkot Rural Municipality-3,True,True,other,36,3
7323,2012-08-20,27.92448,85.24446,"85.24446,27.92448",Landslide at Suryagadhi Rural Municipality-4,True,True,other,94,1
7326,2012-08-21,30.02618,81.88546,"81.88546,30.02618",Landslide at Simkot Rural Municipality-3,True,True,nepal_police,36,2
7331,2012-08-21,27.92448,85.24446,"85.24446,27.92448",Landslide at Suryagadhi Rural Municipality-4,True,True,other,94,2
7337,2012-08-22,30.02618,81.88546,"81.88546,30.02618",Landslide at Simkot Rural Municipality-3,True,True,other,36,1
7341,2012-08-24,27.92448,85.24446,"85.24446,27.92448",Landslide at Suryagadhi Rural Municipality-4,True,True,other,94,1
7348,2012-08-25,27.38688,87.21569,"87.21569,27.38688",Landslide at Khandbari Municipality-7,True,True,nepal_police,104,1
7355,2012-08-26,27.92448,85.24446,"85.24446,27.92448",Landslide at Suryagadhi Rural Municipality-4,True,True,other,94,1
7363,2012-08-27,27.92448,85.24446,"85.24446,27.92448",Landslide at Suryagadhi Rural Municipality-4,True,True,other,94,6
7364,2012-08-27,27.92448,85.24446,"85.24446,27.92448",Landslide at Suryagadhi Rural Municipality-4,True,True,other,94,6
7365,2012-08-27,27.92448,85.24446,"85.24446,27.92448",Landslide at Suryagadhi Rural Municipality-4,True,True,other,94,6
7366,2012-08-27,27.92448,85.24446,"85.24446,27.92448",Landslide at Suryagadhi Rural Municipality-4,True,True,other,94,6
7367,2012-08-27,27.92448,85.24446,"85.24446,27.92448",Landslide at Suryagadhi Rural Municipality-4,True,True,other,94,6
7368,2012-08-27,27.92448,85.24446,"85.24446,27.92448",Landslide at Suryagadhi Rural Municipality-4,True,True,other,94,6
7372,2012-08-29,28.1755,85.46091,"85.46091,28.1755",Landslide at Gosaikunda Rural Municipality-4,True,True,nepal_police,53,4
7374,2012-08-29,27.92448,85.24446,"85.24446,27.92448",Landslide at Suryagadhi Rural Municipality-4,True,True,other,94,4
7375,2012-08-29,27.92448,85.24446,"85.24446,27.92448",Landslide at Suryagadhi Rural Municipality-4,True,True,other,94,4
7376,2012-08-29,27.92448,85.24446,"85.24446,27.92448",Landslide at Suryagadhi Rural Municipality-4,True,True,other,94,4
7377,2012-08-30,28.34628,83.99007,"83.99007,28.34628",Landslide at Machhapuchchhre Rural Municipality-2,True,True,nepal_police,61,7
7378,2012-08-30,27.92448,85.24446,"85.24446,27.92448",Landslide at Suryagadhi Rural Municipality-4,True,True,other,94,7
7379,2012-08-30,28.54637,83.48729,"83.48729,28.54637",Landslide at Raghuganga Rural Municipality-8,True,True,nepal_police,128,7
7382,2012-08-30,27.92448,85.24446,"85.24446,27.92448",Landslide at Suryagadhi Rural Municipality-4,True,True,other,94,7
7383,2012-08-30,27.92448,85.24446,"85.24446,27.92448",Landslide at Suryagadhi Rural Municipality-4,True,True,other,94,7
7384,2012-08-30,27.92448,85.24446,"85.24446,27.92448",Landslide at Suryagadhi Rural Municipality-4,True,True,other,94,7
7386,2012-08-30,27.92448,85.24446,"85.24446,27.92448",Landslide at Suryagadhi Rural Municipality-4,True,True,other,94,7
7395,2012-09-01,27.92448,85.24446,"85.24446,27.92448",Landslide at Suryagadhi Rural Municipality-4,True,True,other,94,1
7413,2012-09-04,29.7171,81.15534,"81.15534,29.7171",Landslide at Surma Rural Municipality-1,True,True,nepal_police,38,1
7414,2012-09-05,28.86981,82.19935,"82.19935,28.86981",Landslide at Kuse Rural Municipality-7,True,True,nepal_police,66,2
7416,2012-09-05,27.92448,85.24446,"85.24446,27.92448",Landslide at Suryagadhi Rural Municipality-4,True,True,other,94,2
7424,2012-09-08,27.92448,85.24446,"85.24446,27.92448",Landslide at Suryagadhi Rural Municipality-4,True,True,other,94,1
7435,2012-09-12,27.92448,85.24446,"85.24446,27.92448",Landslide at Suryagadhi Rural Municipality-4,True,True,nepal_police,94,1
7445,2012-09-18,27.60988,87.82613,"87.82613,27.60988",Landslide at Phaktanglung Rural Municipality-6,True,True,nepal_police,148,1
7450,2012-09-19,29.20864,80.48616,"80.48616,29.20864",Landslide at Alital Rural Municipality-3,True,True,nepal_police,44,1
7470,2012-09-20,27.92448,85.24446,"85.24446,27.92448",Landslide at Suryagadhi Rural Municipality-4,True,True,other,94,1
7525,2012-09-30,26.88507,87.89616,"87.89616,26.88507",Landslide at Illam Municipality-12,True,True,other,71,1
7529,2012-10-01,27.38688,87.21569,"87.21569,27.38688",Landslide at Khandbari Municipality-7,True,True,other,104,1
7531,2012-10-02,27.38688,87.21569,"87.21569,27.38688",Landslide at Khandbari Municipality-7,True,True,other,104,2
7533,2012-10-02,28.65047,81.50876,"81.50876,28.65047",Landslide at Barahtal Rural Municipality-8,True,True,nepal_police,24,2
7539,2012-10-04,27.92448,85.24446,"85.24446,27.92448",Landslide at Suryagadhi Rural Municipality-4,True,True,other,94,1
7821,2012-12-29,27.82349,86.22218,"86.22218,27.82349",Landslide at Bigu Rural Municipality-1,True,True,nepal_police,62,1
8046,2013-02-21,28.86981,82.19935,"82.19935,28.86981",Landslide at Kuse Rural Municipality-7,True,True,nepal_police,66,1
8138,2013-03-14,29.23923,82.21605,"82.21605,29.23923",Landslide at Guthichaur Rural Municipality-5,True,True,other,7,1
8194,2013-03-23,28.20228,83.69519,"83.69519,28.20228",Landslide at Kushma Municipality-10,True,True,nepal_police,56,1
32716,2016-07-05,28.35288,83.27139,"83.27139,28.35288",Landslide at Dhorpatan Municipality-4,True,True,nepal_police,84,6
32718,2016-07-05,28.27345,84.8101,"84.8101,28.27345",Landslide at Dharche Rural Municipality-5,True,True,nepal_police,82,6
32719,2016-07-05,28.1203,82.85541,"82.85541,28.1203",Landslide at Pyuthan Municipality-7,True,True,nepal_police,60,6
32722,2016-07-05,28.35288,83.27139,"83.27139,28.35288",Landslide at Dhorpatan Municipality-4,True,True,other,84,6
32728,2016-07-07,27.72488,86.68194,"86.68194,27.72488",Landslide at Khumbupasanglahmu Rural Municipality-3,True,True,nepal_police,88,2
32730,2016-07-07,28.86981,82.19935,"82.19935,28.86981",Landslide at Kuse Rural Municipality-7,True,True,other,66,2
32739,2016-07-09,28.86981,82.19935,"82.19935,28.86981",Landslide at Kuse Rural Municipality-7,True,True,nepal_police,66,1
32740,2016-07-08,29.21559,81.74506,"81.74506,29.21559",Landslide at Pachaljharana Rural Municipality-3,True,True,nepal_police,81,1
32741,2016-07-10,27.60988,87.82613,"87.82613,27.60988",Landslide at Phaktanglung Rural Municipality-6,True,True,nepal_police,148,1
32749,2016-07-11,29.50844,80.57647,"80.57647,29.50844",Landslide at Surnaya Rural Municipality-5,True,True,nepal_police,73,1
32752,2016-07-12,27.38688,87.21569,"87.21569,27.38688",Landslide at Khandbari Municipality-7,True,True,nepal_police,104,1
32766,2016-07-16,27.90711,85.75568,"85.75568,27.90711",Landslide at Jugal Rural Municipality-2,True,True,nepal_police,86,4
32767,2016-07-15,28.35288,83.27139,"83.27139,28.35288",Landslide at Dhorpatan Municipality-4,True,True,nepal_police,84,3
32772,2016-07-16,28.09848,83.31058,"83.31058,28.09848",Landslide at Resunga Municipality-14,True,True,nepal_police,90,4
32773,2016-07-16,28.35288,83.27139,"83.27139,28.35288",Landslide at Dhorpatan Municipality-4,True,True,nepal_police,84,4
32775,2016-07-15,27.92448,85.24446,"85.24446,27.92448",Landslide at Suryagadhi Rural Municipality-4,True,True,nepal_police,94,3
32777,2016-07-15,29.67916,82.30447,"82.30447,29.67916",Landslide at Mugum Karmarong Rural Municipality-7,True,True,nepal_police,26,3
32782,2016-07-17,29.5579,81.49045,"81.49045,29.5579","Landslide at Badhimalika 4, Gaumul Rural Municipality-1",True,True,nepal_police,57,2
32783,2016-07-17,28.9548,83.86811,"83.86811,28.9548",Landslide at Loghekar Damodarkunda Rural Municipality-5,True,True,nepal_police,22,2
32786,2016-07-18,27.61645,84.36001,"84.36001,27.61645",Landslide at Bharatpur Metropolitan City-14,True,True,nepal_police,39,4
32788,2016-07-18,27.90711,85.75568,"85.75568,27.90711",Landslide at Jugal Rural Municipality-2,True,True,nepal_police,86,4
32790,2016-07-16,29.50844,80.57647,"80.57647,29.50844",Landslide at Surnaya Rural Municipality-5,True,True,nepal_police,73,4
32797,2016-07-18,29.7171,81.15534,"81.15534,29.7171",Landslide at Surma Rural Municipality-1,True,True,nepal_police,38,4
32802,2016-07-18,27.4427,85.08797,"85.08797,27.4427",Landslide at Makawanpurgadhi Rural Municipality-5,True,True,nepal_police,52,4
32808,2016-07-20,27.14773,87.78498,"87.78498,27.14773",Landslide at Phidim Municipality-11,True,True,nepal_police,83,4
32809,2016-07-20,27.60988,87.82613,"87.82613,27.60988",Landslide at Phaktanglung Rural Municipality-6,True,True,nepal_police,148,4
32810,2016-07-20,27.90711,85.75568,"85.75568,27.90711",Landslide at Jugal Rural Municipality-2,True,True,nepal_police,86,4
32818,2016-07-21,28.34628,83.99007,"83.99007,28.34628",Landslide at Machhapuchchhre Rural Municipality-2,True,True,nepal_police,61,2
32823,2016-07-21,27.72488,86.68194,"86.68194,27.72488",Landslide at Khumbupasanglahmu Rural Municipality-3,True,True,nepal_police,88,2
32825,2016-07-22,28.05026,83.73811,"83.73811,28.05026",Landslide at Bhirkot Municipality-8,True,True,nepal_police,56,8
32826,2016-07-22,28.1203,82.85541,"82.85541,28.1203",Landslide at Pyuthan Municipality-7,True,True,nepal_police,60,8
32831,2016-07-20,28.54637,83.48729,"83.48729,28.54637",Landslide at Raghuganga Rural Municipality-8,True,True,other,128,4
32832,2016-07-22,28.35288,83.27139,"83.27139,28.35288",Landslide at Dhorpatan Municipality-4,True,True,nepal_police,84,8
32835,2016-07-22,28.05026,83.73811,"83.73811,28.05026",Landslide at Bhirkot Municipality-8,True,True,nepal_police,56,8
32837,2016-07-22,28.05026,83.73811,"83.73811,28.05026",Landslide at Bhirkot Municipality-8,True,True,nepal_police,56,8
32838,2016-07-22,28.32432,82.65523,"82.65523,28.32432",Landslide at Rolpa Municipality-10,True,True,nepal_police,149,8
32839,2016-07-22,28.35288,83.27139,"83.27139,28.35288",Landslide at Dhorpatan Municipality-4,True,True,nepal_police,84,8
32844,2016-07-22,28.05026,83.73811,"83.73811,28.05026",Landslide at Bhirkot Municipality-8,True,True,nepal_police,56,8
32854,2016-07-23,28.00638,84.94688,"84.94688,28.00638",Landslide at Netrawati Dabjong Rural Municipality-1,True,True,nepal_police,86,5
32856,2016-07-23,28.05026,83.73811,"83.73811,28.05026",Landslide at Bhirkot Municipality-8,True,True,nepal_police,56,5
32875,2016-07-23,28.27345,84.8101,"84.8101,28.27345",Landslide at Dharche Rural Municipality-5,True,True,other,82,5
32876,2016-07-23,27.60988,87.82613,"87.82613,27.60988",Landslide at Phaktanglung Rural Municipality-6,True,True,other,148,5
32890,2016-07-25,27.18536,85.90753,"85.90753,27.18536",Landslide at Kamalamai Municipality-5,True,True,other,36,3
32902,2016-07-26,27.82173,83.63419,"83.63419,27.82173",Landslide at Mathagadhi Rural Municipality-1,True,True,nepal_police,79,47
32903,2016-07-26,27.92448,85.24446,"85.24446,27.92448",Landslide at Suryagadhi Rural Municipality-4,True,True,nepal_police,94,47
32904,2016-07-26,29.7171,81.15534,"81.15534,29.7171",Landslide at Surma Rural Municipality-1,True,True,nepal_police,38,47
32905,2016-07-26,26.93279,86.66463,"86.66463,26.93279",Landslide at Rautamai Rural Municipality-7,True,True,nepal_police,31,47
32907,2016-07-26,27.4427,85.08797,"85.08797,27.4427",Landslide at Makawanpurgadhi Rural Municipality-5,True,True,nepal_police,52,47
32908,2016-07-26,27.53685,86.18811,"86.18811,27.53685",Landslide at Gokulganga Rural Municipality-4,True,True,other,49,47
32909,2016-07-26,28.35288,83.27139,"83.27139,28.35288",Landslide at Dhorpatan Municipality-4,True,True,nepal_police,84,47
32910,2016-07-26,27.82173,83.63419,"83.63419,27.82173",Landslide at Mathagadhi Rural Municipality-1,True,True,nepal_police,79,47
32911,2016-07-26,26.93279,86.66463,"86.66463,26.93279",Landslide at Rautamai Rural Municipality-7,True,True,nepal_police,31,47
32912,2016-07-26,28.09848,83.31058,"83.31058,28.09848",Landslide at Resunga Municipality-14,True,True,nepal_police,90,47
32913,2016-07-26,28.1203,82.85541,"82.85541,28.1203",Landslide at Pyuthan Municipality-7,True,True,other,60,47
32914,2016-07-26,28.09848,83.31058,"83.31058,28.09848",Landslide at Resunga Municipality-14,True,True,nepal_police,90,47
32916,2016-07-26,28.09848,83.31058,"83.31058,28.09848",Landslide at Resunga Municipality-14,True,True,other,90,47
32918,2016-07-26,27.94393,83.04234,"83.04234,27.94393",Landslide at Bhumekasthan Municipality-7,True,True,other,50,47
32923,2016-07-26,28.35288,83.27139,"83.27139,28.35288",Landslide at Dhorpatan Municipality-4,True,True,other,84,47
32928,2016-07-25,27.54493,85.63649,"85.63649,27.54493",Landslide at Namobuddha Municipality-7,True,True,nepal_police,59,3
32929,2016-07-26,27.67418,85.44123,"85.44123,27.67418",Landslide at Bhaktapur Municipality-9,True,True,nepal_police,31,47
32931,2016-07-26,27.14773,87.78498,"87.78498,27.14773",Landslide at Phidim Municipality-11,True,True,nepal_police,83,47
32942,2016-07-26,28.1203,82.85541,"82.85541,28.1203",Landslide at Pyuthan Municipality-7,True,True,other,60,47
32944,2016-07-26,28.1203,82.85541,"82.85541,28.1203",Landslide at Pyuthan Municipality-7,True,True,other,60,47
32946,2016-07-26,28.32432,82.65523,"82.65523,28.32432",Landslide at Rolpa Municipality-10,True,True,nepal_police,149,47
32949,2016-07-26,28.28362,84.43609,"84.43609,28.28362",Landslide at Marsyangdi Rural Municipality-7,True,True,nepal_police,56,47
32965,2016-07-26,28.54637,83.48729,"83.48729,28.54637",Landslide at Raghuganga Rural Municipality-8,True,True,other,128,47
32966,2016-07-26,27.82173,83.63419,"83.63419,27.82173",Landslide at Mathagadhi Rural Municipality-1,True,True,nepal_police,79,47
32967,2016-07-26,27.94393,83.04234,"83.04234,27.94393",Landslide at Bhumekasthan Municipality-7,True,True,nepal_police,50,47
32968,2016-07-26,28.32432,82.65523,"82.65523,28.32432",Landslide at Rolpa Municipality-10,True,True,nepal_police,149,47
32969,2016-07-26,27.82173,83.63419,"83.63419,27.82173",Landslide at Mathagadhi Rural Municipality-1,True,True,other,79,47
32970,2016-07-26,27.69912,85.37856,"85.37856,27.69912",Landslide at Kageshwori Manahora Municipality-9,True,True,nepal_police,61,47
32971,2016-07-26,28.35288,83.27139,"83.27139,28.35288",Landslide at Dhorpatan Municipality-4,True,True,nepal_police,84,47
32972,2016-07-26,28.32432,82.65523,"82.65523,28.32432",Landslide at Rolpa Municipality-10,True,True,nepal_police,149,47
32973,2016-07-26,27.90711,85.75568,"85.75568,27.90711",Landslide at Jugal Rural Municipality-2,True,True,nepal_police,86,47
32974,2016-07-27,28.20228,83.69519,"83.69519,28.20228",Landslide at Kushma Municipality-10,True,True,nepal_police,56,5
32977,2016-07-26,28.09848,83.31058,"83.31058,28.09848",Landslide at Resunga Municipality-14,True,True,other,90,47
32978,2016-07-26,28.09848,83.31058,"83.31058,28.09848",Landslide at Resunga Municipality-14,True,True,other,90,47
32979,2016-07-26,28.09848,83.31058,"83.31058,28.09848",Landslide at Resunga Municipality-14,True,True,other,90,47
32980,2016-07-26,28.09848,83.31058,"83.31058,28.09848",Landslide at Resunga Municipality-14,True,True,other,90,47
32981,2016-07-26,28.09848,83.31058,"83.31058,28.09848",Landslide at Resunga Municipality-14,True,True,other,90,47
32985,2016-07-27,27.93572,84.24996,"84.24996,27.93572",Landslide at Rhishing Rural Municipality-1,True,True,nepal_police,54,5
32986,2016-07-27,28.32432,82.65523,"82.65523,28.32432",Landslide at Rolpa Municipality-10,True,True,nepal_police,149,5
32988,2016-07-26,28.09848,83.31058,"83.31058,28.09848",Landslide at Resunga Municipality-14,True,True,other,90,47
33012,2016-07-26,28.1203,82.85541,"82.85541,28.1203",Landslide at Pyuthan Municipality-7,True,True,other,60,47
33013,2016-07-26,28.1203,82.85541,"82.85541,28.1203",Landslide at Pyuthan Municipality-7,True,True,other,60,47
33014,2016-07-26,28.1203,82.85541,"82.85541,28.1203",Landslide at Pyuthan Municipality-7,True,True,other,60,47
33015,2016-07-26,28.1203,82.85541,"82.85541,28.1203",Landslide at Pyuthan Municipality-7,True,True,other,60,47
33016,2016-07-26,28.1203,82.85541,"82.85541,28.1203",Landslide at Pyuthan Municipality-7,True,True,other,60,47
33017,2016-07-26,28.1203,82.85541,"82.85541,28.1203",Landslide at Pyuthan Municipality-7,True,True,other,60,47
33020,2016-07-27,26.88507,87.89616,"87.89616,26.88507",Landslide at Illam Municipality-12,True,True,nepal_police,71,5
33021,2016-07-27,28.54637,83.48729,"83.48729,28.54637",Landslide at Raghuganga Rural Municipality-8,True,True,nepal_police,128,5
33024,2016-07-26,28.35288,83.27139,"83.27139,28.35288",Landslide at Dhorpatan Municipality-4,True,True,other,84,47
33026,2016-07-23,27.4427,85.08797,"85.08797,27.4427",Landslide at Makawanpurgadhi Rural Municipality-5,True,True,other,52,5
33029,2016-07-28,28.05026,83.73811,"83.73811,28.05026",Landslide at Bhirkot Municipality-8,True,True,nepal_police,56,9
33032,2016-07-28,28.09848,83.31058,"83.31058,28.09848",Landslide at Resunga Municipality-14,True,True,other,90,9
33033,2016-07-28,28.09848,83.31058,"83.31058,28.09848",Landslide at Resunga Municipality-14,True,True,other,90,9
33034,2016-07-28,28.09848,83.31058,"83.31058,28.09848",Landslide at Resunga Municipality-14,True,True,other,90,9
33035,2016-07-28,28.09848,83.31058,"83.31058,28.09848",Landslide at Resunga Municipality-14,True,True,other,90,9
33036,2016-07-28,28.09848,83.31058,"83.31058,28.09848",Landslide at Resunga Municipality-14,True,True,other,90,9
33037,2016-07-28,28.09848,83.31058,"83.31058,28.09848",Landslide at Resunga Municipality-14,True,True,other,90,9
33038,2016-07-28,28.09848,83.31058,"83.31058,28.09848",Landslide at Resunga Municipality-14,True,True,other,90,9
33043,2016-07-29,28.09848,83.31058,"83.31058,28.09848",Landslide at Resunga Municipality-14,True,True,other,90,4
33044,2016-07-30,27.54493,85.63649,"85.63649,27.54493",Landslide at Namobuddha Municipality-7,True,True,nepal_police,59,3
33046,2016-07-30,28.54637,83.48729,"83.48729,28.54637",Landslide at Raghuganga Rural Municipality-8,True,True,nepal_police,128,3
33048,2016-07-28,28.35288,83.27139,"83.27139,28.35288",Landslide at Dhorpatan Municipality-4,True,True,other,84,9
33067,2016-07-29,29.7171,81.15534,"81.15534,29.7171",Landslide at Surma Rural Municipality-1,True,True,nepal_police,38,4
33068,2016-07-29,28.54637,83.48729,"83.48729,28.54637",Landslide at Raghuganga Rural Municipality-8,True,True,nepal_police,128,4
33091,2016-07-26,28.1203,82.85541,"82.85541,28.1203",Landslide at Pyuthan Municipality-7,True,True,other,60,47
33092,2016-07-29,28.54637,83.48729,"83.48729,28.54637",Landslide at Raghuganga Rural Municipality-8,True,True,other,128,4
33096,2016-08-01,29.5579,81.49045,"81.49045,29.5579","Landslide at Badhimalika 8, Gaumul Rural Municipality-1",True,True,nepal_police,57,1
33106,2016-07-30,28.73381,82.67046,"82.67046,28.73381",Landslide at Sisne Rural Municipality-1,True,True,other,15,3
33107,2016-07-19,27.54796,85.33968,"85.33968,27.54796",Landslide at Konjyosom Rural Municipality-4,True,True,other,105,2
33108,2016-07-19,27.54796,85.33968,"85.33968,27.54796",Landslide at Konjyosom Rural Municipality-4,True,True,other,105,2
33114,2016-07-31,27.15572,86.7091,"86.7091,27.15572",Landslide at Halesi Tuwachung Municipality-11,True,True,nepal_police,68,3
33122,2016-08-03,27.82349,86.22218,"86.22218,27.82349",Landslide at Bigu Rural Municipality-1,True,True,nepal_police,62,2
33123,2016-08-03,27.82349,86.22218,"86.22218,27.82349",Landslide at Bigu Rural Municipality-1,True,True,nepal_police,62,2
33136,2016-08-06,29.50844,80.57647,"80.57647,29.50844",Landslide at Surnaya Rural Municipality-5,True,True,nepal_police,73,1
33145,2016-07-31,27.15572,86.7091,"86.7091,27.15572",Landslide at Halesi Tuwachung Municipality-11,True,True,nepal_police,68,3
33146,2016-07-31,27.15572,86.7091,"86.7091,27.15572",Landslide at Halesi Tuwachung Municipality-11,True,True,nepal_police,68,3
33165,2016-07-02,28.35288,83.27139,"83.27139,28.35288",Landslide at Dhorpatan Municipality-4,True,True,other,84,3
33168,2016-08-07,28.27345,84.8101,"84.8101,28.27345",Landslide at Dharche Rural Municipality-5,True,True,other,82,1
33178,2016-08-08,27.90711,85.75568,"85.75568,27.90711",Landslide at Jugal Rural Municipality-2,True,True,nepal_police,86,1
33181,2016-08-09,27.82349,86.22218,"86.22218,27.82349",Landslide at Bigu Rural Municipality-1,True,True,nepal_police,62,1
33182,2016-07-26,26.88507,87.89616,"87.89616,26.88507",Landslide at Illam Municipality-12,True,True,nepal_police,71,47
33187,2016-08-10,29.50844,80.57647,"80.57647,29.50844",Landslide at Surnaya Rural Municipality-5,True,True,nepal_police,73,1
33194,2016-08-11,29.67916,82.30447,"82.30447,29.67916",Landslide at Mugum Karmarong Rural Municipality-7,True,True,nepal_police,26,1
33201,2016-07-25,26.88507,87.89616,"87.89616,26.88507",Landslide at Illam Municipality-12,True,True,other,71,3
33202,2016-07-26,26.88507,87.89616,"87.89616,26.88507",Landslide at Illam Municipality-12,True,True,other,71,47
33213,2016-08-16,28.1755,85.46091,"85.46091,28.1755",Landslide at Gosaikunda Rural Municipality-4,True,True,nepal_police,53,4
33214,2016-08-16,27.82349,86.22218,"86.22218,27.82349",Landslide at Bigu Rural Municipality-1,True,True,nepal_police,62,4
33215,2016-08-16,27.82349,86.22218,"86.22218,27.82349",Landslide at Bigu Rural Municipality-1,True,True,nepal_police,62,4
33228,2016-08-16,30.02618,81.88546,"81.88546,30.02618",Landslide at Simkot Rural Municipality-3,True,True,other,36,4
33229,2016-08-19,28.1755,85.46091,"85.46091,28.1755",Landslide at Gosaikunda Rural Municipality-4,True,True,nepal_police,53,1
33279,2016-08-28,29.06417,81.30663,"81.30663,29.06417",Landslide at Kamalbazar Municipality-7,True,True,nepal_police,19,1
33296,2016-08-30,27.4427,85.08797,"85.08797,27.4427",Landslide at Makawanpurgadhi Rural Municipality-5,True,True,nepal_police,52,1
33298,2016-09-01,27.82349,86.22218,"86.22218,27.82349",Landslide at Bigu Rural Municipality-1,True,True,nepal_police,62,1
33304,2016-09-03,27.53685,86.18811,"86.18811,27.53685",Landslide at Gokulganga Rural Municipality-4,True,True,nepal_police,49,6
33305,2016-09-03,27.17377,87.09084,"87.09084,27.17377",Landslide at Bhojpur Municipality-11,True,True,other,65,6
33306,2016-09-03,27.60988,87.82613,"87.82613,27.60988",Landslide at Phaktanglung Rural Municipality-6,True,True,other,148,6
33307,2016-09-03,27.60988,87.82613,"87.82613,27.60988",Landslide at Phaktanglung Rural Municipality-6,True,True,nepal_police,148,6
33308,2016-09-03,28.34628,83.99007,"83.99007,28.34628",Landslide at Machhapuchchhre Rural Municipality-2,True,True,nepal_police,61,6
33315,2016-09-02,27.93572,84.24996,"84.24996,27.93572",Landslide at Rhishing Rural Municipality-1,True,True,nepal_police,54,2
33316,2016-09-04,28.05026,83.73811,"83.73811,28.05026",Landslide at Bhirkot Municipality-8,True,True,nepal_police,56,2
33317,2016-09-03,28.54637,83.48729,"83.48729,28.54637",Landslide at Raghuganga Rural Municipality-8,True,True,other,128,6
33318,2016-09-02,27.17377,87.09084,"87.09084,27.17377",Landslide at Bhojpur Municipality-11,True,True,other,65,2
33321,2016-09-04,28.34628,83.99007,"83.99007,28.34628",Landslide at Machhapuchchhre Rural Municipality-2,True,True,nepal_police,61,2
33338,2016-09-06,27.72488,86.68194,"86.68194,27.72488",Landslide at Khumbupasanglahmu Rural Municipality-3,True,True,nepal_police,88,1
33344,2016-09-07,28.00638,84.94688,"84.94688,28.00638",Landslide at Netrawati Dabjong Rural Municipality-1,True,True,nepal_police,86,2
33346,2016-09-08,28.34628,83.99007,"83.99007,28.34628",Landslide at Machhapuchchhre Rural Municipality-2,True,True,nepal_police,61,2
33348,2016-09-08,28.34628,83.99007,"83.99007,28.34628",Landslide at Machhapuchchhre Rural Municipality-2,True,True,nepal_police,61,2
33350,2016-09-07,28.34628,83.99007,"83.99007,28.34628",Landslide at Machhapuchchhre Rural Municipality-2,True,True,nepal_police,61,2
33361,2016-09-09,27.38688,87.21569,"87.21569,27.38688",Landslide at Khandbari Municipality-7,True,True,nepal_police,104,1
33370,2016-09-12,27.72488,86.68194,"86.68194,27.72488",Landslide at Khumbupasanglahmu Rural Municipality-3,True,True,nepal_police,88,10
33371,2016-09-12,27.72488,86.68194,"86.68194,27.72488",Landslide at Khumbupasanglahmu Rural Municipality-3,True,True,nepal_police,88,10
33372,2016-09-12,29.21277,83.03833,"83.03833,29.21277",Landslide at Shey Phoksundo Rural Municipality-99,True,True,nepal_police,32,10
33373,2016-09-12,27.18536,85.90753,"85.90753,27.18536",Landslide at Kamalamai Municipality-5,True,True,nepal_police,36,10
33375,2016-09-12,27.72488,86.68194,"86.68194,27.72488",Landslide at Khumbupasanglahmu Rural Municipality-3,True,True,nepal_police,88,10
33376,2016-09-12,27.72488,86.68194,"86.68194,27.72488",Landslide at Khumbupasanglahmu Rural Municipality-3,True,True,nepal_police,88,10
33377,2016-09-12,27.72488,86.68194,"86.68194,27.72488",Landslide at Khumbupasanglahmu Rural Municipality-3,True,True,nepal_police,88,10
33379,2016-09-12,27.72488,86.68194,"86.68194,27.72488",Landslide at Khumbupasanglahmu Rural Municipality-3,True,True,nepal_police,88,10
33381,2016-09-11,27.15572,86.7091,"86.7091,27.15572",Landslide at Halesi Tuwachung Municipality-11,True,True,other,68,1
33385,2016-09-13,28.86981,82.19935,"82.19935,28.86981",Landslide at Kuse Rural Municipality-7,True,True,nepal_police,66,1
33386,2016-09-12,27.72488,86.68194,"86.68194,27.72488",Landslide at Khumbupasanglahmu Rural Municipality-3,True,True,nepal_police,88,10
33387,2016-09-12,27.72488,86.68194,"86.68194,27.72488",Landslide at Khumbupasanglahmu Rural Municipality-3,True,True,nepal_police,88,10
33448,2016-09-15,27.33592,86.44629,"86.44629,27.33592",Landslide at Molung Rural Municipality-1,True,True,nepal_police,71,1
33452,2016-09-16,28.27345,84.8101,"84.8101,28.27345",Landslide at Dharche Rural Municipality-5,True,True,other,82,3
33453,2016-09-16,27.60988,87.82613,"87.82613,27.60988",Landslide at Phaktanglung Rural Municipality-6,True,True,nepal_police,148,3
33456,2016-09-16,27.69912,85.37856,"85.37856,27.69912",Landslide at Kageshwori Manahora Municipality-9,True,True,nepal_police,61,3
33470,2016-09-19,28.35288,83.27139,"83.27139,28.35288",Landslide at Dhorpatan Municipality-4,True,True,nepal_police,84,1
33477,2016-09-20,28.09848,83.31058,"83.31058,28.09848",Landslide at Resunga Municipality-14,True,True,nepal_police,90,5
33491,2016-09-21,27.00791,87.36671,"87.36671,27.00791",Landslide at Dhankuta Municipality-2,True,True,nepal_police,53,4
33492,2016-09-21,26.93279,86.66463,"86.66463,26.93279","Landslide at Jalpachilaune-4, Rautamai Rural Municipality-7",True,True,nepal_police,31,4
33494,2016-09-20,27.17377,87.09084,"87.09084,27.17377",Landslide at Bhojpur Municipality-11,True,True,nepal_police,65,5
33495,2016-09-20,27.17377,87.09084,"87.09084,27.17377",Landslide at Bhojpur Municipality-11,True,True,nepal_police,65,5
33496,2016-09-20,27.17377,87.09084,"87.09084,27.17377",Landslide at Bhojpur Municipality-11,True,True,nepal_police,65,5
33498,2016-09-20,26.93279,86.66463,"86.66463,26.93279",Landslide at Rautamai Rural Municipality-7,True,True,nepal_police,31,5
33501,2016-09-21,27.15572,86.7091,"86.7091,27.15572",Landslide at Halesi Tuwachung Municipality-11,True,True,nepal_police,68,4
33504,2016-09-21,27.38688,87.21569,"87.21569,27.38688",Landslide at Khandbari Municipality-7,True,True,other,104,4
33509,2016-09-22,28.27345,84.8101,"84.8101,28.27345",Landslide at Dharche Rural Municipality-5,True,True,other,82,1
33513,2016-09-24,27.38688,87.21569,"87.21569,27.38688",Landslide at Khandbari Municipality-7,True,True,nepal_police,104,1
33515,2016-09-23,26.93279,86.66463,"86.66463,26.93279",Landslide at Rautamai Rural Municipality-7,True,True,nepal_police,31,1
33517,2016-09-25,27.72488,86.68194,"86.68194,27.72488",Landslide at Khumbupasanglahmu Rural Municipality-3,True,True,nepal_police,88,1
33524,2016-09-26,27.15572,86.7091,"86.7091,27.15572",Landslide at Halesi Tuwachung Municipality-11,True,True,nepal_police,68,1
33533,2016-10-01,27.90711,85.75568,"85.75568,27.90711",Landslide at Jugal Rural Municipality-2,True,True,nepal_police,86,1
33543,2016-10-03,27.69912,85.37856,"85.37856,27.69912",Landslide at Kageshwori Manahora Municipality-9,True,True,nepal_police,61,2
33547,2016-10-03,28.54637,83.48729,"83.48729,28.54637",Landslide at Raghuganga Rural Municipality-8,True,True,nepal_police,128,2
33556,2016-10-06,27.92448,85.24446,"85.24446,27.92448",Landslide at Suryagadhi Rural Municipality-4,True,True,nepal_police,94,1
33570,2016-10-11,26.88507,87.89616,"87.89616,26.88507",Landslide at Illam Municipality-12,True,True,nepal_police,71,1
34058,2017-01-29,27.67418,85.44123,"85.44123,27.67418",Landslide at Bhaktapur Municipality-9,True,True,nepal_police,31,1
34265,2017-03-05,28.35288,83.27139,"83.27139,28.35288",Landslide at Dhorpatan Municipality-4,True,True,nepal_police,84,1
34422,2017-03-30,27.53685,86.18811,"86.18811,27.53685",Landslide at Gokulganga Rural Municipality-4,True,True,nepal_police,49,1
34443,2016-07-26,28.1203,82.85541,"82.85541,28.1203",Landslide at Pyuthan Municipality-7,True,True,other,60,47
34458,2017-04-02,27.61645,84.36001,"84.36001,27.61645",Landslide at Bharatpur Metropolitan City-14,True,True,nepal_police,39,1
34459,2017-04-03,27.61645,84.36001,"84.36001,27.61645",Landslide at Bharatpur Metropolitan City-14,True,True,nepal_police,39,1
34594,2017-04-14,27.61645,84.36001,"84.36001,27.61645","Landslide at Ichhakamana-6, Bharatpur Metropolitan City-14",True,True,nepal_police,39,1
34625,2017-04-19,27.54796,85.33968,"85.33968,27.54796",Landslide at Konjyosom Rural Municipality-4,True,True,nepal_police,105,1
34638,2017-04-20,29.21559,81.74506,"81.74506,29.21559","Landslide at Narharinath-1, Pachaljharana Rural Municipality-3",True,True,nepal_police,81,1
34644,2017-04-22,28.73381,82.67046,"82.67046,28.73381",Landslide at Sisne Rural Municipality-1,True,True,nepal_police,15,1
34645,2017-04-23,27.54493,85.63649,"85.63649,27.54493",Landslide at Namobuddha Municipality-7,True,True,nepal_police,59,1
34761,2017-05-05,27.90711,85.75568,"85.75568,27.90711","Landslide at Bhotekoshi-4, Jugal Rural Municipality-2",True,True,nepal_police,86,1
34778,2017-05-06,28.27345,84.8101,"84.8101,28.27345","Landslide at Siranchok-4, Dharche Rural Municipality-5",True,True,nepal_police,82,1
34904,2017-05-23,28.20228,83.69519,"83.69519,28.20228",Landslide at Kushma Municipality-10,True,True,other,56,1
34947,2017-05-13,28.35288,83.27139,"83.27139,28.35288",Landslide at Dhorpatan Municipality-4,True,True,other,84,1
35011,2017-06-18,27.61645,84.36001,"84.36001,27.61645","Landslide at Ichhakamana-6, Bharatpur Metropolitan City-14",True,True,nepal_police,39,1
35013,2017-06-17,28.28362,84.43609,"84.43609,28.28362",Landslide at Marsyangdi Rural Municipality-7,True,True,other,56,1
35019,2017-06-19,27.60988,87.82613,"87.82613,27.60988","Landslide at Siringjanga-6, Phaktanglung Rural Municipality-6",True,True,other,148,1
35023,2017-06-22,27.61645,84.36001,"84.36001,27.61645","Landslide at Ichhakamana-6, Bharatpur Metropolitan City-14",True,True,nepal_police,39,1
35038,2017-06-27,28.34628,83.99007,"83.99007,28.34628",Landslide at Machhapuchchhre Rural Municipality-2,True,True,other,61,3
35041,2017-06-28,27.82349,86.22218,"86.22218,27.82349",Landslide at Bigu Rural Municipality-1,True,True,nepal_police,62,4
35048,2017-06-28,28.00638,84.94688,"84.94688,28.00638",Landslide at Netrawati Dabjong Rural Municipality-1,True,True,nepal_police,86,4
35049,2017-06-27,27.90711,85.75568,"85.75568,27.90711","Landslide at Bhotekoshi-3, Jugal Rural Municipality-2",True,True,nepal_police,86,3
35053,2017-06-28,27.90711,85.75568,"85.75568,27.90711","Landslide at Tripurasundari-2, Jugal Rural Municipality-2",True,True,other,86,4
35054,2017-06-28,27.90711,85.75568,"85.75568,27.90711","Landslide at Bhotekoshi-2, Jugal Rural Municipality-2",True,True,other,86,4
35059,2017-07-01,27.13741,87.5752,"87.5752,27.13741",Landslide at Phedap Rural Municipality-3,True,True,nepal_police,53,2
35061,2017-07-01,28.20228,83.69519,"83.69519,28.20228","Landslide at Manhasila-1, Kushma Municipality-10",True,True,nepal_police,56,2
35065,2017-06-30,27.61645,84.36001,"84.36001,27.61645","Landslide at Ichhakamana-6, Bharatpur Metropolitan City-14",True,True,nepal_police,39,3
35066,2017-06-30,27.90711,85.75568,"85.75568,27.90711","Landslide at Barabise-7, Jugal Rural Municipality-2",True,True,nepal_police,86,3
35071,2017-07-02,28.34628,83.99007,"83.99007,28.34628",Landslide at Machhapuchchhre Rural Municipality-2,True,True,nepal_police,61,6
35072,2017-07-02,28.34628,83.99007,"83.99007,28.34628",Landslide at Machhapuchchhre Rural Municipality-2,True,True,nepal_police,61,6
35073,2017-07-02,28.34628,83.99007,"83.99007,28.34628",Landslide at Machhapuchchhre Rural Municipality-2,True,True,other,61,6
35074,2017-07-02,28.34628,83.99007,"83.99007,28.34628",Landslide at Machhapuchchhre Rural Municipality-2,True,True,nepal_police,61,6
35076,2017-06-29,28.05026,83.73811,"83.73811,28.05026","Landslide at Aadhikhola-6, Bhirkot Municipality-8",True,True,other,56,1
35082,2017-07-02,28.1203,82.85541,"82.85541,28.1203","Landslide at Gaumukhi-3, Pyuthan Municipality-7",True,True,nepal_police,60,6
35083,2017-07-02,28.1203,82.85541,"82.85541,28.1203","Landslide at Naubahini-2, Pyuthan Municipality-7",True,True,nepal_police,60,6
35085,2017-06-30,27.60988,87.82613,"87.82613,27.60988","Landslide at Phattanglung-1, Phaktanglung Rural Municipality-6",True,True,other,148,3
35087,2017-07-03,27.53685,86.18811,"86.18811,27.53685",Landslide at Gokulganga Rural Municipality-4,True,True,nepal_police,49,1
35090,2017-07-04,27.82173,83.63419,"83.63419,27.82173",Landslide at Mathagadhi Rural Municipality-1,True,True,nepal_police,79,2
35095,2017-06-27,27.38688,87.21569,"87.21569,27.38688","Landslide at Panchankhapan, Khandbari Municipality-7",True,True,nepal_police,104,3
35096,2017-07-04,28.09848,83.31058,"83.31058,28.09848","Landslide at Gulmidarawar, Resunga Municipality-14",True,True,nepal_police,90,2
35099,2017-07-06,27.54796,85.33968,"85.33968,27.54796","Landslide at Bagmati-3, Konjyosom Rural Municipality-4",True,True,nepal_police,105,1
35110,2017-07-07,28.86981,82.19935,"82.19935,28.86981","Landslide at Tribeni Nalagad-12, Kuse Rural Municipality-7",True,True,nepal_police,66,2
35111,2017-07-07,28.27345,84.8101,"84.8101,28.27345","Landslide at Dharche-7, Dharche Rural Municipality-5",True,True,nepal_police,82,2
35113,2017-07-09,27.54493,85.63649,"85.63649,27.54493",Landslide at Namobuddha Municipality-7,True,True,nepal_police,59,5
35119,2017-07-09,28.1755,85.46091,"85.46091,28.1755","Landslide at parbatikund- 3, Gosaikunda Rural Municipality-4",True,True,nepal_police,53,5
35124,2017-07-09,27.82173,83.63419,"83.63419,27.82173","Landslide at Rainadebichhahara- 8, Mathagadhi Rural Municipality-1",True,True,nepal_police,79,5
35125,2017-07-09,30.02618,81.88546,"81.88546,30.02618","Landslide at Chinikot- 4, Simkot Rural Municipality-3",True,True,nepal_police,36,5
35128,2017-07-10,28.86981,82.19935,"82.19935,28.86981","Landslide at Bheri-3, Kuse Rural Municipality-7",True,True,nepal_police,66,6
35129,2017-07-10,29.5579,81.49045,"81.49045,29.5579",Landslide at Gaumul Rural Municipality-1,True,True,nepal_police,57,6
35130,2017-07-10,28.34628,83.99007,"83.99007,28.34628",Landslide at Machhapuchchhre Rural Municipality-2,True,True,nepal_police,61,6
35131,2017-07-10,28.05026,83.73811,"83.73811,28.05026",Landslide at Bhirkot Municipality-8,True,True,nepal_police,56,6
35134,2017-07-10,27.72488,86.68194,"86.68194,27.72488","Landslide at Likhupike-3, Khumbupasanglahmu Rural Municipality-3",True,True,nepal_police,88,6
35138,2017-07-10,26.88507,87.89616,"87.89616,26.88507","Landslide at Sandakapur-4, Illam Municipality-12",True,True,nepal_police,71,6
35144,2017-07-11,27.82173,83.63419,"83.63419,27.82173","Landslide at Mathagadhi-6, Mathagadhi Rural Municipality-1",True,True,nepal_police,79,1
35148,2017-07-09,29.7171,81.15534,"81.15534,29.7171","Landslide at Bungal-6, Surma Rural Municipality-1",True,True,other,38,5
35165,2017-07-16,27.60988,87.82613,"87.82613,27.60988","Landslide at Aatharai Tribeni-3, Phaktanglung Rural Municipality-6",True,True,nepal_police,148,1
35172,2017-07-17,28.00638,84.94688,"84.94688,28.00638","Landslide at Tripurasundari-6, Netrawati Dabjong Rural Municipality-1",True,True,nepal_police,86,1
35179,2017-07-18,27.94393,83.04234,"83.04234,27.94393",Landslide at Bhumekasthan Municipality-7,True,True,nepal_police,50,1
35194,2017-07-15,28.00638,84.94688,"84.94688,28.00638","Landslide at Ganga Jamuna-2, Netrawati Dabjong Rural Municipality-1",True,True,other,86,1
35204,2017-07-21,29.18116,80.84086,"80.84086,29.18116","Landslide at Sayal-1, Shikhar Municipality-2",True,True,nepal_police,35,1
35211,2017-07-22,27.72488,86.68194,"86.68194,27.72488","Landslide at Khumbu Pasang Iham, Khumbupasanglahmu Rural Municipality-3",True,True,nepal_police,88,1
35222,2017-07-23,27.69912,85.37856,"85.37856,27.69912",Landslide at Kageshwori Manahora Municipality-9,True,True,nepal_police,61,1
35225,2017-07-24,28.54637,83.48729,"83.48729,28.54637","Landslide at Dhawalagiri- 4, Raghuganga Rural Municipality-8",True,True,nepal_police,128,1
35232,2017-07-26,28.00638,84.94688,"84.94688,28.00638","Landslide at Ganga Jamuna-2, Netrawati Dabjong Rural Municipality-1",True,True,nepal_police,86,1
35235,2017-07-27,29.92362,80.73694,"80.73694,29.92362","Landslide at Mahakali-4, Apihimal Rural Municipality-6",True,True,other,48,1
35247,2017-07-29,26.88507,87.89616,"87.89616,26.88507","Landslide at Deumai-8, Illam Municipality-12",True,True,nepal_police,71,1
35249,2017-07-30,28.35288,83.27139,"83.27139,28.35288","Landslide at Madi-1, Dhorpatan Municipality-4",True,True,other,84,3
35250,2017-07-30,27.69912,85.37856,"85.37856,27.69912",Landslide at Kageshwori Manahora Municipality-9,True,True,nepal_police,61,3
35254,2017-07-30,29.21559,81.74506,"81.74506,29.21559","Landslide at Sani Tribeni-6, Pachaljharana Rural Municipality-3",True,True,nepal_police,81,3
35260,2017-08-01,28.35288,83.27139,"83.27139,28.35288",Landslide at Dhorpatan Municipality-4,True,True,nepal_police,84,1
35264,2017-08-02,27.82349,86.22218,"86.22218,27.82349",Landslide at Bigu Rural Municipality-1,True,True,nepal_police,62,5
35266,2017-08-02,27.72488,86.68194,"86.68194,27.72488","Landslide at Dudhakausika-5, Khumbupasanglahmu Rural Municipality-3",True,True,nepal_police,88,5
35267,2017-08-03,28.00638,84.94688,"84.94688,28.00638",Landslide at Netrawati Dabjong Rural Municipality-1,True,True,nepal_police,86,7
35268,2017-08-02,27.61645,84.36001,"84.36001,27.61645","Landslide at Ichhakamana-6, Bharatpur Metropolitan City-14",True,True,nepal_police,39,5
35269,2017-08-03,27.60988,87.82613,"87.82613,27.60988","Landslide at Atharai Tribeni-1, Phaktanglung Rural Municipality-6",True,True,nepal_police,148,7
35271,2017-08-03,27.72488,86.68194,"86.68194,27.72488","Landslide at Dudhakoshi-4, Khumbupasanglahmu Rural Municipality-3",True,True,nepal_police,88,7
35272,2017-08-03,27.72488,86.68194,"86.68194,27.72488","Landslide at Nechasalyan-6, Khumbupasanglahmu Rural Municipality-3",True,True,nepal_police,88,7
35273,2017-08-02,27.14773,87.78498,"87.78498,27.14773","Landslide at Yangbaska-4, Phidim Municipality-11",True,True,nepal_police,83,5
35286,2017-08-03,27.53685,86.18811,"86.18811,27.53685","Landslide at Sunapati-1, Gokulganga Rural Municipality-4",True,True,nepal_police,49,7
35287,2017-08-04,28.35288,83.27139,"83.27139,28.35288","Landslide at Dorpatan-5, Dhorpatan Municipality-4",True,True,nepal_police,84,4
35297,2017-08-02,27.13741,87.5752,"87.5752,27.13741",Landslide at Phedap Rural Municipality-3,True,True,nepal_police,53,5
35298,2017-08-03,28.35288,83.27139,"83.27139,28.35288",Landslide at Dhorpatan Municipality-4,True,True,other,84,7
35299,2017-08-04,28.35288,83.27139,"83.27139,28.35288",Landslide at Dhorpatan Municipality-4,True,True,other,84,4
35315,2017-08-04,29.7171,81.15534,"81.15534,29.7171","Landslide at Khaptad Chhana-1, Surma Rural Municipality-1",True,True,nepal_police,38,4
35316,2017-08-04,29.7171,81.15534,"81.15534,29.7171","Landslide at Khaptad Chhana-4, Surma Rural Municipality-1",True,True,nepal_police,38,4
35317,2017-08-03,27.72488,86.68194,"86.68194,27.72488","Landslide at Dudhakaushika-1, Khumbupasanglahmu Rural Municipality-3",True,True,nepal_police,88,7
35325,2017-08-06,28.35288,83.27139,"83.27139,28.35288",Landslide at Dhorpatan Municipality-4,True,True,nepal_police,84,4
35327,2017-08-06,28.1755,85.46091,"85.46091,28.1755","Landslide at Uttaragaya-4, Gosaikunda Rural Municipality-4",True,True,nepal_police,53,4
35331,2017-08-06,27.60988,87.82613,"87.82613,27.60988",Landslide at Phaktanglung Rural Municipality-6,True,True,other,148,4
35333,2017-08-07,28.00638,84.94688,"84.94688,28.00638",Landslide at Netrawati Dabjong Rural Municipality-1,True,True,nepal_police,86,2
35342,2017-08-08,26.88507,87.89616,"87.89616,26.88507",Landslide at Illam Municipality-12,True,True,nepal_police,71,2
35343,2017-08-08,27.53685,86.18811,"86.18811,27.53685",Landslide at Gokulganga Rural Municipality-4,True,True,nepal_police,49,2
35345,2017-08-06,27.60988,87.82613,"87.82613,27.60988","Landslide at Sidingwa-1,4, Phaktanglung Rural Municipality-6",True,True,other,148,4
35351,2017-08-09,28.00638,84.94688,"84.94688,28.00638","Landslide at Rubibhayali-4, Netrawati Dabjong Rural Municipality-1",True,True,nepal_police,86,1
35363,2017-08-07,27.18536,85.90753,"85.90753,27.18536","Landslide at Tinapatan-6, Kamalamai Municipality-5",True,True,nepal_police,36,2
35365,2017-08-10,28.9548,83.86811,"83.86811,28.9548","Landslide at Thasang-4, Loghekar Damodarkunda Rural Municipality-5",True,True,nepal_police,22,1
35371,2017-08-11,28.34628,83.99007,"83.99007,28.34628",Landslide at Machhapuchchhre Rural Municipality-2,True,True,nepal_police,61,8
35372,2017-08-11,28.35288,83.27139,"83.27139,28.35288",Landslide at Dhorpatan Municipality-4,True,True,nepal_police,84,8
35377,2017-08-11,27.13741,87.5752,"87.5752,27.13741",Landslide at Phedap Rural Municipality-3,True,True,nepal_police,53,8
35393,2017-08-11,27.14773,87.78498,"87.78498,27.14773","Landslide at Phalelung-1, Phidim Municipality-11",True,True,nepal_police,83,8
35394,2017-08-11,27.14773,87.78498,"87.78498,27.14773","Landslide at Phalelung-3, Phidim Municipality-11",True,True,nepal_police,83,8
35395,2017-08-11,27.14773,87.78498,"87.78498,27.14773","Landslide at Phalelung-3, Phidim Municipality-11",True,True,nepal_police,83,8
35396,2017-08-12,27.18536,85.90753,"85.90753,27.18536",Landslide at Kamalamai Municipality-5,True,True,nepal_police,36,5
35409,2017-08-12,27.9672,82.44665,"82.44665,27.9672",Landslide at Ghorahi Submetropolitan City-5,True,True,other,14,5
35413,2017-08-11,27.82173,83.63419,"83.63419,27.82173","Landslide at Tinau-3, Mathagadhi Rural Municipality-1",True,True,nepal_police,79,8
35493,2017-08-13,28.65047,81.50876,"81.50876,28.65047",Landslide at Barahtal Rural Municipality-8,True,True,other,24,13
35511,2017-08-13,27.54796,85.33968,"85.33968,27.54796","Landslide at Bagmati-9, Konjyosom Rural Municipality-4",True,True,nepal_police,105,13
35517,2017-08-16,28.4,82.09154,"82.09154,28.4","Landslide at Sa.Na.Pa.- 4 Sunatakura, Sharada Municipality-9",True,True,other,45,3
35519,2017-08-13,26.88507,87.89616,"87.89616,26.88507","Landslide at Mai-8, Illam Municipality-12",True,True,other,71,13
35521,2017-08-13,27.4427,85.08797,"85.08797,27.4427","Landslide at Bakaiya-10, Makawanpurgadhi Rural Municipality-5",True,True,other,52,13
35523,2017-08-13,27.4427,85.08797,"85.08797,27.4427","Landslide at Bagmati-8, Makawanpurgadhi Rural Municipality-5",True,True,other,52,13
35529,2017-08-13,27.61645,84.36001,"84.36001,27.61645","Landslide at Ichhakamana-3, Bharatpur Metropolitan City-14",True,True,nepal_police,39,13
35530,2017-08-13,27.82173,83.63419,"83.63419,27.82173",Landslide at Mathagadhi Rural Municipality-1,True,True,nepal_police,79,13
35531,2017-08-13,27.53685,86.18811,"86.18811,27.53685","Landslide at Umakunda-2, Gokulganga Rural Municipality-4",True,True,nepal_police,49,13
35554,2017-08-12,26.88507,87.89616,"87.89616,26.88507",Landslide at Illam Municipality-12,True,True,nepal_police,71,5
35569,2017-08-13,27.4427,85.08797,"85.08797,27.4427",Landslide at Makawanpurgadhi Rural Municipality-5,True,True,nepal_police,52,13
35570,2017-08-13,27.4427,85.08797,"85.08797,27.4427","Landslide at Baikai-4, Makawanpurgadhi Rural Municipality-5",True,True,nepal_police,52,13
35622,2017-08-12,26.88507,87.89616,"87.89616,26.88507",Landslide at Illam Municipality-12,True,True,other,71,5
35623,2017-08-13,26.88507,87.89616,"87.89616,26.88507",Landslide at Illam Municipality-12,True,True,other,71,13
35629,2017-08-15,27.9672,82.44665,"82.44665,27.9672",Landslide at Ghorahi Submetropolitan City-5,True,True,nepal_police,14,1
35648,2017-08-13,27.61645,84.36001,"84.36001,27.61645","Landslide at Rapti-13, Bharatpur Metropolitan City-14",True,True,nepal_police,39,13
35655,2017-08-13,26.88507,87.89616,"87.89616,26.88507","Landslide at Shantichok, Illam Municipality-12",True,True,nepal_police,71,13
35656,2017-08-14,27.18536,85.90753,"85.90753,27.18536",Landslide at Kamalamai Municipality-5,True,True,nepal_police,36,3
35657,2017-08-14,29.7171,81.15534,"81.15534,29.7171","Landslide at Chhabis Pathibhera-7, Surma Rural Municipality-1",True,True,nepal_police,38,3
35669,2017-08-16,26.88507,87.89616,"87.89616,26.88507","Landslide at Ron-2, Illam Municipality-12",True,True,nepal_police,71,3
35670,2017-08-16,27.61064,84.00745,"84.00745,27.61064",Landslide at Madhyabindu Municipality-15,True,True,nepal_police,2,3
35678,2017-08-11,26.88507,87.89616,"87.89616,26.88507","Landslide at Mai-5, Illam Municipality-12",True,True,nepal_police,71,8
35680,2017-08-14,26.88507,87.89616,"87.89616,26.88507","Landslide at Mai-8, Illam Municipality-12",True,True,nepal_police,71,3
35681,2017-08-17,27.90711,85.75568,"85.75568,27.90711","Landslide at Tripurasundari-4, Jugal Rural Municipality-2",True,True,nepal_police,86,1
35700,2017-08-19,27.61645,84.36001,"84.36001,27.61645","Landslide at Ichhakamana-6, Bharatpur Metropolitan City-14",True,True,nepal_police,39,2
35701,2017-08-18,29.5579,81.49045,"81.49045,29.5579","Landslide at Chedetah-7, Gaumul Rural Municipality-1",True,True,nepal_police,57,1
35707,2017-08-19,29.21559,81.74506,"81.74506,29.21559","Landslide at Kalika-1, Pachaljharana Rural Municipality-3",True,True,nepal_police,81,2
35709,2017-08-20,27.38688,87.21569,"87.21569,27.38688","Landslide at Madi-4, Khandbari Municipality-7",True,True,nepal_police,104,2
35712,2017-08-20,29.21277,83.03833,"83.03833,29.21277","Landslide at Tripurasundari-4, Shey Phoksundo Rural Municipality-99",True,True,nepal_police,32,2
35717,2017-08-21,28.00638,84.94688,"84.94688,28.00638",Landslide at Netrawati Dabjong Rural Municipality-1,True,True,nepal_police,86,2
35722,2017-08-21,27.90711,85.75568,"85.75568,27.90711",Landslide at Jugal Rural Municipality-2,True,True,nepal_police,86,2
35725,2017-08-23,27.90711,85.75568,"85.75568,27.90711",Landslide at Jugal Rural Municipality-2,True,True,nepal_police,86,1
35774,2017-08-12,26.61037,87.46726,"87.46726,26.61037",Landslide at Belbari Municipality-8,True,True,other,5,5
35785,2017-08-26,27.54493,85.63649,"85.63649,27.54493","Landslide at Mandandeupur-9, Namobuddha Municipality-7",True,True,nepal_police,59,1
35794,2017-08-25,27.60988,87.82613,"87.82613,27.60988","Landslide at Phaktanglung-5, Phaktanglung Rural Municipality-6",True,True,nepal_police,148,1
35795,2017-08-27,28.88537,81.67138,"81.67138,28.88537",Landslide at Mahabu Rural Municipality-2,True,True,nepal_police,26,1
35811,2017-09-01,27.82349,86.22218,"86.22218,27.82349",Landslide at Bigu Rural Municipality-1,True,True,nepal_police,62,2
35812,2017-09-01,27.53685,86.18811,"86.18811,27.53685",Landslide at Gokulganga Rural Municipality-4,True,True,nepal_police,49,2
35815,2017-09-02,27.90711,85.75568,"85.75568,27.90711",Landslide at Jugal Rural Municipality-2,True,True,nepal_police,86,1
35825,2017-09-05,27.72488,86.68194,"86.68194,27.72488","Landslide at Silichung-1, Khumbupasanglahmu Rural Municipality-3",True,True,nepal_police,88,2
35826,2017-09-05,27.72488,86.68194,"86.68194,27.72488","Landslide at Silichung-5, Khumbupasanglahmu Rural Municipality-3",True,True,nepal_police,88,2
35829,2017-09-08,28.73381,82.67046,"82.67046,28.73381","Landslide at Kumakhamalika-6, Sisne Rural Municipality-1",True,True,nepal_police,15,1
35832,2017-09-09,28.1755,85.46091,"85.46091,28.1755","Landslide at Gosaikund-6, Gosaikunda Rural Municipality-4",True,True,other,53,1
35841,2017-09-12,26.88507,87.89616,"87.89616,26.88507","Landslide at Mangsebung-3, Illam Municipality-12",True,True,nepal_police,71,2
35842,2017-09-12,28.28362,84.43609,"84.43609,28.28362","Landslide at Rainas-1, Marsyangdi Rural Municipality-7",True,True,nepal_police,56,2
35844,2017-09-11,26.88507,87.89616,"87.89616,26.88507","Landslide at Mangsebung-3, Illam Municipality-12",True,True,other,71,1
35861,2017-09-18,26.88507,87.89616,"87.89616,26.88507","Landslide at mokkamai , Illam Municipality-12",True,True,nepal_police,71,1
35869,2017-09-20,27.92448,85.24446,"85.24446,27.92448","Landslide at hyakule, Suryagadhi Rural Municipality-4",True,True,nepal_police,94,1
35875,2017-09-22,29.5579,81.49045,"81.49045,29.5579","Landslide at Himali -Ragegauda, Gaumul Rural Municipality-1",True,True,nepal_police,57,2
35876,2017-09-22,29.5579,81.49045,"81.49045,29.5579","Landslide at Himali -Ragegauda, Gaumul Rural Municipality-1",True,True,nepal_police,57,2
35883,2017-09-25,27.38688,87.21569,"87.21569,27.38688","Landslide at Khadbari, Khandbari Municipality-7",True,True,nepal_police,104,1
35896,2017-10-02,27.72488,86.68194,"86.68194,27.72488","Landslide at Necha salyan- 2, Khumbupasanglahmu Rural Municipality-3",True,True,nepal_police,88,1
35899,2017-10-03,27.82173,83.63419,"83.63419,27.82173","Landslide at Tenau - 3 Headbox, Mathagadhi Rural Municipality-1",True,True,nepal_police,79,1
35923,2017-10-13,28.00638,84.94688,"84.94688,28.00638","Landslide at Rubibyali-1, Netrawati Dabjong Rural Municipality-1",True,True,other,86,1
36149,2017-11-26,27.55627,85.31137,"85.31137,27.55627",Landslide at Godawari_Lalitpur Municipality-6,True,True,nepal_police,2,1
36269,2017-12-15,27.92075,83.58994,"83.58994,27.92075",Landslide at Bagnaskali Rural Municipality-6,True,True,nepal_police,2,1
36313,2017-12-22,27.24561,86.79421,"86.79421,27.24561",Landslide at Diktel Rupakot Majhuwagadhi Municipality-2,True,True,nepal_police,1,1
36361,2017-12-27,27.18967,86.41034,"86.41034,27.18967",Landslide at Manebhanjyang Rural Municipality-7,True,True,nepal_police,2,1
36761,2018-02-04,29.27137,81.35947,"81.35947,29.27137",Landslide at Mellekh Rural Municipality-1,True,True,nepal_police,1,1
36869,2018-02-16,27.94618,84.91709,"84.91709,27.94618",Landslide at Neelakantha Municipality-13,True,True,nepal_police,2,1
37032,2018-03-06,28.26923,83.12227,"83.12227,28.26923",Landslide at Badigad Rural Municipality-10,True,True,nepal_police,3,1
37136,2018-03-14,27.64472,86.35321,"86.35321,27.64472",Landslide at Gokulganga Rural Municipality-1,True,True,nepal_police,1,1
37370,2018-04-02,27.06108,86.37531,"86.37531,27.06108",Landslide at Katari Municipality-12,True,True,nepal_police,4,1
37656,2018-04-24,28.31217,84.84381,"84.84381,28.31217",Landslide at Dharche Rural Municipality-3,True,True,other,4,1
37717,2018-04-30,28.24732,83.15602,"83.15602,28.24732",Landslide at Malika Rural Municipality-2,True,True,nepal_police,3,1
37722,2018-05-01,28.83066,81.7749,"81.7749,28.83066",Landslide at Narayan Municipality-11,True,True,nepal_police,2,1
37814,2018-05-08,29.01853,82.68783,"82.68783,29.01853",Landslide at Tripurasundari Municipality-6,True,True,nepal_police,2,1
37879,2018-05-12,28.31217,84.84381,"84.84381,28.31217",Landslide at Dharche Rural Municipality-3,True,True,nepal_police,4,1
37903,2018-05-14,28.49218,83.61615,"83.61615,28.49218",Landslide at Annapurna Rural Municipality-2,True,True,nepal_police,6,1
38007,2018-05-19,28.62749,82.56006,"82.56006,28.62749",Landslide at Sisne Rural Municipality-7,True,True,nepal_police,2,1
38008,2018-05-20,27.77921,84.48542,"84.48542,27.77921",Landslide at Bharatpur Metropolitan City-29,True,True,nepal_police,23,1
38043,2018-05-24,27.74194,83.509,"83.509,27.74194",Landslide at Tinau Rural Municipality-3,True,True,nepal_police,23,3
38048,2018-05-23,27.66941,86.05631,"86.05631,27.66941",Landslide at Bhimeshwor Municipality-3,True,True,nepal_police,3,1
38053,2018-05-24,27.61176,87.31716,"87.31716,27.61176",Landslide at Makalu Rural Municipality-3,True,True,nepal_police,12,3
38054,2018-05-24,27.61176,87.31716,"87.31716,27.61176",Landslide at Makalu Rural Municipality-3,True,True,nepal_police,12,3
38124,2018-05-30,27.55627,85.31137,"85.31137,27.55627",Landslide at Godawari_Lalitpur Municipality-6,True,True,nepal_police,2,1
38133,2018-05-31,28.45688,82.66177,"82.66177,28.45688",Landslide at Thawang Rural Municipality-3,True,True,nepal_police,3,2
38135,2018-05-31,27.52401,86.81481,"86.81481,27.52401",Landslide at Mahakulung Rural Municipality-1,True,True,nepal_police,2,2
38145,2018-06-01,27.74261,82.86572,"82.86572,27.74261",Landslide at Shivaraj Municipality-1,True,True,nepal_police,3,5
38146,2018-06-01,29.08616,81.57468,"81.57468,29.08616",Landslide at Subha Kalika Rural Municipality-1,True,True,nepal_police,7,5
38147,2018-06-01,29.92362,80.73694,"80.73694,29.92362",Landslide at Apihimal Rural Municipality-6,True,True,nepal_police,48,5
38148,2018-06-01,27.82173,83.63419,"83.63419,27.82173",Landslide at Mathagadhi Rural Municipality-1,True,True,nepal_police,79,5
38149,2018-06-01,27.74194,83.509,"83.509,27.74194",Landslide at Tinau Rural Municipality-3,True,True,nepal_police,23,5
38172,2018-06-03,27.81183,84.54786,"84.54786,27.81183",Landslide at Ichchhyakamana Rural Municipality-6,True,True,nepal_police,16,2
38176,2018-06-03,27.15606,87.44789,"87.44789,27.15606",Landslide at Laligurans Municipality-7,True,True,nepal_police,1,2
38190,2018-06-05,27.46457,87.68404,"87.68404,27.46457",Landslide at Phaktanglung Rural Municipality-2,True,True,nepal_police,2,1
38223,2018-06-07,28.17294,84.23697,"84.23697,28.17294",Landslide at MadhyaNepal Municipality-7,True,True,nepal_police,2,1
38229,2018-06-06,28.73884,82.46045,"82.46045,28.73884","Landslide at Banphikot-7, Banfikot Rural Municipality-6",True,True,other,44,1
38306,2018-06-14,27.95959,83.78158,"83.78158,27.95959",Landslide at Waling Municipality-8,True,True,nepal_police,1,1
38313,2018-06-15,28.15699,83.83161,"83.83161,28.15699",Landslide at Aandhikhola Rural Municipality-5,True,True,nepal_police,2,4
38318,2018-06-15,27.34836,87.75264,"87.75264,27.34836",Landslide at Pathibhara Yangwarak Rural Municipality-3,True,True,nepal_police,2,4
38328,2018-06-16,27.4099,87.91471,"87.91471,27.4099",Landslide at Sirijangha Rural Municipality-7,True,True,nepal_police,3,3
38330,2018-06-15,27.38688,87.21569,"87.21569,27.38688",Landslide at Khandbari Municipality-7,True,True,nepal_police,104,4
38336,2018-06-15,27.34868,87.88049,"87.88049,27.34868",Landslide at Sidingba Rural Municipality-6,True,True,nepal_police,4,4
38341,2018-06-16,27.58106,85.17541,"85.17541,27.58106",Landslide at Indrasarowar Rural Municipality-2,True,True,nepal_police,13,3
38344,2018-06-16,28.20201,83.48714,"83.48714,28.20201",Landslide at Galkot Municipality-1,True,True,nepal_police,2,3
38346,2018-06-17,28.14586,83.55952,"83.55952,28.14586",Landslide at Jaimini Municipality-10,True,True,nepal_police,1,9
38348,2018-06-17,27.81183,84.54786,"84.54786,27.81183",Landslide at Ichchhyakamana Rural Municipality-6,True,True,nepal_police,16,9
38349,2018-06-17,28.2327,83.461,"83.461,28.2327",Landslide at Galkot Municipality-2,True,True,nepal_police,1,9
38350,2018-06-17,27.7022,85.61049,"85.61049,27.7022",Landslide at Mandandeupur Municipality-8,True,True,nepal_police,1,9
38352,2018-06-17,27.50652,85.26236,"85.26236,27.50652",Landslide at Bagmati Rural Municipality-2,True,True,nepal_police,2,9
38353,2018-06-17,27.82215,85.22507,"85.22507,27.82215",Landslide at Kakani Rural Municipality-4,True,True,other,5,9
38354,2018-06-17,27.47307,86.15686,"86.15686,27.47307",Landslide at Gokulganga Rural Municipality-6,True,True,nepal_police,2,9
38355,2018-06-17,28.01151,83.92359,"83.92359,28.01151",Landslide at Biruwa Rural Municipality-5,True,True,nepal_police,1,9
38356,2018-06-17,27.3107,87.8266,"87.8266,27.3107",Landslide at Sirijangha Rural Municipality-1,True,True,nepal_police,4,9
38358,2018-06-18,28.05026,83.73811,"83.73811,28.05026",Landslide at Bhirkot Municipality-8,True,True,nepal_police,56,2
38368,2018-06-18,27.74204,85.31981,"85.31981,27.74204",Landslide at Tokha Municipality-11,True,True,nepal_police,1,2
38376,2018-06-20,27.95691,84.56377,"84.56377,27.95691",Landslide at Gorkha Municipality-12,True,True,nepal_police,2,1
38383,2018-06-21,27.22007,87.54637,"87.54637,27.22007",Landslide at Menchayam Rural Municipality-1,True,True,nepal_police,1,2
38390,2018-06-21,28.78399,80.70257,"80.70257,28.78399",Landslide at Gauriganga Municipality-3,True,True,nepal_police,1,2
38423,2018-06-24,27.9662,83.75032,"83.75032,27.9662",Landslide at Waling Municipality-10,True,True,nepal_police,1,1
38435,2018-06-25,28.35288,83.27139,"83.27139,28.35288",Landslide at Dhorpatan Municipality-4,True,True,nepal_police,84,4
38437,2018-06-25,28.03981,83.80636,"83.80636,28.03981",Landslide at Bhirkot Municipality-1,True,True,nepal_police,1,4
38442,2018-06-25,28.28072,83.33588,"83.33588,28.28072",Landslide at Galkot Municipality-10,True,True,other,1,4
38443,2018-06-25,28.23838,83.43722,"83.43722,28.23838",Landslide at Galkot Municipality-6,True,True,other,1,4
38452,2018-06-26,28.12807,83.73013,"83.73013,28.12807",Landslide at Arjunchaupari Rural Municipality-5,True,True,nepal_police,1,1
38467,2018-06-27,28.00638,84.94688,"84.94688,28.00638",Landslide at Netrawati Dabjong Rural Municipality-1,True,True,nepal_police,86,4
38468,2018-06-27,28.04226,85.02229,"85.02229,28.04226",Landslide at Khaniyabash Rural Municipality-5,True,True,other,1,4
38474,2018-06-27,28.01514,84.96001,"84.96001,28.01514",Landslide at Netrawati Dabjong Rural Municipality-1,True,True,other,1,4
38475,2018-06-27,28.03606,84.93818,"84.93818,28.03606",Landslide at Gangajamuna Rural Municipality-4,True,True,other,2,4
38477,2018-06-28,28.12403,84.88521,"84.88521,28.12403",Landslide at Aarughat Rural Municipality-2,True,True,nepal_police,2,1
38514,2018-07-02,27.30569,86.77836,"86.77836,27.30569",Landslide at Diktel Rupakot Majhuwagadhi Municipality-12,True,True,nepal_police,3,8
38515,2018-07-02,27.60417,85.15673,"85.15673,27.60417",Landslide at Indrasarowar Rural Municipality-1,True,True,nepal_police,4,8
38516,2018-07-02,28.35592,81.93633,"81.93633,28.35592",Landslide at Gurbhakot Municipality-1,True,True,nepal_police,1,8
38528,2018-07-02,27.66176,85.02405,"85.02405,27.66176",Landslide at Thaha Municipality-7,True,True,nepal_police,1,8
38529,2018-07-02,28.04281,83.87273,"83.87273,28.04281",Landslide at Biruwa Rural Municipality-2,True,True,nepal_police,1,8
38539,2018-07-02,27.48951,87.25297,"87.25297,27.48951",Landslide at Chichila Rural Municipality-4,True,True,nepal_police,2,8
38541,2018-07-02,28.71804,82.44801,"82.44801,28.71804",Landslide at Banfikot Rural Municipality-6,True,True,nepal_police,1,8
38544,2018-07-03,28.32432,82.65523,"82.65523,28.32432",Landslide at Rolpa Municipality-10,True,True,other,149,4
38545,2018-07-03,28.27345,84.8101,"84.8101,28.27345",Landslide at Dharche Rural Municipality-5,True,True,other,82,4
38546,2018-07-03,27.97337,84.57962,"84.57962,27.97337",Landslide at Gorkha Municipality-11,True,True,other,5,4
38554,2018-07-03,27.42936,87.21453,"87.21453,27.42936",Landslide at Khandbari Municipality-5,True,True,nepal_police,2,4
38556,2018-07-02,28.37641,82.67848,"82.67848,28.37641",Landslide at Rolpa Municipality-10,True,True,nepal_police,8,8
38567,2018-07-05,28.21981,83.9777,"83.9777,28.21981",Landslide at Pokhara Lekhnath Metropolitan City-5,True,True,nepal_police,1,4
38568,2018-07-05,28.23757,83.95315,"83.95315,28.23757",Landslide at Pokhara Lekhnath Metropolitan City-18,True,True,nepal_police,7,4
38573,2018-07-05,28.23757,83.95315,"83.95315,28.23757",Landslide at Pokhara Lekhnath Metropolitan City-18,True,True,nepal_police,7,4
38576,2018-07-05,28.27333,83.87371,"83.87371,28.27333",Landslide at Annapurna Rural Municipality-1,True,True,nepal_police,6,4
38577,2018-07-04,27.22205,86.05942,"86.05942,27.22205",Landslide at Golanjor Rural Municipality-4,True,True,nepal_police,1,1
38596,2018-07-06,27.53553,87.08932,"87.08932,27.53553",Landslide at Silichong Rural Municipality-3,True,True,nepal_police,5,2
38597,2018-07-06,27.50426,87.21947,"87.21947,27.50426",Landslide at Chichila Rural Municipality-3,True,True,nepal_police,1,2
38607,2018-07-08,26.98681,87.99809,"87.99809,26.98681",Landslide at Maijogmai Rural Municipality-6,True,True,nepal_police,4,2
38608,2018-07-08,27.73471,83.98766,"83.98766,27.73471",Landslide at Hupsekot Rural Municipality-6,True,True,nepal_police,1,2
38618,2018-07-09,27.94582,83.42173,"83.42173,27.94582",Landslide at Ruru Rural Municipality-1,True,True,nepal_police,3,4
38620,2018-07-09,27.88273,85.49793,"85.49793,27.88273",Landslide at Helambu Rural Municipality-5,True,True,nepal_police,1,4
38628,2018-07-10,27.70495,86.34223,"86.34223,27.70495",Landslide at Jiri Municipality-1,True,True,nepal_police,2,7
38629,2018-07-09,27.20901,87.94642,"87.94642,27.20901",Landslide at Falelung Rural Municipality-3,True,True,nepal_police,6,4
38630,2018-07-09,26.92637,88.01247,"88.01247,26.92637",Landslide at Maijogmai Rural Municipality-3,True,True,nepal_police,3,4
38631,2018-07-10,27.58372,85.91796,"85.91796,27.58372",Landslide at Doramba Rural Municipality-4,True,True,nepal_police,1,7
38633,2018-07-10,27.83555,85.41488,"85.41488,27.83555",Landslide at Shivapuri Rural Municipality-1,True,True,nepal_police,1,7
38641,2018-07-12,27.57228,85.44631,"85.44631,27.57228",Landslide at Panauti Municipality-2,True,True,nepal_police,2,10
38642,2018-07-12,27.62628,85.52789,"85.52789,27.62628",Landslide at Banepa Municipality-7,True,True,nepal_police,1,10
38643,2018-07-12,27.67657,85.52046,"85.52046,27.67657",Landslide at Banepa Municipality-2,True,True,nepal_police,2,10
38644,2018-07-12,27.4915,85.69929,"85.69929,27.4915",Landslide at Roshi Rural Municipality-9,True,True,nepal_police,2,10
38645,2018-07-12,27.59656,85.47641,"85.47641,27.59656",Landslide at Panauti Municipality-3,True,True,nepal_police,1,10
38647,2018-07-12,27.6953,85.48787,"85.48787,27.6953",Landslide at Changunarayan Municipality-7,True,True,nepal_police,3,10
38648,2018-07-11,28.07601,84.68668,"84.68668,28.07601",Landslide at Gangadev Rural Municipality-6,True,True,nepal_police,1,6
38649,2018-07-10,29.83779,80.69626,"80.69626,29.83779",Landslide at Naugad Rural Municipality-1,True,True,other,1,7
38650,2018-07-10,29.7775,80.70832,"80.70832,29.7775",Landslide at Naugad Rural Municipality-4,True,True,other,3,7
38651,2018-07-10,29.74608,80.67077,"80.67077,29.74608",Landslide at Naugad Rural Municipality-5,True,True,other,2,7
38652,2018-07-10,29.94323,80.60572,"80.60572,29.94323",Landslide at Byas Rural Municipality-5,True,True,other,2,7
38653,2018-07-11,28.35351,83.1007,"83.1007,28.35351",Landslide at Nisikhola Rural Municipality-2,True,True,other,2,6
38659,2018-07-11,28.35351,83.1007,"83.1007,28.35351",Landslide at Nisikhola Rural Municipality-2,True,True,other,2,6
38662,2018-07-12,27.80859,85.17341,"85.17341,27.80859",Landslide at Belkotgadhi Municipality-1,True,True,nepal_police,1,10
38663,2018-07-12,27.84743,85.48364,"85.48364,27.84743",Landslide at Melamchi Municipality-4,True,True,nepal_police,2,10
38664,2018-07-12,27.71412,85.54275,"85.54275,27.71412",Landslide at Mandandeupur Municipality-2,True,True,nepal_police,1,10
38665,2018-07-11,27.55693,86.21637,"86.21637,27.55693",Landslide at Gokulganga Rural Municipality-3,True,True,other,1,6
38666,2018-07-11,27.519,85.94088,"85.94088,27.519",Landslide at Doramba Rural Municipality-2,True,True,other,1,6
38667,2018-07-11,27.52033,86.25048,"86.25048,27.52033",Landslide at Umakunda Rural Municipality-6,True,True,other,2,6
38668,2018-07-12,27.9049,85.16326,"85.16326,27.9049",Landslide at Bidur Municipality-2,True,True,nepal_police,3,10
38682,2018-07-13,27.45665,86.58908,"86.58908,27.45665",Landslide at Solududhakunda Municipality-7,True,True,nepal_police,1,5
38686,2018-07-13,27.57228,85.44631,"85.44631,27.57228",Landslide at Panauti Municipality-2,True,True,nepal_police,2,5
38688,2018-07-13,27.70396,85.45696,"85.45696,27.70396",Landslide at Changunarayan Municipality-5,True,True,nepal_police,3,5
38699,2018-07-13,27.93603,84.70955,"84.70955,27.93603",Landslide at Sahid Lakhan Rural Municipality-9,True,True,nepal_police,1,5
38700,2018-07-13,27.98213,85.28033,"85.28033,27.98213",Landslide at Naukunda Rural Municipality-4,True,True,nepal_police,2,5
38703,2018-07-14,27.53178,86.28946,"86.28946,27.53178",Landslide at Umakunda Rural Municipality-4,True,True,nepal_police,1,6
38704,2018-07-14,27.6953,85.48787,"85.48787,27.6953",Landslide at Changunarayan Municipality-7,True,True,nepal_police,3,6
38713,2018-07-14,27.40333,86.43056,"86.43056,27.40333",Landslide at Molung Rural Municipality-7,True,True,nepal_police,6,6
38714,2018-07-14,27.98333,85.34535,"85.34535,27.98333",Landslide at Tadi Rural Municipality-1,True,True,nepal_police,1,6
38720,2018-07-14,27.66941,86.05631,"86.05631,27.66941",Landslide at Bhimeshwor Municipality-3,True,True,nepal_police,3,6
38721,2018-07-14,27.82964,86.13415,"86.13415,27.82964",Landslide at Bigu Rural Municipality-5,True,True,nepal_police,2,6
38725,2018-07-15,27.30569,86.77836,"86.77836,27.30569",Landslide at Diktel Rupakot Majhuwagadhi Municipality-12,True,True,nepal_police,3,1
38736,2018-07-16,28.50299,82.42854,"82.42854,28.50299",Landslide at Sukidaha Rural Municipality-4,True,True,nepal_police,3,1
38748,2018-07-17,27.42655,87.06431,"87.06431,27.42655",Landslide at Salpasilichho Rural Municipality-3,True,True,nepal_police,1,5
38753,2018-07-17,28.20228,83.69519,"83.69519,28.20228",Landslide at Kushma Municipality-10,True,True,nepal_police,56,5
38754,2018-07-17,28.20228,83.69519,"83.69519,28.20228",Landslide at Kushma Municipality-10,True,True,nepal_police,56,5
38755,2018-07-17,27.84317,85.29775,"85.29775,27.84317",Landslide at Shivapuri Rural Municipality-8,True,True,nepal_police,2,5
38758,2018-07-17,28.1397,84.43451,"84.43451,28.1397",Landslide at Sundarbazar Municipality-9,True,True,nepal_police,2,5
38760,2018-07-18,27.92683,84.66405,"84.66405,27.92683",Landslide at Sahid Lakhan Rural Municipality-6,True,True,nepal_police,1,7
38761,2018-07-18,27.9724,84.67074,"84.67074,27.9724",Landslide at Sahid Lakhan Rural Municipality-7,True,True,nepal_police,1,7
38762,2018-07-18,28.12403,84.88521,"84.88521,28.12403",Landslide at Aarughat Rural Municipality-2,True,True,other,2,7
38764,2018-07-18,28.25121,84.82313,"84.82313,28.25121",Landslide at Dharche Rural Municipality-3,True,True,other,5,7
38766,2018-07-18,28.32991,83.1709,"83.1709,28.32991",Landslide at Dhorpatan Municipality-1,True,True,nepal_police,2,7
38767,2018-07-18,28.32446,83.16755,"83.16755,28.32446",Landslide at Dhorpatan Municipality-1,True,True,nepal_police,2,7
38776,2018-07-19,27.94229,85.22016,"85.22016,27.94229",Landslide at Suryagadhi Rural Municipality-3,True,True,nepal_police,2,5
38780,2018-07-19,27.9049,85.16326,"85.16326,27.9049",Landslide at Bidur Municipality-2,True,True,nepal_police,3,5
38781,2018-07-19,28.11783,84.6262,"84.6262,28.11783",Landslide at Siranchok Rural Municipality-8,True,True,nepal_police,1,5
38782,2018-07-19,27.93192,85.29769,"85.29769,27.93192",Landslide at Tadi Rural Municipality-5,True,True,nepal_police,2,5
38793,2018-07-19,27.87493,85.36771,"85.36771,27.87493",Landslide at Shivapuri Rural Municipality-3,True,True,nepal_police,2,5
38797,2018-07-20,28.9007,82.03398,"82.03398,28.9007",Landslide at Junichande Rural Municipality-6,True,True,nepal_police,2,1
38820,2018-07-21,29.47249,81.11956,"81.11956,29.47249",Landslide at Khaptadchhanna Rural Municipality-1,True,True,nepal_police,1,1
38838,2018-07-23,28.1981,82.76324,"82.76324,28.1981",Landslide at Sunil Smriti Rural Municipality-8,True,True,nepal_police,1,2
38842,2018-07-23,27.77304,87.34105,"87.34105,27.77304",Landslide at Bhotkhola Rural Municipality-3,True,True,nepal_police,1,2
38860,2018-07-25,29.68721,80.55101,"80.55101,29.68721",Landslide at Shailyashikhar Municipality-9,True,True,nepal_police,4,4
38867,2018-07-24,29.1757,80.47951,"80.47951,29.1757",Landslide at Alital Rural Municipality-3,True,True,nepal_police,1,2
38869,2018-07-25,27.49806,85.39853,"85.39853,27.49806",Landslide at Mahankal Rural Municipality-3,True,True,nepal_police,1,4
38872,2018-07-25,27.54934,85.38463,"85.38463,27.54934",Landslide at Konjyosom Rural Municipality-5,True,True,nepal_police,1,4
38877,2018-07-24,27.51847,86.41801,"86.41801,27.51847",Landslide at Likhupike Rural Municipality-2,True,True,nepal_police,2,2
38878,2018-07-25,27.82871,84.96565,"84.96565,27.82871",Landslide at Galchi Rural Municipality-2,True,True,nepal_police,1,4
38881,2018-07-26,28.28117,85.45901,"85.45901,28.28117",Landslide at Gosaikunda Rural Municipality-2,True,True,nepal_police,12,2
38890,2018-07-26,29.32651,82.26726,"82.26726,29.32651",Landslide at Patrasi Rural Municipality-5,True,True,nepal_police,1,2
38903,2018-07-27,27.8742,83.13271,"83.13271,27.8742",Landslide at Sitganga Municipality-2,True,True,nepal_police,5,1
38905,2018-07-28,27.8979,85.29145,"85.29145,27.8979",Landslide at Panchakanya Rural Municipality-2,True,True,nepal_police,1,3
38906,2018-07-28,27.42033,86.7303,"86.7303,27.42033",Landslide at Thulung Dudhkoshi Rural Municipality-5,True,True,nepal_police,2,3
38914,2018-07-28,27.54385,86.33132,"86.33132,27.54385",Landslide at Umakunda Rural Municipality-3,True,True,nepal_police,1,3
38916,2018-07-29,27.90711,85.75568,"85.75568,27.90711",Landslide at Jugal Rural Municipality-2,True,True,nepal_police,86,4
38921,2018-07-29,29.70568,81.59895,"81.59895,29.70568",Landslide at Himali Rural Municipality-1,True,True,other,1,4
38922,2018-07-29,29.5579,81.49045,"81.49045,29.5579",Landslide at Gaumul Rural Municipality-1,True,True,other,57,4
38923,2018-07-29,29.5579,81.49045,"81.49045,29.5579",Landslide at Gaumul Rural Municipality-1,True,True,other,57,4
38930,2018-07-30,28.44286,83.05274,"83.05274,28.44286",Landslide at Dhorpatan Municipality-9,True,True,nepal_police,2,1
38940,2018-07-31,28.01007,84.61036,"84.61036,28.01007",Landslide at Gorkha Municipality-5,True,True,nepal_police,2,1
38950,2018-08-01,29.49428,82.10763,"82.10763,29.49428",Landslide at Chhayanath Rara Municipality-8,True,True,nepal_police,1,2
38952,2018-08-02,27.79618,84.66706,"84.66706,27.79618",Landslide at Benighat Rorang Rural Municipality-10,True,True,nepal_police,19,2
39050,2018-07-18,29.29117,81.28679,"81.28679,29.29117",Landslide at Mellekh Rural Municipality-4,True,True,other,2,7
39055,2018-08-02,27.16896,87.81977,"87.81977,27.16896",Landslide at Phidim Municipality-10,True,True,nepal_police,2,2
39061,2018-08-03,28.08038,85.32188,"85.32188,28.08038",Landslide at Gosaikunda Rural Municipality-6,True,True,nepal_police,3,3
39066,2018-08-03,27.36158,85.54641,"85.54641,27.36158",Landslide at Mahabharat Rural Municipality-1,True,True,nepal_police,1,3
39077,2018-08-03,29.20864,80.48616,"80.48616,29.20864",Landslide at Alital Rural Municipality-3,True,True,other,44,3
39078,2018-08-01,27.47061,87.37316,"87.37316,27.47061",Landslide at Sabhapokhari Rural Municipality-4,True,True,nepal_police,1,2
39081,2018-08-05,28.86981,82.19935,"82.19935,28.86981",Landslide at Kuse Rural Municipality-7,True,True,nepal_police,66,4
39085,2018-08-04,28.54743,82.4715,"82.4715,28.54743",Landslide at Tribeni Rural Municipality-1,True,True,nepal_police,1,1
39091,2018-08-05,27.49942,85.57634,"85.57634,27.49942",Landslide at Roshi Rural Municipality-1,True,True,nepal_police,1,4
39101,2018-08-05,27.92542,83.1914,"83.1914,27.92542",Landslide at Panini Rural Municipality-7,True,True,nepal_police,2,4
39106,2018-08-06,27.82215,85.22507,"85.22507,27.82215",Landslide at Kakani Rural Municipality-4,True,True,nepal_police,5,8
39107,2018-08-06,27.91791,85.25127,"85.25127,27.91791",Landslide at Suryagadhi Rural Municipality-5,True,True,nepal_police,1,8
39108,2018-08-06,29.06172,82.4766,"82.4766,29.06172",Landslide at Mudkechula Rural Municipality-7,True,True,nepal_police,1,8
39110,2018-08-06,27.40333,86.43056,"86.43056,27.40333",Landslide at Molung Rural Municipality-7,True,True,nepal_police,6,8
39114,2018-08-06,27.70396,85.45696,"85.45696,27.70396",Landslide at Changunarayan Municipality-5,True,True,nepal_police,3,8
39115,2018-08-05,29.20864,80.48616,"80.48616,29.20864",Landslide at Alital Rural Municipality-3,True,True,other,44,4
39119,2018-08-06,28.03317,84.78533,"84.78533,28.03317",Landslide at BhimsenThapa Rural Municipality-3,True,True,other,1,8
39128,2018-08-06,28.34697,82.77714,"82.77714,28.34697",Landslide at Sunchhahari Rural Municipality-5,True,True,nepal_police,4,8
39131,2018-08-06,28.56,82.62313,"82.62313,28.56",Landslide at Bhume Rural Municipality-8,True,True,nepal_police,3,8
39135,2018-08-07,27.17259,87.85282,"87.85282,27.17259",Landslide at Falelung Rural Municipality-8,True,True,nepal_police,4,1
39138,2018-08-08,27.70281,85.65903,"85.65903,27.70281",Landslide at Mandandeupur Municipality-10,True,True,nepal_police,3,7
39139,2018-08-08,27.78813,86.1834,"86.1834,27.78813",Landslide at Bigu Rural Municipality-3,True,True,nepal_police,1,7
39140,2018-08-08,27.17259,87.85282,"87.85282,27.17259",Landslide at Falelung Rural Municipality-8,True,True,other,4,7
39143,2018-08-08,27.22391,87.33979,"87.33979,27.22391",Landslide at Dharmadevi Municipality-5,True,True,nepal_police,2,7
39146,2018-08-08,27.90711,85.75568,"85.75568,27.90711",Landslide at Jugal Rural Municipality-2,True,True,nepal_police,86,7
39147,2018-08-08,28.06103,84.72048,"84.72048,28.06103",Landslide at Gangadev Rural Municipality-8,True,True,nepal_police,3,7
39159,2018-08-08,27.88415,85.66855,"85.66855,27.88415",Landslide at Panchpokhari Thangpal Rural Municipality-7,True,True,nepal_police,1,7
39206,2018-08-10,28.25121,84.82313,"84.82313,28.25121",Landslide at Dharche Rural Municipality-3,True,True,nepal_police,5,1
39208,2018-08-12,28.35288,83.27139,"83.27139,28.35288",Landslide at Dhorpatan Municipality-4,True,True,nepal_police,84,3
39210,2018-08-12,29.49168,80.93496,"80.93496,29.49168",Landslide at Kedarseu Rural Municipality-3,True,True,nepal_police,1,3
39218,2018-08-12,29.03087,81.52369,"81.52369,29.03087",Landslide at Aathabis Municipality-9,True,True,nepal_police,1,3
39226,2018-08-13,28.57586,82.6894,"82.6894,28.57586",Landslide at Bhume Rural Municipality-3,True,True,nepal_police,2,5
39229,2018-08-13,29.20864,80.48616,"80.48616,29.20864",Landslide at Alital Rural Municipality-3,True,True,nepal_police,44,5
39240,2018-08-13,27.53318,87.34291,"87.34291,27.53318",Landslide at Makalu Rural Municipality-5,True,True,other,10,5
39265,2018-08-15,28.60649,83.6488,"83.6488,28.60649",Landslide at Thasang Rural Municipality-4,True,True,nepal_police,12,11
39272,2018-08-15,27.512,87.71808,"87.71808,27.512",Landslide at Phaktanglung Rural Municipality-4,True,True,nepal_police,4,11
39273,2018-08-15,27.71567,87.99778,"87.99778,27.71567",Landslide at Phaktanglung Rural Municipality-6,True,True,nepal_police,6,11
39275,2018-08-15,27.44361,86.6326,"86.6326,27.44361",Landslide at Thulung Dudhkoshi Rural Municipality-1,True,True,nepal_police,1,11
39276,2018-08-15,27.92278,85.75019,"85.75019,27.92278",Landslide at Jugal Rural Municipality-2,True,True,nepal_police,4,11
39277,2018-08-15,28.60649,83.6488,"83.6488,28.60649",Landslide at Thasang Rural Municipality-4,True,True,nepal_police,12,11
39278,2018-08-15,28.38141,83.33413,"83.33413,28.38141",Landslide at Malika Rural Municipality-2,True,True,nepal_police,5,11
39280,2018-08-14,28.1203,82.85541,"82.85541,28.1203",Landslide at Pyuthan Municipality-7,True,True,nepal_police,60,1
39286,2018-08-15,28.71174,82.3864,"82.3864,28.71174",Landslide at Sani Bheri Rural Municipality-5,True,True,other,1,11
39289,2018-08-15,27.41217,87.03347,"87.03347,27.41217",Landslide at Salpasilichho Rural Municipality-4,True,True,nepal_police,1,11
39294,2018-08-15,27.512,87.71808,"87.71808,27.512",Landslide at Phaktanglung Rural Municipality-4,True,True,other,4,11
39297,2018-08-16,27.52613,87.03846,"87.03846,27.52613",Landslide at Silichong Rural Municipality-2,True,True,nepal_police,4,3
39302,2018-08-16,28.77264,82.32087,"82.32087,28.77264",Landslide at Aathbiskot Municipality-11,True,True,nepal_police,5,3
39307,2018-08-15,27.52177,88.00157,"88.00157,27.52177",Landslide at Sirijangha Rural Municipality-8,True,True,nepal_police,4,11
39310,2018-08-16,28.28117,85.45901,"85.45901,28.28117",Landslide at Gosaikunda Rural Municipality-2,True,True,nepal_police,12,3
39319,2018-08-13,29.08623,82.48852,"82.48852,29.08623",Landslide at Mudkechula Rural Municipality-8,True,True,nepal_police,1,5
39320,2018-08-17,28.01974,84.90586,"84.90586,28.01974",Landslide at Tripura Sundari Rural Municipality-4,True,True,nepal_police,1,8
39321,2018-08-17,27.39619,87.10695,"87.10695,27.39619",Landslide at Shadananda Municipality-1,True,True,nepal_police,1,8
39330,2018-08-17,27.9049,85.16326,"85.16326,27.9049",Landslide at Bidur Municipality-2,True,True,nepal_police,3,8
39335,2018-08-17,28.73999,82.43435,"82.43435,28.73999",Landslide at Banfikot Rural Municipality-7,True,True,nepal_police,3,8
39337,2018-08-17,29.40589,81.3771,"81.3771,29.40589",Landslide at Budhiganga Municipality-1,True,True,nepal_police,7,8
39338,2018-08-17,29.39677,81.35936,"81.35936,29.39677",Landslide at Budhiganga Municipality-2,True,True,nepal_police,1,8
39340,2018-08-18,27.71567,87.99778,"87.99778,27.71567",Landslide at Phaktanglung Rural Municipality-6,True,True,nepal_police,6,6
39343,2018-08-18,27.77906,85.28112,"85.28112,27.77906",Landslide at Tarakeshwor Municipality-3,True,True,nepal_police,1,6
39345,2018-08-18,27.92448,85.24446,"85.24446,27.92448",Landslide at Suryagadhi Rural Municipality-4,True,True,nepal_police,94,6
39346,2018-08-18,27.8746,85.31454,"85.31454,27.8746",Landslide at Panchakanya Rural Municipality-5,True,True,nepal_police,1,6
39348,2018-08-18,28.64975,82.23435,"82.23435,28.64975",Landslide at Chaurjahari Municipality-7,True,True,nepal_police,1,6
39352,2018-08-18,27.21278,87.89174,"87.89174,27.21278",Landslide at Falelung Rural Municipality-2,True,True,nepal_police,3,6
39356,2018-08-19,27.7299,85.42002,"85.42002,27.7299",Landslide at Kageshwori Manahora Municipality-3,True,True,nepal_police,1,2
39368,2018-08-19,27.71567,87.99778,"87.99778,27.71567",Landslide at Phaktanglung Rural Municipality-6,True,True,nepal_police,6,2
39382,2018-08-17,28.4,82.09154,"82.09154,28.4",Landslide at Sharada Municipality-9,True,True,other,45,8
39384,2018-08-20,28.73853,81.57913,"81.57913,28.73853",Landslide at Gurans Rural Municipality-1,True,True,other,7,3
39387,2018-08-20,28.49926,82.56035,"82.56035,28.49926",Landslide at Paribartan Rural Municipality-5,True,True,nepal_police,2,3
39398,2018-08-20,29.20864,80.48616,"80.48616,29.20864",Landslide at Alital Rural Municipality-3,True,True,other,44,3
39401,2018-08-21,27.61176,87.31716,"87.31716,27.61176",Landslide at Makalu Rural Municipality-3,True,True,nepal_police,12,1
39406,2018-08-22,29.25063,81.20665,"81.20665,29.25063",Landslide at Sanphebagar Municipality-3,True,True,nepal_police,1,1
39414,2018-08-23,29.01853,82.68783,"82.68783,29.01853",Landslide at Tripurasundari Municipality-6,True,True,other,2,3
39417,2018-08-23,27.20954,87.85906,"87.85906,27.20954",Landslide at Falelung Rural Municipality-1,True,True,other,3,3
39418,2018-08-24,28.28117,85.45901,"85.45901,28.28117",Landslide at Gosaikunda Rural Municipality-2,True,True,other,12,4
39421,2018-08-17,28.27457,82.63241,"82.63241,28.27457",Landslide at Rolpa Municipality-1,True,True,other,1,8
39423,2018-08-23,28.75007,82.19236,"82.19236,28.75007",Landslide at Bheri Municipality-2,True,True,other,5,3
39424,2018-08-24,27.20954,87.85906,"87.85906,27.20954",Landslide at Falelung Rural Municipality-1,True,True,other,3,4
39426,2018-08-24,27.73307,85.2375,"85.2375,27.73307",Landslide at Nagarjun Municipality-8,True,True,nepal_police,2,4
39437,2018-08-24,28.45764,82.41078,"82.41078,28.45764",Landslide at Sukidaha Rural Municipality-5,True,True,nepal_police,2,4
39444,2018-08-26,27.84036,85.34583,"85.34583,27.84036",Landslide at Shivapuri Rural Municipality-6,True,True,nepal_police,3,1
39445,2018-08-27,29.09099,81.54744,"81.54744,29.09099",Landslide at Aathabis Municipality-5,True,True,nepal_police,4,3
39448,2018-08-27,27.74363,85.03915,"85.03915,27.74363",Landslide at Thakre Rural Municipality-2,True,True,nepal_police,4,3
39459,2018-08-28,27.70894,85.23214,"85.23214,27.70894",Landslide at Chandragiri Municipality-1,True,True,nepal_police,1,4
39460,2018-08-27,29.20864,80.48616,"80.48616,29.20864",Landslide at Alital Rural Municipality-3,True,True,other,44,3
39465,2018-08-28,27.16896,87.81977,"87.81977,27.16896",Landslide at Phidim Municipality-10,True,True,other,2,4
39466,2018-08-29,27.84133,85.32223,"85.32223,27.84133",Landslide at Shivapuri Rural Municipality-7,True,True,nepal_police,2,2
39467,2018-08-28,28.38676,82.34018,"82.34018,28.38676",Landslide at Chhatreshwori Rural Municipality-2,True,True,nepal_police,1,4
39468,2018-08-28,29.20864,80.48616,"80.48616,29.20864",Landslide at Alital Rural Municipality-3,True,True,other,44,4
39472,2018-08-30,27.37572,86.46694,"86.46694,27.37572",Landslide at Molung Rural Municipality-8,True,True,nepal_police,1,3
39484,2018-08-29,28.27334,82.68921,"82.68921,28.27334",Landslide at Rolpa Municipality-3,True,True,other,1,2
39485,2018-08-31,27.4099,87.91471,"87.91471,27.4099",Landslide at Sirijangha Rural Municipality-7,True,True,nepal_police,3,4
39527,2018-08-30,28.87884,82.76541,"82.76541,28.87884",Landslide at Thuli Bheri Municipality-6,True,True,other,1,3
39528,2018-08-30,28.84982,82.24194,"82.24194,28.84982",Landslide at Nalgaad Municipality-6,True,True,other,1,3
39529,2018-09-01,27.40333,86.43056,"86.43056,27.40333",Landslide at Molung Rural Municipality-7,True,True,nepal_police,6,1
39530,2018-08-31,29.20864,80.48616,"80.48616,29.20864",Landslide at Alital Rural Municipality-3,True,True,other,44,4
39542,2018-09-02,27.75327,85.3124,"85.3124,27.75327",Landslide at Tarakeshwor Municipality-9,True,True,nepal_police,2,2
39543,2018-09-02,28.51694,82.39851,"82.39851,28.51694",Landslide at Bagchaur Municipality-12,True,True,nepal_police,1,2
39547,2018-09-03,28.40683,84.36003,"84.36003,28.40683",Landslide at Marsyangdi Rural Municipality-4,True,True,nepal_police,17,2
39549,2018-09-03,28.4291,83.69297,"83.69297,28.4291",Landslide at Annapurna Rural Municipality-5,True,True,nepal_police,2,2
39560,2018-09-04,26.82262,87.29683,"87.29683,26.82262",Landslide at Dharan Submetropolitan City-14,True,True,nepal_police,1,2
39567,2018-09-05,29.09099,81.54744,"81.54744,29.09099",Landslide at Aathabis Municipality-5,True,True,nepal_police,4,3
39585,2018-09-05,27.33158,85.31403,"85.31403,27.33158",Landslide at Bagmati Rural Municipality-8,True,True,nepal_police,1,3
39588,2018-09-05,29.51619,81.99251,"81.99251,29.51619",Landslide at Khatyad Rural Municipality-1,True,True,nepal_police,1,3
39593,2018-09-06,28.44473,82.54338,"82.54338,28.44473",Landslide at Paribartan Rural Municipality-2,True,True,other,3,2
39608,2018-09-07,28.44473,82.54338,"82.54338,28.44473",Landslide at Paribartan Rural Municipality-2,True,True,nepal_police,3,1
39615,2018-09-08,28.44473,82.54338,"82.54338,28.44473",Landslide at Paribartan Rural Municipality-2,True,True,nepal_police,3,4
39616,2018-09-08,29.22919,81.28981,"81.28981,29.22919",Landslide at Mellekh Rural Municipality-7,True,True,nepal_police,2,4
39618,2018-09-08,28.29588,82.11611,"82.11611,28.29588",Landslide at Kalimati Rural Municipality-1,True,True,nepal_police,1,4
39620,2018-09-08,28.40098,82.59988,"82.59988,28.40098",Landslide at Rolpa Municipality-8,True,True,other,6,4
39629,2018-09-04,28.37567,82.46084,"82.46084,28.37567",Landslide at Madi Rural Municipality-1,True,True,other,1,2
39631,2018-09-10,27.27247,87.84602,"87.84602,27.27247",Landslide at Yangwarak Rural Municipality-4,True,True,nepal_police,2,5
39632,2018-09-10,27.24484,87.57845,"87.57845,27.24484",Landslide at Phedap Rural Municipality-4,True,True,other,2,5
39635,2018-09-10,27.31195,87.78496,"87.78496,27.31195",Landslide at Pathibhara Yangwarak Rural Municipality-4,True,True,nepal_police,2,5
39638,2018-09-10,28.36927,84.32683,"84.32683,28.36927",Landslide at Marsyangdi Rural Municipality-3,True,True,nepal_police,9,5
39641,2018-09-10,27.30628,87.74641,"87.74641,27.30628",Landslide at Pathibhara Yangwarak Rural Municipality-2,True,True,other,1,5
39642,2018-09-11,27.33731,87.83515,"87.83515,27.33731",Landslide at Sirijangha Rural Municipality-2,True,True,other,2,6
39643,2018-09-11,27.53553,87.08932,"87.08932,27.53553",Landslide at Silichong Rural Municipality-3,True,True,nepal_police,5,6
39644,2018-09-11,27.81183,84.54786,"84.54786,27.81183",Landslide at Ichchhyakamana Rural Municipality-6,True,True,nepal_police,16,6
39646,2018-09-11,28.1134,85.18913,"85.18913,28.1134",Landslide at Uttargaya Rural Municipality-1,True,True,other,4,6
39652,2018-09-11,27.3107,87.8266,"87.8266,27.3107",Landslide at Sirijangha Rural Municipality-1,True,True,other,4,6
39653,2018-09-11,27.28494,87.77822,"87.77822,27.28494",Landslide at Pathibhara Yangwarak Rural Municipality-5,True,True,other,1,6
39661,2018-09-12,27.97783,85.44303,"85.44303,27.97783",Landslide at Dupcheshwar Rural Municipality-1,True,True,nepal_police,1,9
39662,2018-09-12,28.40683,84.36003,"84.36003,28.40683",Landslide at Marsyangdi Rural Municipality-4,True,True,nepal_police,17,9
39663,2018-09-12,28.40683,84.36003,"84.36003,28.40683",Landslide at Marsyangdi Rural Municipality-4,True,True,nepal_police,17,9
39664,2018-09-12,28.36927,84.32683,"84.32683,28.36927",Landslide at Marsyangdi Rural Municipality-3,True,True,nepal_police,9,9
39666,2018-09-12,28.6488,83.66451,"83.66451,28.6488",Landslide at Thasang Rural Municipality-5,True,True,nepal_police,1,9
39672,2018-09-12,28.40683,84.36003,"84.36003,28.40683",Landslide at Marsyangdi Rural Municipality-4,True,True,nepal_police,17,9
39673,2018-09-12,28.36927,84.32683,"84.32683,28.36927",Landslide at Marsyangdi Rural Municipality-3,True,True,nepal_police,9,9
39674,2018-09-12,28.40652,84.48513,"84.48513,28.40652",Landslide at Marsyangdi Rural Municipality-6,True,True,nepal_police,2,9
39681,2018-09-13,27.29062,87.8113,"87.8113,27.29062",Landslide at Pathibhara Yangwarak Rural Municipality-6,True,True,other,3,1
39684,2018-09-12,28.40683,84.36003,"84.36003,28.40683",Landslide at Marsyangdi Rural Municipality-4,True,True,nepal_police,17,9
39687,2018-09-14,27.52613,87.03846,"87.03846,27.52613",Landslide at Silichong Rural Municipality-2,True,True,nepal_police,4,4
39691,2018-09-14,27.31388,87.71237,"87.71237,27.31388",Landslide at Pathibhara Yangwarak Rural Municipality-1,True,True,nepal_police,6,4
39698,2018-09-15,28.2985,83.21601,"83.21601,28.2985",Landslide at Badigad Rural Municipality-7,True,True,nepal_police,4,6
39699,2018-09-15,27.44987,85.22186,"85.22186,27.44987",Landslide at Bakaiya Rural Municipality-12,True,True,nepal_police,7,6
39701,2018-09-15,27.53318,87.34291,"87.34291,27.53318",Landslide at Makalu Rural Municipality-5,True,True,nepal_police,10,6
39705,2018-09-15,29.93646,82.25209,"82.25209,29.93646",Landslide at Chankheli Rural Municipality-5,True,True,nepal_police,1,6
39706,2018-09-14,27.48854,87.13921,"87.13921,27.48854",Landslide at Silichong Rural Municipality-4,True,True,nepal_police,5,4
39708,2018-09-15,28.25573,85.33342,"85.33342,28.25573",Landslide at Gosaikunda Rural Municipality-1,True,True,nepal_police,3,6
39711,2018-09-15,27.57093,87.20988,"87.20988,27.57093",Landslide at Makalu Rural Municipality-1,True,True,other,1,6
39713,2018-08-13,28.56,82.62313,"82.62313,28.56",Landslide at Bhume Rural Municipality-8,True,True,other,3,5
39716,2018-08-31,28.59302,82.60075,"82.60075,28.59302",Landslide at Sisne Rural Municipality-5,True,True,other,1,4
39717,2018-08-31,28.54089,82.57599,"82.57599,28.54089",Landslide at Bhume Rural Municipality-9,True,True,other,1,4
39718,2018-09-06,28.54334,82.65987,"82.65987,28.54334",Landslide at Bhume Rural Municipality-6,True,True,other,2,2
39720,2018-09-16,28.66148,83.40692,"83.40692,28.66148",Landslide at Dhaulagiri Rural Municipality-4,True,True,nepal_police,2,1
39722,2018-09-17,28.2985,83.21601,"83.21601,28.2985",Landslide at Badigad Rural Municipality-7,True,True,nepal_police,4,1
39725,2018-09-14,27.00166,87.09182,"87.09182,27.00166",Landslide at Hatuwagadhi Rural Municipality-3,True,True,nepal_police,1,4
39727,2018-09-18,27.53553,87.08932,"87.08932,27.53553",Landslide at Silichong Rural Municipality-3,True,True,nepal_police,5,2
39729,2018-09-18,27.20273,87.08019,"87.08019,27.20273",Landslide at Bhojpur Municipality-10,True,True,nepal_police,3,2
39733,2018-09-19,27.07127,86.74561,"86.74561,27.07127",Landslide at Diprung Chuichumma Rural Municipality-4,True,True,nepal_police,2,1
39762,2018-09-25,28.2985,83.21601,"83.21601,28.2985",Landslide at Badigad Rural Municipality-7,True,True,nepal_police,4,1
39763,2018-09-23,27.48854,87.13921,"87.13921,27.48854",Landslide at Silichong Rural Municipality-4,True,True,nepal_police,5,1
39804,2018-09-30,28.40411,84.84108,"84.84108,28.40411",Landslide at Chum Nubri Rural Municipality-3,True,True,nepal_police,2,1
39901,2018-10-16,28.64313,82.5167,"82.5167,28.64313",Landslide at Sisne Rural Municipality-8,True,True,nepal_police,2,1
39921,2018-10-19,26.9132,87.33301,"87.33301,26.9132",Landslide at Sangurigadhi Rural Municipality-1,True,True,other,1,1
40177,2018-11-08,27.74194,83.509,"83.509,27.74194",Landslide at Tinau Rural Municipality-3,True,True,nepal_police,23,1
40410,2018-11-29,28.35219,83.23728,"83.23728,28.35219",Landslide at Dhorpatan Municipality-4,True,True,nepal_police,1,1
40846,2019-01-02,27.95392,85.18955,"85.18955,27.95392",Landslide at Bidur Municipality-11,True,True,nepal_police,2,1
41176,2019-01-23,27.54312,85.50831,"85.50831,27.54312",Landslide at Bethanchowk Rural Municipality-4,True,True,nepal_police,3,2
41177,2019-01-23,28.70282,83.693,"83.693,28.70282",Landslide at Gharapjhong Rural Municipality-1,True,True,other,1,2
41181,2019-01-22,29.22919,81.28981,"81.28981,29.22919",Landslide at Mellekh Rural Municipality-7,True,True,other,2,1
41304,2019-01-31,29.70517,81.14788,"81.14788,29.70517",Landslide at Surma Rural Municipality-1,True,True,nepal_police,1,1
41346,2019-02-05,27.24115,86.54063,"86.54063,27.24115",Landslide at Manebhanjyang Rural Municipality-1,True,True,nepal_police,1,1
41433,2019-02-11,29.84105,80.55437,"80.55437,29.84105",Landslide at Mahakali_Darchula Municipality-4,True,True,other,3,1
41463,2019-02-16,27.1693,86.3476,"86.3476,27.1693",Landslide at Phikkal Rural Municipality-6,True,True,nepal_police,1,2
41478,2019-02-15,28.54144,83.6164,"83.6164,28.54144",Landslide at Annapurna Rural Municipality-3,True,True,nepal_police,15,1
41496,2019-02-16,28.90205,82.85322,"82.85322,28.90205",Landslide at Thuli Bheri Municipality-2,True,True,other,1,2
41539,2019-02-22,28.98145,82.65612,"82.65612,28.98145",Landslide at Tripurasundari Municipality-5,True,True,nepal_police,4,1
41561,2019-02-25,29.7775,80.70832,"80.70832,29.7775",Landslide at Naugad Rural Municipality-4,True,True,nepal_police,3,1
41599,2019-02-28,28.96655,82.81482,"82.81482,28.96655",Landslide at Thuli Bheri Municipality-7,True,True,nepal_police,1,1
41613,2019-03-02,28.57902,83.75475,"83.75475,28.57902",Landslide at Annapurna Rural Municipality-4,True,True,nepal_police,2,1
42020,2019-03-26,27.53318,87.34291,"87.34291,27.53318",Landslide at Makalu Rural Municipality-5,True,True,nepal_police,10,1
42052,2019-03-29,28.22674,83.51083,"83.51083,28.22674",Landslide at Kanthekhola Rural Municipality-8,True,True,nepal_police,1,1
42165,2019-04-06,27.62896,85.70556,"85.70556,27.62896",Landslide at Bhumlu Rural Municipality-10,True,True,nepal_police,2,1
42175,2019-04-05,28.34298,83.46233,"83.46233,28.34298",Landslide at Mangala Rural Municipality-4,True,True,nepal_police,1,1
42224,2019-04-09,28.22836,84.35069,"84.35069,28.22836",Landslide at Besishahar Municipality-9,True,True,nepal_police,1,1
42319,2019-04-15,27.49477,85.22413,"85.22413,27.49477","Landslide at Gagate, Bhimphedi Rural Municipality-8",True,True,nepal_police,9,1
42338,2019-04-16,29.15409,81.80919,"81.80919,29.15409",Landslide at Tilagufa Municipality-6,True,True,nepal_police,2,1
42361,2019-04-18,28.36402,82.50426,"82.50426,28.36402","Landslide at Ghartiganu, Madi Rural Municipality-2",True,True,nepal_police,3,1
42426,2019-04-21,29.14273,81.71603,"81.71603,29.14273",Landslide at Khandachakra Municipality-7,True,True,nepal_police,2,2
42435,2019-04-21,27.84342,85.20995,"85.20995,27.84342","Landslide at Chhamar Chhap, Kakani Rural Municipality-6",True,True,other,1,2
42439,2019-04-22,27.14273,86.4007,"86.4007,27.14273","Landslide at Ghurmi, Katari Municipality-14",True,True,nepal_police,5,1
42616,2019-05-04,27.68551,87.3542,"87.3542,27.68551","Landslide at Pekhuwa, Bhotkhola Rural Municipality-4",True,True,nepal_police,6,1
42850,2019-05-19,28.60649,83.6488,"83.6488,28.60649",Landslide at Thasang Rural Municipality-4,True,True,nepal_police,12,1
42879,2019-05-21,27.27518,85.99182,"85.99182,27.27518","Landslide at Khaniyakhark, Golanjor Rural Municipality-5",True,True,nepal_police,2,1
42895,2019-05-22,27.20284,87.2697,"87.2697,27.20284",Landslide at Dharmadevi Municipality-8,True,True,nepal_police,2,2
42906,2019-05-22,27.76759,87.52619,"87.52619,27.76759","Landslide at Chumsur, Bhotkhola Rural Municipality-2",True,True,nepal_police,1,2
42987,2019-05-25,29.0227,82.53344,"82.53344,29.0227",Landslide at Mudkechula Rural Municipality-2,True,True,other,1,1
43025,2019-05-30,27.41296,85.24376,"85.24376,27.41296",Landslide at Bakaiya Rural Municipality-11,True,True,nepal_police,10,2
43027,2019-05-30,27.95761,83.5018,"83.5018,27.95761","Landslide at Lasargha, Kaligandagi Rural Municipality-2",True,True,nepal_police,1,2
43059,2019-06-01,27.24611,87.2603,"87.2603,27.24611","Landslide at Kalleri, Chainpur Municipality-10",True,True,nepal_police,2,2
43064,2019-06-01,28.27416,82.76962,"82.76962,28.27416","Landslide at Kalachaur, Lungri Rural Municipality-5",True,True,nepal_police,2,2
43072,2019-06-02,28.40683,84.36003,"84.36003,28.40683","Landslide at Shreechaur, Marsyangdi Rural Municipality-4",True,True,nepal_police,17,2
43078,2019-06-02,27.44987,85.22186,"85.22186,27.44987","Landslide at Thigan, Bakaiya Rural Municipality-12",True,True,nepal_police,7,2
43105,2019-06-04,27.32927,86.79426,"86.79426,27.32927","Landslide at Dipsung, Kepilasagadhi Rural Municipality-5",True,True,nepal_police,1,1
43132,2019-06-06,27.79618,84.66706,"84.66706,27.79618",Landslide at Benighat Rorang Rural Municipality-10,True,True,nepal_police,19,2
43142,2019-06-06,29.08616,81.57468,"81.57468,29.08616","Landslide at Gagane Khola, Subha Kalika Rural Municipality-1",True,True,nepal_police,7,2
43169,2019-06-09,27.20273,87.08019,"87.08019,27.20273",Landslide at Bhojpur Municipality-10,True,True,nepal_police,3,1
43213,2019-06-11,29.36751,81.7126,"81.7126,29.36751","Landslide at Gotri, Jagannath Rural Municipality-5",True,True,nepal_police,1,1
43227,2019-06-13,29.51994,80.46568,"80.46568,29.51994","Landslide at Lek, Dasharathchanda Municipality-2",True,True,nepal_police,1,1
43255,2019-06-17,27.53318,87.34291,"87.34291,27.53318","Landslide at Num, Makalu Rural Municipality-5",True,True,nepal_police,10,6
43256,2019-06-17,27.61176,87.31716,"87.31716,27.61176",Landslide at Makalu Rural Municipality-3,True,True,nepal_police,12,6
43260,2019-06-17,27.56244,85.21963,"85.21963,27.56244",Landslide at Indrasarowar Rural Municipality-3,True,True,nepal_police,6,6
43264,2019-06-17,27.48951,87.25297,"87.25297,27.48951","Landslide at Deurali, Chichila Rural Municipality-4",True,True,nepal_police,2,6
43265,2019-06-17,27.53318,87.34291,"87.34291,27.53318",Landslide at Makalu Rural Municipality-5,True,True,nepal_police,10,6
43276,2019-06-17,27.61176,87.31716,"87.31716,27.61176","Landslide at Chepchewa, Makalu Rural Municipality-3",True,True,other,12,6
43290,2019-06-20,28.28117,85.45901,"85.45901,28.28117","Landslide at Tatopani, Gosaikunda Rural Municipality-2",True,True,nepal_police,12,1
43306,2019-06-22,27.56244,85.21963,"85.21963,27.56244",Landslide at Indrasarowar Rural Municipality-3,True,True,nepal_police,6,2
43307,2019-06-22,28.19349,85.38617,"85.38617,28.19349","Landslide at Lingling, Gosaikunda Rural Municipality-3",True,True,nepal_police,7,2
43316,2019-06-24,28.25409,83.6948,"83.6948,28.25409","Landslide at Wadare, Kushma Municipality-3",True,True,nepal_police,4,5
43323,2019-06-24,27.58106,85.17541,"85.17541,27.58106","Landslide at Khanikhola, Indrasarowar Rural Municipality-2",True,True,nepal_police,13,5
43324,2019-06-24,28.36927,84.32683,"84.32683,28.36927","Landslide at Arkhalbesi, Marsyangdi Rural Municipality-3",True,True,nepal_police,9,5
43325,2019-06-24,28.36402,82.50426,"82.50426,28.36402","Landslide at Ghartiganu, Madi Rural Municipality-2",True,True,nepal_police,3,5
43330,2019-06-25,28.25102,84.35257,"84.35257,28.25102","Landslide at Kharkhare, Besishahar Municipality-6",True,True,nepal_police,6,1
43334,2019-06-24,27.42718,87.27736,"87.27736,27.42718","Landslide at Bitalab, Sabhapokhari Rural Municipality-2",True,True,nepal_police,3,5
43360,2019-06-26,27.79269,84.9826,"84.9826,27.79269","Landslide at Mahesh Dovan, Galchi Rural Municipality-6",True,True,nepal_police,1,1
43365,2019-06-27,27.74194,83.509,"83.509,27.74194","Landslide at Siddhababa, Tinau Rural Municipality-3",True,True,nepal_police,23,4
43367,2019-06-27,27.42718,87.27736,"87.27736,27.42718",Landslide at Sabhapokhari Rural Municipality-2,True,True,nepal_police,3,4
43374,2019-06-27,28.20008,83.4226,"83.4226,28.20008",Landslide at Galkot Municipality-3,True,True,nepal_police,2,4
43377,2019-06-28,27.48398,87.00828,"87.00828,27.48398","Landslide at Sikdimatar, Silichong Rural Municipality-1",True,True,nepal_police,4,1
43380,2019-06-29,28.20827,83.26683,"83.26683,28.20827","Landslide at Galkot, Badigad Rural Municipality-2",True,True,nepal_police,1,2
43385,2019-06-30,27.93419,83.70069,"83.70069,27.93419",Landslide at Galyang Municipality-11,True,True,nepal_police,2,6
43387,2019-06-29,27.97909,82.83663,"82.83663,27.97909","Landslide at Pakurikhola, Sarumarani Rural Municipality-4",True,True,nepal_police,14,2
43390,2019-06-30,27.77921,84.48542,"84.48542,27.77921","Landslide at 17 Kilo, Bharatpur Metropolitan City-29",True,True,nepal_police,23,6
43391,2019-06-30,28.40683,84.36003,"84.36003,28.40683","Landslide at Shreechaur, Marsyangdi Rural Municipality-4",True,True,nepal_police,17,6
43392,2019-06-30,28.27801,83.71544,"83.71544,28.27801","Landslide at Bhyaple, Modi Rural Municipality-5",True,True,nepal_police,4,6
43395,2019-06-30,27.81613,83.84027,"83.84027,27.81613","Landslide at Baichhap, Purbakhola Rural Municipality-1",True,True,nepal_police,3,6
43399,2019-06-30,28.28975,83.78752,"83.78752,28.28975","Landslide at Dhoban, Annapurna Rural Municipality-5",True,True,nepal_police,3,6
43410,2019-07-02,27.81183,84.54786,"84.54786,27.81183","Landslide at Charkilo, Ichchhyakamana Rural Municipality-6",True,True,nepal_police,16,3
43412,2019-07-02,27.79618,84.66706,"84.66706,27.79618","Landslide at Badeheremod, Benighat Rorang Rural Municipality-10",True,True,nepal_police,19,3
43414,2019-07-02,27.97909,82.83663,"82.83663,27.97909",Landslide at Sarumarani Rural Municipality-4,True,True,nepal_police,14,3
43419,2019-07-03,27.84506,84.58205,"84.58205,27.84506","Landslide at Tinkilo, Ichchhyakamana Rural Municipality-5",True,True,nepal_police,15,2
43420,2019-07-03,28.40683,84.36003,"84.36003,28.40683","Landslide at Shreechaur, Marsyangdi Rural Municipality-4",True,True,nepal_police,17,2
43432,2019-07-05,28.36927,84.32683,"84.32683,28.36927","Landslide at Arkhalbesi, Marsyangdi Rural Municipality-3",True,True,nepal_police,9,3
43444,2019-07-05,27.69613,85.96095,"85.96095,27.69613","Landslide at Lamosangu, Bhimeshwor Municipality-9",True,True,nepal_police,1,3
43448,2019-07-06,28.23599,83.70662,"83.70662,28.23599","Landslide at Dobilla, Kushma Municipality-8",True,True,nepal_police,5,7
43450,2019-07-06,28.40683,84.36003,"84.36003,28.40683","Landslide at Shreechaur, Marsyangdi Rural Municipality-4",True,True,nepal_police,17,7
43456,2019-07-06,27.82051,86.29981,"86.29981,27.82051","Landslide at Chesakhare, Gaurishankar Rural Municipality-8",True,True,nepal_police,2,7
43458,2019-07-06,27.85524,83.27985,"83.27985,27.85524","Landslide at Kamaighari, Panini Rural Municipality-2",True,True,nepal_police,4,7
43461,2019-07-06,27.84036,85.34583,"85.34583,27.84036",Landslide at Shivapuri Rural Municipality-6,True,True,nepal_police,3,7
43462,2019-07-06,28.36927,84.32683,"84.32683,28.36927",Landslide at Marsyangdi Rural Municipality-3,True,True,nepal_police,9,7
43463,2019-07-06,28.18504,84.46996,"84.46996,28.18504",Landslide at Dordi Rural Municipality-3,True,True,nepal_police,1,7
43471,2019-07-07,27.83384,83.38574,"83.38574,27.83384","Landslide at Aaryathan, Ribdikot Rural Municipality-8",True,True,nepal_police,1,3
43475,2019-07-07,26.97051,88.08516,"88.08516,26.97051","Landslide at Manebhanjyang, Suryodaya Municipality-1",True,True,other,2,3
43482,2019-07-08,27.20901,87.94642,"87.94642,27.20901",Landslide at Falelung Rural Municipality-3,True,True,nepal_police,6,5
43483,2019-07-09,26.89798,88.05643,"88.05643,26.89798",Landslide at Suryodaya Municipality-10,True,True,other,2,6
43484,2019-07-08,26.94752,88.03591,"88.03591,26.94752",Landslide at Maijogmai Rural Municipality-1,True,True,nepal_police,2,5
43485,2019-07-07,27.35227,86.98494,"86.98494,27.35227","Landslide at Oselpa, Salpasilichho Rural Municipality-6",True,True,nepal_police,4,3
43487,2019-07-08,27.49477,85.22413,"85.22413,27.49477","Landslide at Bhimphedi, Bhimphedi Rural Municipality-8",True,True,nepal_police,9,5
43488,2019-07-08,28.28117,85.45901,"85.45901,28.28117","Landslide at Timure, Gosaikunda Rural Municipality-2",True,True,nepal_police,12,5
43492,2019-07-09,28.12286,85.39797,"85.39797,28.12286","Landslide at Tatopani, Gosaikunda Rural Municipality-5",True,True,other,5,6
43493,2019-07-09,27.97909,82.83663,"82.83663,27.97909","Landslide at Khahare Khola, Sarumarani Rural Municipality-4",True,True,nepal_police,14,6
43499,2019-07-09,26.82562,88.07564,"88.07564,26.82562","Landslide at Chindepani, Rong Rural Municipality-3",True,True,other,1,6
43500,2019-07-10,27.41848,85.14928,"85.14928,27.41848","Landslide at Jitpur, Makawanpurgadhi Rural Municipality-2",True,True,nepal_police,1,8
43501,2019-07-09,28.54144,83.6164,"83.6164,28.54144","Landslide at Danaguithe, Annapurna Rural Municipality-3",True,True,nepal_police,15,6
43504,2019-07-09,27.92583,83.13483,"83.13483,27.92583","Landslide at Batase Danda, Sandhikharka Municipality-7",True,True,nepal_police,1,6
43505,2019-07-05,27.9982,85.23113,"85.23113,27.9982","Landslide at Ghaleganu, Kalika Rural Municipality-5",True,True,other,1,3
43507,2019-07-08,28.04306,82.81029,"82.81029,28.04306","Landslide at Adursh, Mandavi Rural Municipality-5",True,True,other,1,5
43511,2019-07-10,27.58106,85.17541,"85.17541,27.58106","Landslide at Chepare, Indrasarowar Rural Municipality-2",True,True,nepal_police,13,8
43512,2019-07-10,27.51082,85.29609,"85.29609,27.51082",Landslide at Bagmati Rural Municipality-3,True,True,nepal_police,14,8
43517,2019-07-10,27.64583,85.43785,"85.43785,27.64583","Landslide at Naichal, Suryabinayak Municipality-8",True,True,nepal_police,4,8
43518,2019-07-10,27.85558,84.53425,"84.53425,27.85558",Landslide at Anbukhaireni Rural Municipality-4,True,True,nepal_police,4,8
43520,2019-07-10,27.83836,83.63726,"83.63726,27.83836","Landslide at Bhutuke, Mathagadhi Rural Municipality-1",True,True,nepal_police,5,8
43522,2019-07-11,27.23566,87.68966,"87.68966,27.23566","Landslide at Kalikatol, Aathrai Rural Municipality-4",True,True,nepal_police,1,34
43523,2019-07-11,27.16384,87.04744,"87.04744,27.16384",Landslide at Bhojpur Municipality-7,True,True,nepal_police,1,34
43527,2019-07-11,27.21529,86.22025,"86.22025,27.21529",Landslide at Phikkal Rural Municipality-2,True,True,nepal_police,1,34
43528,2019-07-11,27.43403,85.74575,"85.74575,27.43403","Landslide at Mamti, Roshi Rural Municipality-11",True,True,nepal_police,7,34
43529,2019-07-11,27.56244,85.21963,"85.21963,27.56244","Landslide at Jyamire, Indrasarowar Rural Municipality-3",True,True,nepal_police,6,34
43530,2019-07-11,29.08616,81.57468,"81.57468,29.08616",Landslide at Subha Kalika Rural Municipality-1,True,True,nepal_police,7,34
43531,2019-07-11,29.09099,81.54744,"81.54744,29.09099","Landslide at Ghattekhola, Aathabis Municipality-5",True,True,nepal_police,4,34
43532,2019-07-10,29.78289,80.42181,"80.42181,29.78289","Landslide at Tattu, Mahakali_Darchula Municipality-9",True,True,nepal_police,2,8
43539,2019-07-11,26.90219,87.51275,"87.51275,26.90219","Landslide at Shukrabare, Chaubise Rural Municipality-2",True,True,nepal_police,5,34
43540,2019-07-12,26.89183,87.59447,"87.59447,26.89183","Landslide at Luwandin, Miklajung Rural Municipality-7",True,True,nepal_police,6,65
43541,2019-07-11,26.96928,86.74269,"86.74269,26.96928","Landslide at Adheri Khola, Rautamai Rural Municipality-5",True,True,nepal_police,2,34
43542,2019-07-12,27.02361,86.84571,"86.84571,27.02361","Landslide at Khotangbazar, Khotehang Rural Municipality-7",True,True,nepal_police,1,65
43543,2019-07-12,27.16945,86.5956,"86.5956,27.16945","Landslide at Chhapdanda, Halesi Tuwachung Municipality-5",True,True,nepal_police,1,65
43544,2019-07-12,27.20696,86.83698,"86.83698,27.20696",Landslide at Diktel Rupakot Majhuwagadhi Municipality-7,True,True,nepal_police,1,65
43546,2019-07-10,27.44241,86.35017,"86.35017,27.44241","Landslide at Chuplubhanjang, Khijidemba Rural Municipality-5",True,True,nepal_police,2,8
43547,2019-07-11,27.18967,86.41034,"86.41034,27.18967","Landslide at Sidhhicharam, Manebhanjyang Rural Municipality-7",True,True,nepal_police,2,34
43552,2019-07-12,27.27518,85.99182,"85.99182,27.27518","Landslide at Khaniyakhark, Golanjor Rural Municipality-5",True,True,nepal_police,2,65
43553,2019-07-12,27.35072,86.02094,"86.02094,27.35072","Landslide at Khurkot, Manthali Municipality-6",True,True,nepal_police,2,65
43557,2019-07-12,27.58106,85.17541,"85.17541,27.58106","Landslide at Deurali, Indrasarowar Rural Municipality-2",True,True,nepal_police,13,65
43558,2019-07-12,28.28975,83.78752,"83.78752,28.28975","Landslide at Jhowang, Annapurna Rural Municipality-5",True,True,nepal_police,3,65
43559,2019-07-11,27.74194,83.509,"83.509,27.74194","Landslide at Sidhababa, Tinau Rural Municipality-3",True,True,nepal_police,23,34
43560,2019-07-12,27.08786,86.90724,"86.90724,27.08786","Landslide at Bakpachang, Khotehang Rural Municipality-2",True,True,nepal_police,1,65
43567,2019-07-12,26.89798,88.05643,"88.05643,26.89798",Landslide at Suryodaya Municipality-10,True,True,nepal_police,2,65
43569,2019-07-12,27.08243,87.46889,"87.46889,27.08243","Landslide at Mahabirtoll, Chhathar Rural Municipality-6",True,True,nepal_police,3,65
43570,2019-07-12,27.13622,87.06737,"87.06737,27.13622","Landslide at Moriya, Bhojpur Municipality-12",True,True,nepal_police,4,65
43571,2019-07-12,27.12905,86.93105,"86.93105,27.12905","Landslide at Oirang, Tyamkemaiyung Rural Municipality-9",True,True,nepal_police,4,65
43572,2019-07-12,27.12905,86.93105,"86.93105,27.12905","Landslide at Oirang, Tyamkemaiyung Rural Municipality-9",True,True,nepal_police,4,65
43578,2019-07-12,26.87152,87.54338,"87.54338,26.87152",Landslide at Chaubise Rural Municipality-1,True,True,nepal_police,4,65
43583,2019-07-12,27.4295,85.81098,"85.81098,27.4295","Landslide at Gyampe Khola, Sunkoshi Rural Municipality-1",True,True,nepal_police,3,65
43585,2019-07-12,27.14341,86.29646,"86.29646,27.14341","Landslide at Jhulke, Phikkal Rural Municipality-1",True,True,nepal_police,1,65
43586,2019-07-12,27.66941,86.05631,"86.05631,27.66941",Landslide at Bhimeshwor Municipality-3,True,True,nepal_police,3,65
43587,2019-07-12,27.91078,85.64643,"85.64643,27.91078",Landslide at Panchpokhari Thangpal Rural Municipality-6,True,True,nepal_police,1,65
43588,2019-07-12,27.58799,85.26204,"85.26204,27.58799",Landslide at Dakshinkali Municipality-8,True,True,nepal_police,4,65
43591,2019-07-12,27.50652,85.26236,"85.26236,27.50652","Landslide at Baguwa, Bagmati Rural Municipality-2",True,True,nepal_police,2,65
43593,2019-07-12,27.44987,85.22186,"85.22186,27.44987","Landslide at Thingan, Bakaiya Rural Municipality-12",True,True,nepal_police,7,65
43594,2019-07-12,27.58106,85.17541,"85.17541,27.58106","Landslide at Kalanki, Indrasarowar Rural Municipality-2",True,True,nepal_police,13,65
43595,2019-07-12,27.66865,85.54345,"85.54345,27.66865","Landslide at Chunatal, Banepa Municipality-3",True,True,nepal_police,2,65
43596,2019-07-12,27.79618,84.66706,"84.66706,27.79618","Landslide at Baderemod, Benighat Rorang Rural Municipality-10",True,True,nepal_police,19,65
43598,2019-07-12,27.59934,85.60178,"85.60178,27.59934","Landslide at Kavrebhangyang, Dhulikhel Municipality-11",True,True,nepal_police,6,65
43599,2019-07-12,27.30228,86.10779,"86.10779,27.30228","Landslide at Dhaneghat, Ramechhap Municipality-7",True,True,nepal_police,2,65
43601,2019-07-12,27.71937,84.90302,"84.90302,27.71937","Landslide at Daringal, Gajuri Rural Municipality-4",True,True,nepal_police,1,65
43604,2019-07-12,29.26654,81.61856,"81.61856,29.26654",Landslide at Raskot Municipality-1,True,True,nepal_police,4,65
43612,2019-07-12,27.43403,85.74575,"85.74575,27.43403","Landslide at Kartiz, Roshi Rural Municipality-11",True,True,nepal_police,7,65
43614,2019-07-12,27.44316,85.36753,"85.36753,27.44316","Landslide at Gimdhi, Bagmati Rural Municipality-7",True,True,nepal_police,2,65
43615,2019-07-12,27.60067,85.32681,"85.32681,27.60067","Landslide at Pyanggaun, Godawari_Lalitpur Municipality-11",True,True,nepal_police,1,65
43617,2019-07-12,27.62541,84.98522,"84.98522,27.62541","Landslide at Kalikhola, Kailash Rural Municipality-5",True,True,nepal_police,1,65
43623,2019-07-13,26.89444,88.12701,"88.12701,26.89444","Landslide at Chiruwa, Suryodaya Municipality-4",True,True,nepal_police,1,30
43624,2019-07-13,26.94213,87.86452,"87.86452,26.94213","Landslide at Mulkharka, Deumai Municipality-3",True,True,nepal_police,2,30
43626,2019-07-13,27.08998,87.0803,"87.0803,27.08998","Landslide at Tusang, Ramprasad Rai Rural Municipality-5",True,True,nepal_police,1,30
43630,2019-07-13,27.0963,86.25621,"86.25621,27.0963","Landslide at Bunitar, Dudhouli Municipality-12",True,True,nepal_police,2,30
43631,2019-07-12,27.40768,85.81462,"85.81462,27.40768","Landslide at Kameme Fath, Sunkoshi Rural Municipality-2",True,True,nepal_police,3,65
43632,2019-07-13,27.30228,86.10779,"86.10779,27.30228","Landslide at Karamtar, Ramechhap Municipality-7",True,True,nepal_police,2,30
43633,2019-07-12,27.43403,85.74575,"85.74575,27.43403","Landslide at Mamti, Roshi Rural Municipality-11",True,True,nepal_police,7,65
43634,2019-07-13,27.49576,85.36337,"85.36337,27.49576",Landslide at Mahankal Rural Municipality-1,True,True,nepal_police,1,30
43635,2019-07-13,27.50845,85.33674,"85.33674,27.50845","Landslide at Sankhu, Konjyosom Rural Municipality-2",True,True,nepal_police,1,30
43637,2019-07-12,27.58106,85.17541,"85.17541,27.58106","Landslide at Hasule, Indrasarowar Rural Municipality-2",True,True,nepal_police,13,65
43638,2019-07-12,27.58106,85.17541,"85.17541,27.58106","Landslide at Deurali, Indrasarowar Rural Municipality-2",True,True,nepal_police,13,65
43644,2019-07-13,27.40922,86.48641,"86.48641,27.40922","Landslide at Majkharka, Siddhicharan Municipality-6",True,True,nepal_police,2,30
43645,2019-07-13,27.40333,86.43056,"86.43056,27.40333","Landslide at Patle, Molung Rural Municipality-7",True,True,nepal_police,6,30
43646,2019-07-13,26.88382,86.51603,"86.51603,26.88382","Landslide at Tinpate, Udayapurgadhi Rural Municipality-6",True,True,nepal_police,2,30
43647,2019-07-13,26.99494,87.68849,"87.68849,26.99494","Landslide at Shiwa, Miklajung Rural Municipality-1",True,True,nepal_police,2,30
43648,2019-07-13,27.08243,87.46889,"87.46889,27.08243","Landslide at Mahabirtoll, Chhathar Rural Municipality-6",True,True,nepal_police,3,30
43657,2019-07-13,27.71711,84.81889,"84.81889,27.71711","Landslide at Talti, Benighat Rorang Rural Municipality-2",True,True,nepal_police,1,30
43658,2019-07-13,27.46644,85.2801,"85.2801,27.46644","Landslide at Dhandada, Bagmati Rural Municipality-4",True,True,nepal_police,3,30
43659,2019-07-13,27.9366,82.66387,"82.66387,27.9366","Landslide at Kainpani, Banglachuli Rural Municipality-8",True,True,nepal_police,1,30
43660,2019-07-13,27.74194,83.509,"83.509,27.74194","Landslide at Siddhababa, Tinau Rural Municipality-3",True,True,nepal_police,23,30
43662,2019-07-13,29.00318,82.59282,"82.59282,29.00318","Landslide at Kasil Khola, Mudkechula Rural Municipality-1",True,True,nepal_police,1,30
43664,2019-07-14,27.05458,86.4612,"86.4612,27.05458","Landslide at Batase, Katari Municipality-9",True,True,nepal_police,2,8
43665,2019-07-13,27.08243,87.46889,"87.46889,27.08243","Landslide at Mahabirtoll, Chhathar Rural Municipality-6",True,True,nepal_police,3,30
43667,2019-07-14,27.52401,86.81481,"86.81481,27.52401","Landslide at Patle, Mahakulung Rural Municipality-1",True,True,nepal_police,2,8
43669,2019-07-13,27.05115,87.27486,"87.27486,27.05115",Landslide at Pakhribas Municipality-4,True,True,nepal_police,3,30
43670,2019-07-13,26.90236,87.4512,"87.4512,26.90236","Landslide at Gidde, Chaubise Rural Municipality-7",True,True,nepal_police,2,30
43671,2019-07-13,26.94987,87.30312,"87.30312,26.94987","Landslide at Ghuthitar, Dhankuta Municipality-9",True,True,nepal_police,3,30
43672,2019-07-13,27.05115,87.27486,"87.27486,27.05115","Landslide at Pakhribas, Pakhribas Municipality-4",True,True,nepal_police,3,30
43673,2019-07-13,26.88998,87.3613,"87.3613,26.88998","Landslide at Hubrewa, Sangurigadhi Rural Municipality-4",True,True,nepal_police,2,30
43679,2019-07-13,27.56963,85.0409,"85.0409,27.56963","Landslide at Panchkilo, Bhimphedi Rural Municipality-9",True,True,nepal_police,2,30
43680,2019-07-13,27.85854,82.77289,"82.77289,27.85854","Landslide at Bhaluwang, Rapti Rural Municipality-1",True,True,nepal_police,1,30
43688,2019-07-14,27.31957,87.58026,"87.58026,27.31957","Landslide at Change, Aathrai Tribeni Rural Municipality-4",True,True,nepal_police,1,8
43689,2019-07-13,27.13622,87.06737,"87.06737,27.13622","Landslide at Kotdada, Bhojpur Municipality-12",True,True,nepal_police,4,30
43690,2019-07-13,27.19597,87.20955,"87.20955,27.19597","Landslide at Thapre, Arun Rural Municipality-4",True,True,nepal_police,2,30
43691,2019-07-13,27.17787,87.142,"87.142,27.17787",Landslide at Pauwadungma Rural Municipality-2,True,True,nepal_police,3,30
43692,2019-07-13,27.12905,86.93105,"86.93105,27.12905",Landslide at Tyamkemaiyung Rural Municipality-9,True,True,nepal_police,4,30
43693,2019-07-14,27.23903,86.94343,"86.94343,27.23903","Landslide at Chinamukhi, Tyamkemaiyung Rural Municipality-2",True,True,nepal_police,4,8
43695,2019-07-14,27.05458,86.4612,"86.4612,27.05458","Landslide at Batase, Katari Municipality-9",True,True,nepal_police,2,8
43698,2019-07-14,27.51847,86.41801,"86.41801,27.51847",Landslide at Likhupike Rural Municipality-2,True,True,nepal_police,2,8
43699,2019-07-13,27.33149,87.31909,"87.31909,27.33149","Landslide at Pipal Dada, Panchakhapan Municipality-7",True,True,nepal_police,3,30
43700,2019-07-14,26.88998,87.3613,"87.3613,26.88998","Landslide at Fixbas, Sangurigadhi Rural Municipality-4",True,True,nepal_police,2,8
43718,2019-07-15,26.89183,87.59447,"87.59447,26.89183",Landslide at Miklajung Rural Municipality-7,True,True,nepal_police,6,16
43719,2019-07-15,26.91813,87.35752,"87.35752,26.91813",Landslide at Sangurigadhi Rural Municipality-2,True,True,nepal_police,1,16
43720,2019-07-15,27.1098,87.29087,"87.29087,27.1098",Landslide at Mahalaxmi Municipality-6,True,True,nepal_police,1,16
43722,2019-07-15,27.60417,85.15673,"85.15673,27.60417","Landslide at Markhu, Indrasarowar Rural Municipality-1",True,True,nepal_police,4,16
43723,2019-07-15,27.60417,85.15673,"85.15673,27.60417","Landslide at Chaumata, Indrasarowar Rural Municipality-1",True,True,nepal_police,4,16
43724,2019-07-15,27.58106,85.17541,"85.17541,27.58106",Landslide at Indrasarowar Rural Municipality-2,True,True,nepal_police,13,16
43725,2019-07-15,27.58799,85.26204,"85.26204,27.58799","Landslide at Chitradhari, Dakshinkali Municipality-8",True,True,nepal_police,4,16
43728,2019-07-15,26.95191,86.63893,"86.63893,26.95191","Landslide at Dillibagar, Rautamai Rural Municipality-8",True,True,nepal_police,1,16
43729,2019-07-15,27.16179,87.93504,"87.93504,27.16179","Landslide at Shihang, Falelung Rural Municipality-5",True,True,nepal_police,6,16
43741,2019-07-15,27.6249,85.244,"85.244,27.6249","Landslide at Lamagaun, Dakshinkali Municipality-9",True,True,nepal_police,2,16
43742,2019-07-15,27.49477,85.22413,"85.22413,27.49477","Landslide at Gagate, Bhimphedi Rural Municipality-8",True,True,nepal_police,9,16
43743,2019-07-15,28.28117,85.45901,"85.45901,28.28117","Landslide at Lingling, Gosaikunda Rural Municipality-2",True,True,nepal_police,12,16
43744,2019-07-15,28.4736,84.37288,"84.37288,28.4736",Landslide at Nashong Rural Municipality-1,True,True,nepal_police,6,16
43745,2019-07-15,27.79269,84.16632,"84.16632,27.79269","Landslide at Arkhala, Bulingtar Rural Municipality-4",True,True,nepal_police,2,16
43746,2019-07-15,28.03211,84.50086,"84.50086,28.03211","Landslide at Simal Kaharka, Palungtar Municipality-4",True,True,nepal_police,3,16
43748,2019-07-16,29.74709,80.49346,"80.49346,29.74709","Landslide at Chautalichowk, Malikaarjun Rural Municipality-3",True,True,nepal_police,3,4
43753,2019-07-16,28.07508,84.91874,"84.91874,28.07508","Landslide at Kalleri, Gangajamuna Rural Municipality-5",True,True,nepal_police,1,4
43760,2019-07-16,27.09096,87.36303,"87.36303,27.09096","Landslide at Aahale, Mahalaxmi Municipality-9",True,True,nepal_police,1,4
43763,2019-07-16,28.24362,84.15567,"84.15567,28.24362",Landslide at Madi Rural Municipality-10,True,True,nepal_police,1,4
43764,2019-07-15,28.25428,84.40529,"84.40529,28.25428","Landslide at Kahsur, Besishahar Municipality-10",True,True,nepal_police,1,16
43767,2019-07-17,27.44175,87.57938,"87.57938,27.44175","Landslide at Kechung, Meringden Rural Municipality-5",True,True,nepal_police,6,7
43768,2019-07-17,26.95368,87.18205,"87.18205,26.95368","Landslide at Kagune, Shahidbhumi Rural Municipality-2",True,True,nepal_police,2,7
43771,2019-07-17,27.41658,87.23959,"87.23959,27.41658","Landslide at Thaldada, Khandbari Municipality-6",True,True,nepal_police,3,7
43772,2019-07-17,26.95368,87.18205,"87.18205,26.95368","Landslide at Shambugaun, Shahidbhumi Rural Municipality-2",True,True,nepal_police,2,7
43773,2019-07-17,27.73422,85.35638,"85.35638,27.73422","Landslide at Kapan, Budhanilakantha Municipality-10",True,True,nepal_police,1,7
43774,2019-07-17,27.64583,85.43785,"85.43785,27.64583","Landslide at Nauchal, Suryabinayak Municipality-8",True,True,nepal_police,4,7
43775,2019-07-17,27.20901,87.94642,"87.94642,27.20901",Landslide at Falelung Rural Municipality-3,True,True,nepal_police,6,7
43776,2019-07-18,27.53318,87.34291,"87.34291,27.53318","Landslide at Amreng, Makalu Rural Municipality-5",True,True,nepal_police,10,2
43781,2019-07-18,28.71069,82.51345,"82.51345,28.71069","Landslide at Bhagle, Banfikot Rural Municipality-3",True,True,nepal_police,1,2
43795,2019-07-19,27.48398,87.00828,"87.00828,27.48398","Landslide at Musten, Silichong Rural Municipality-1",True,True,nepal_police,4,1
43800,2019-07-20,28.37205,81.94258,"81.94258,28.37205","Landslide at kalpani, Gurbhakot Municipality-2",True,True,nepal_police,1,1
43823,2019-07-22,28.54144,83.6164,"83.6164,28.54144","Landslide at Dana Gunthe, Annapurna Rural Municipality-3",True,True,nepal_police,15,4
43826,2019-07-22,29.72144,80.51073,"80.51073,29.72144",Landslide at Shailyashikhar Municipality-6,True,True,nepal_police,7,4
43827,2019-07-23,28.18702,83.38838,"83.38838,28.18702","Landslide at Jyamire, Galkot Municipality-8",True,True,other,1,15
43829,2019-07-22,27.40223,87.20566,"87.20566,27.40223","Landslide at Jankalyantoll, Khandbari Municipality-3",True,True,nepal_police,5,4
43830,2019-07-22,27.40223,87.20566,"87.20566,27.40223","Landslide at Manebhyanjyang, Khandbari Municipality-3",True,True,nepal_police,5,4
43832,2019-07-23,27.95688,83.723,"83.723,27.95688","Landslide at Karadi, Galyang Municipality-8",True,True,nepal_police,3,15
43833,2019-07-23,27.3887,87.86516,"87.86516,27.3887","Landslide at Yangpang, Sirijangha Rural Municipality-5",True,True,nepal_police,6,15
43845,2019-07-23,27.98956,83.61845,"83.61845,27.98956","Landslide at Mohnadrada, Galyang Municipality-5",True,True,nepal_police,2,15
43846,2019-07-23,28.0195,83.48148,"83.48148,28.0195","Landslide at Limgha, Satyawati Rural Municipality-4",True,True,nepal_police,2,15
43847,2019-07-23,28.0082,83.51689,"83.51689,28.0082","Landslide at Thulo lumpek, Satyawati Rural Municipality-3",True,True,nepal_police,2,15
43848,2019-07-23,28.0082,83.51689,"83.51689,28.0082","Landslide at Sindi, Satyawati Rural Municipality-3",True,True,nepal_police,2,15
43849,2019-07-23,28.06214,83.51109,"83.51109,28.06214","Landslide at Rimli, Kaligandaki Rural Municipality-5",True,True,nepal_police,1,15
43854,2019-07-23,27.45991,87.24045,"87.24045,27.45991","Landslide at Sobhangtoll, Chichila Rural Municipality-1",True,True,nepal_police,4,15
43855,2019-07-23,27.40223,87.20566,"87.20566,27.40223","Landslide at Manebhyangyang, Khandbari Municipality-3",True,True,nepal_police,5,15
43856,2019-07-23,26.69125,87.78928,"87.78928,26.69125",Landslide at Chulachuli Rural Municipality-1,True,True,nepal_police,1,15
43859,2019-07-24,27.33611,85.17569,"85.17569,27.33611","Landslide at Shreepur, Bakaiya Rural Municipality-5",True,True,nepal_police,1,11
43860,2019-07-24,28.72661,81.63208,"81.63208,28.72661","Landslide at Likhakhola, Gurans Rural Municipality-4",True,True,nepal_police,1,11
43861,2019-07-24,28.73853,81.57913,"81.57913,28.73853","Landslide at Tallo Dungeshwor, Gurans Rural Municipality-1",True,True,nepal_police,7,11
43865,2019-07-24,26.63454,88.13494,"88.13494,26.63454","Landslide at Shrijanshill toll, Mechinagar Municipality-7",True,True,nepal_police,1,11
43866,2019-07-24,27.24484,87.57845,"87.57845,27.24484","Landslide at Samdu, Phedap Rural Municipality-4",True,True,nepal_police,2,11
43867,2019-07-24,27.03747,87.44469,"87.44469,27.03747",Landslide at Chhathar Rural Municipality-2,True,True,nepal_police,3,11
43868,2019-07-23,27.42614,87.18827,"87.18827,27.42614","Landslide at Shekha, Khandbari Municipality-4",True,True,nepal_police,3,15
43869,2019-07-23,27.42614,87.18827,"87.18827,27.42614","Landslide at Jyamire, Khandbari Municipality-4",True,True,nepal_police,3,15
43870,2019-07-23,27.38012,87.20967,"87.20967,27.38012",Landslide at Khandbari Municipality-1,True,True,nepal_police,4,15
43871,2019-07-23,27.33957,87.29181,"87.29181,27.33957",Landslide at Panchakhapan Municipality-6,True,True,nepal_police,1,15
43872,2019-07-24,27.40223,87.20566,"87.20566,27.40223",Landslide at Khandbari Municipality-3,True,True,nepal_police,5,11
43874,2019-07-24,27.72678,86.13841,"86.13841,27.72678","Landslide at Lamidada, Kalinchok Rural Municipality-4",True,True,nepal_police,2,11
43883,2019-07-24,28.81039,81.57652,"81.57652,28.81039","Landslide at bakhreawat, Dullu Municipality-1",True,True,nepal_police,3,11
43884,2019-07-24,28.7419,81.67178,"81.67178,28.7419",Landslide at Dungeshwor Rural Municipality-6,True,True,nepal_police,1,11
43890,2019-07-24,28.70013,82.19099,"82.19099,28.70013","Landslide at Ranaganu, Bheri Municipality-4",True,True,nepal_police,3,11
43893,2019-07-25,26.9475,87.77832,"87.77832,26.9475","Landslide at Khabuwa, Fakphokthum Rural Municipality-7",True,True,nepal_police,1,8
43894,2019-07-25,26.92308,87.92525,"87.92525,26.92308","Landslide at Gumbadanda, Illam Municipality-6",True,True,nepal_police,2,8
43895,2019-07-25,27.48854,87.13921,"87.13921,27.48854","Landslide at Mangtewa, Silichong Rural Municipality-4",True,True,nepal_police,5,8
43901,2019-07-25,29.77478,81.95751,"81.95751,29.77478",Landslide at Sarkegad Rural Municipality-4,True,True,nepal_police,2,8
43904,2019-07-26,26.64363,87.10653,"87.10653,26.64363","Landslide at Ranikhola, Bhokraha Rural Municipality-1",True,True,nepal_police,1,11
43905,2019-07-25,26.96222,87.34422,"87.34422,26.96222","Landslide at Sitalpati, Dhankuta Municipality-7",True,True,nepal_police,2,8
43914,2019-07-26,27.40223,87.20566,"87.20566,27.40223","Landslide at Suman, Khandbari Municipality-3",True,True,nepal_police,5,11
43915,2019-07-25,27.55846,86.75095,"86.75095,27.55846","Landslide at Sonawan, Mapya Dudhkoshi Rural Municipality-7",True,True,nepal_police,3,8
43917,2019-07-26,26.89183,87.59447,"87.59447,26.89183",Landslide at Miklajung Rural Municipality-7,True,True,nepal_police,6,11
43918,2019-07-26,26.90219,87.51275,"87.51275,26.90219","Landslide at Torke, Chaubise Rural Municipality-2",True,True,nepal_police,5,11
43919,2019-07-26,26.90236,87.4512,"87.4512,26.90236","Landslide at Deurali, Chaubise Rural Municipality-7",True,True,nepal_police,2,11
43920,2019-07-26,26.89046,87.4802,"87.4802,26.89046",Landslide at Chaubise Rural Municipality-8,True,True,nepal_police,1,11
43922,2019-07-26,29.08616,81.57468,"81.57468,29.08616","Landslide at Gaganekhola, Subha Kalika Rural Municipality-1",True,True,nepal_police,7,11
43923,2019-07-25,28.98329,81.16541,"81.16541,28.98329","Landslide at Daunamara, Dhakari Rural Municipality-4",True,True,nepal_police,1,8
43924,2019-07-25,29.00584,81.22254,"81.22254,29.00584","Landslide at Thulasain, Dhakari Rural Municipality-3",True,True,nepal_police,1,8
43925,2019-07-26,29.72144,80.51073,"80.51073,29.72144","Landslide at Chaitalichaur, Shailyashikhar Municipality-6",True,True,nepal_police,7,11
43929,2019-07-26,26.87152,87.54338,"87.54338,26.87152","Landslide at Sano Muktara, Chaubise Rural Municipality-1",True,True,nepal_police,4,11
43932,2019-07-26,27.78689,86.35008,"86.35008,27.78689","Landslide at Susingtar, Gaurishankar Rural Municipality-7",True,True,nepal_police,4,11
43933,2019-07-26,27.62824,84.09339,"84.09339,27.62824","Landslide at Shrijanshiltoll, Kawasoti Municipality-16",True,True,nepal_police,1,11
43940,2019-07-27,27.72896,85.10488,"85.10488,27.72896","Landslide at Hapsecharu, Thakre Rural Municipality-7",True,True,nepal_police,2,4
43941,2019-07-27,28.28117,85.45901,"85.45901,28.28117","Landslide at Timure, Gosaikunda Rural Municipality-2",True,True,nepal_police,12,4
43943,2019-07-27,29.08616,81.57468,"81.57468,29.08616","Landslide at Kalekhola, Subha Kalika Rural Municipality-1",True,True,nepal_police,7,4
43944,2019-07-27,27.55846,86.75095,"86.75095,27.55846","Landslide at Dharmashala, Mapya Dudhkoshi Rural Municipality-7",True,True,nepal_police,3,4
43949,2019-07-28,27.61233,85.85767,"85.85767,27.61233","Landslide at Gagregagachre, Chaurideurali Rural Municipality-2",True,True,nepal_police,1,1
43952,2019-07-11,28.32008,82.44873,"82.44873,28.32008",Landslide at Tribeni Rural Municipality-5,True,True,other,1,34
43958,2019-06-27,28.52699,82.50891,"82.50891,28.52699",Landslide at Paribartan Rural Municipality-4,True,True,other,5,4
43960,2019-06-12,28.47041,82.50026,"82.50026,28.47041",Landslide at Paribartan Rural Municipality-6,True,True,other,1,1
43974,2019-07-29,27.60255,85.94116,"85.94116,27.60255","Landslide at Dudhkoshi, Sailung Rural Municipality-1",True,True,nepal_police,1,1
43986,2019-07-31,29.13926,81.61496,"81.61496,29.13926",Landslide at Khandachakra Municipality-3,True,True,nepal_police,2,1
43992,2019-08-01,26.81763,87.66393,"87.66393,26.81763","Landslide at Sakfara, Chulachuli Rural Municipality-6",True,True,nepal_police,2,3
44000,2019-08-01,29.48114,81.42811,"81.42811,29.48114","Landslide at Basala Shantitol, Gaumul Rural Municipality-6",True,True,nepal_police,1,3
44004,2019-08-01,28.74775,82.32568,"82.32568,28.74775","Landslide at Hampa, Aathbiskot Municipality-14",True,True,nepal_police,1,3
44008,2019-08-03,27.67935,86.19073,"86.19073,27.67935","Landslide at Jhagadedhara, Gaurishankar Rural Municipality-1",True,True,other,1,3
44009,2019-08-03,27.68551,87.3542,"87.3542,27.68551","Landslide at Tiruwa, Bhotkhola Rural Municipality-4",True,True,nepal_police,6,3
44011,2019-08-03,27.70485,86.19227,"86.19227,27.70485","Landslide at Garje, Gaurishankar Rural Municipality-3",True,True,nepal_police,1,3
44014,2019-07-11,27.17377,87.09084,"87.09084,27.17377",Landslide at Bhojpur Municipality-11,True,True,other,65,34
44015,2019-07-11,27.17377,87.09084,"87.09084,27.17377",Landslide at Bhojpur Municipality-11,True,True,other,65,34
44016,2019-07-11,27.17377,87.09084,"87.09084,27.17377",Landslide at Bhojpur Municipality-11,True,True,other,65,34
44017,2019-07-11,27.17377,87.09084,"87.09084,27.17377",Landslide at Bhojpur Municipality-11,True,True,other,65,34
44018,2019-07-11,27.17377,87.09084,"87.09084,27.17377",Landslide at Bhojpur Municipality-11,True,True,other,65,34
44019,2019-07-11,27.17377,87.09084,"87.09084,27.17377",Landslide at Bhojpur Municipality-11,True,True,other,65,34
44020,2019-07-12,27.40922,86.48641,"86.48641,27.40922","Landslide at Majhakhark, Siddhicharan Municipality-6",True,True,other,2,65
44021,2019-07-12,27.40333,86.43056,"86.43056,27.40333","Landslide at Patle, Molung Rural Municipality-7",True,True,other,6,65
44022,2019-07-12,27.35904,86.40123,"86.40123,27.35904",Landslide at Molung Rural Municipality-3,True,True,other,1,65
44023,2019-07-12,27.31072,86.42065,"86.42065,27.31072",Landslide at Sunkoshi Rural Municipality-10,True,True,other,1,65
44024,2019-07-12,27.28955,86.37512,"86.37512,27.28955",Landslide at Sunkoshi Rural Municipality-5,True,True,other,1,65
44025,2019-07-12,27.32574,86.38063,"86.38063,27.32574","Landslide at Gope, Sunkoshi Rural Municipality-9",True,True,other,1,65
44026,2019-07-14,27.25811,86.31445,"86.31445,27.25811",Landslide at Sunkoshi Rural Municipality-2,True,True,other,1,8
44027,2019-07-12,27.29337,86.33014,"86.33014,27.29337",Landslide at Champadevi Rural Municipality-5,True,True,other,1,65
44033,2019-07-11,27.17377,87.09084,"87.09084,27.17377",Landslide at Bhojpur Municipality-11,True,True,other,65,34
44034,2019-07-11,28.00638,84.94688,"84.94688,28.00638",Landslide at Netrawati Dabjong Rural Municipality-1,True,True,other,86,34
44040,2019-08-04,28.12837,84.80767,"84.80767,28.12837","Landslide at Thumi Jamune, Aarughat Rural Municipality-3",True,True,nepal_police,1,3
44041,2019-08-05,28.41045,83.27781,"83.27781,28.41045","Landslide at Lammela, Taman Khola Rural Municipality-4",True,True,nepal_police,1,2
44044,2019-08-04,28.54334,82.65987,"82.65987,28.54334","Landslide at Naumagyang, Bhume Rural Municipality-6",True,True,nepal_police,2,3
44045,2019-08-04,28.91065,82.59525,"82.59525,28.91065",Landslide at Aathbiskot Municipality-6,True,True,other,1,3
44058,2019-08-05,28.35897,83.61536,"83.61536,28.35897","Landslide at Lekhaphanta, Jaljala Rural Municipality-6",True,True,nepal_police,1,2
44065,2019-08-06,27.44316,85.36753,"85.36753,27.44316","Landslide at Ashrang, Bagmati Rural Municipality-7",True,True,nepal_police,2,6
44066,2019-08-06,27.82215,85.22507,"85.22507,27.82215","Landslide at Chautis Kilo, Kakani Rural Municipality-4",True,True,nepal_police,5,6
44067,2019-08-06,29.91107,80.94015,"80.94015,29.91107","Landslide at Sitiarobari, Apihimal Rural Municipality-1",True,True,nepal_police,2,6
44068,2019-08-06,29.72144,80.51073,"80.51073,29.72144","Landslide at Tilauchaur, Shailyashikhar Municipality-6",True,True,nepal_police,7,6
44081,2019-08-06,27.81153,85.73309,"85.73309,27.81153","Landslide at Khale HIplo, Chautara SangachokGadhi Municipality-3",True,True,nepal_police,1,6
44082,2019-08-06,27.7943,85.81143,"85.81143,27.7943","Landslide at Simmasing, Balefi Rural Municipality-3",True,True,nepal_police,1,6
44114,2019-08-11,27.6809,85.64278,"85.64278,27.6809","Landslide at Bhatpull, Mandandeupur Municipality-11",True,True,nepal_police,2,3
44116,2019-08-10,27.71006,85.63106,"85.63106,27.71006","Landslide at Deurali , Mandandeupur Municipality-9",True,True,nepal_police,1,2
44117,2019-08-11,27.67726,85.7069,"85.7069,27.67726","Landslide at Pokhare, Chautara SangachokGadhi Municipality-11",True,True,nepal_police,3,3
44121,2019-08-11,28.14896,84.06723,"84.06723,28.14896","Landslide at Sanghu, Pokhara Lekhnath Metropolitan City-29",True,True,nepal_police,2,3
44125,2019-08-10,27.98567,86.18239,"86.18239,27.98567","Landslide at Lamabagar, Bigu Rural Municipality-1",True,True,nepal_police,3,2
44141,2019-07-11,26.93279,86.66463,"86.66463,26.93279",Landslide at Rautamai Rural Municipality-7,True,True,other,31,34
44142,2019-07-11,26.93279,86.66463,"86.66463,26.93279",Landslide at Rautamai Rural Municipality-7,True,True,other,31,34
44143,2019-07-11,26.93279,86.66463,"86.66463,26.93279",Landslide at Rautamai Rural Municipality-7,True,True,other,31,34
44144,2019-07-11,26.93279,86.66463,"86.66463,26.93279",Landslide at Rautamai Rural Municipality-7,True,True,other,31,34
44145,2019-07-11,26.93279,86.66463,"86.66463,26.93279",Landslide at Rautamai Rural Municipality-7,True,True,other,31,34
44146,2019-07-11,26.93279,86.66463,"86.66463,26.93279",Landslide at Rautamai Rural Municipality-7,True,True,other,31,34
44147,2019-07-11,26.93279,86.66463,"86.66463,26.93279",Landslide at Rautamai Rural Municipality-7,True,True,other,31,34
44149,2019-07-11,26.93279,86.66463,"86.66463,26.93279",Landslide at Rautamai Rural Municipality-7,True,True,other,31,34
44157,2019-07-11,27.00791,87.36671,"87.36671,27.00791",Landslide at Dhankuta Municipality-2,True,True,other,53,34
44158,2019-07-11,27.00791,87.36671,"87.36671,27.00791",Landslide at Dhankuta Municipality-2,True,True,other,53,34
44159,2019-07-11,27.00791,87.36671,"87.36671,27.00791",Landslide at Dhankuta Municipality-2,True,True,other,53,34
44160,2019-07-11,27.00791,87.36671,"87.36671,27.00791",Landslide at Dhankuta Municipality-2,True,True,other,53,34
44161,2019-07-11,27.00791,87.36671,"87.36671,27.00791",Landslide at Dhankuta Municipality-2,True,True,other,53,34
44162,2019-07-11,27.00791,87.36671,"87.36671,27.00791",Landslide at Dhankuta Municipality-2,True,True,other,53,34
44187,2019-08-14,28.27083,84.07389,"84.07389,28.27083","Landslide at Thak, Madi Rural Municipality-7",True,True,nepal_police,1,1
44201,2019-08-16,29.41317,81.73908,"81.73908,29.41317","Landslide at Joru, Swami Kartik Rural Municipality-1",True,True,nepal_police,2,1
44205,2019-08-17,28.36327,83.7967,"83.7967,28.36327","Landslide at Kilu, Annapurna Rural Municipality-10",True,True,nepal_police,3,1
44229,2019-07-12,27.53685,86.18811,"86.18811,27.53685",Landslide at Gokulganga Rural Municipality-4,True,True,other,49,65
44230,2019-07-12,27.53685,86.18811,"86.18811,27.53685",Landslide at Gokulganga Rural Municipality-4,True,True,other,49,65
44231,2019-07-12,27.53685,86.18811,"86.18811,27.53685",Landslide at Gokulganga Rural Municipality-4,True,True,other,49,65
44232,2019-07-12,27.49254,85.8299,"85.8299,27.49254",Landslide at Sunapati Rural Municipality-4,True,True,other,1,65
44233,2019-07-12,27.53685,86.18811,"86.18811,27.53685",Landslide at Gokulganga Rural Municipality-4,True,True,other,49,65
44234,2019-07-12,27.18536,85.90753,"85.90753,27.18536",Landslide at Kamalamai Municipality-5,True,True,other,36,65
44235,2019-07-12,27.18536,85.90753,"85.90753,27.18536",Landslide at Kamalamai Municipality-5,True,True,other,36,65
44236,2019-07-12,27.18536,85.90753,"85.90753,27.18536",Landslide at Kamalamai Municipality-5,True,True,other,36,65
44237,2019-07-12,27.18536,85.90753,"85.90753,27.18536",Landslide at Kamalamai Municipality-5,True,True,other,36,65
44238,2019-07-12,27.18536,85.90753,"85.90753,27.18536",Landslide at Kamalamai Municipality-5,True,True,other,36,65
44239,2019-07-12,27.18536,85.90753,"85.90753,27.18536",Landslide at Kamalamai Municipality-5,True,True,other,36,65
44249,2019-07-12,27.15572,86.7091,"86.7091,27.15572",Landslide at Halesi Tuwachung Municipality-11,True,True,other,68,65
44250,2019-07-12,27.15572,86.7091,"86.7091,27.15572",Landslide at Halesi Tuwachung Municipality-11,True,True,other,68,65
44251,2019-07-12,27.15572,86.7091,"86.7091,27.15572",Landslide at Halesi Tuwachung Municipality-11,True,True,other,68,65
44252,2019-07-12,27.15572,86.7091,"86.7091,27.15572",Landslide at Halesi Tuwachung Municipality-11,True,True,other,68,65
44253,2019-07-12,27.15572,86.7091,"86.7091,27.15572",Landslide at Halesi Tuwachung Municipality-11,True,True,other,68,65
44254,2019-07-12,27.15572,86.7091,"86.7091,27.15572",Landslide at Halesi Tuwachung Municipality-11,True,True,other,68,65
44255,2019-07-12,27.15572,86.7091,"86.7091,27.15572",Landslide at Halesi Tuwachung Municipality-11,True,True,other,68,65
44256,2019-07-12,27.15572,86.7091,"86.7091,27.15572",Landslide at Halesi Tuwachung Municipality-11,True,True,other,68,65
44257,2019-07-12,27.15572,86.7091,"86.7091,27.15572",Landslide at Halesi Tuwachung Municipality-11,True,True,other,68,65
44258,2019-08-20,28.34761,83.55363,"83.55363,28.34761","Landslide at Sisnera, Beni Municipality-6",True,True,nepal_police,1,1
44262,2019-08-21,27.61176,87.31716,"87.31716,27.61176","Landslide at Samatar, Makalu Rural Municipality-3",True,True,nepal_police,12,4
44265,2019-08-21,27.74257,85.36936,"85.36936,27.74257","Landslide at Kapan Paiyutar, Budhanilakantha Municipality-11",True,True,nepal_police,1,4
44269,2019-08-22,27.78689,86.35008,"86.35008,27.78689","Landslide at Marbu, Gaurishankar Rural Municipality-7",True,True,nepal_police,4,1
44270,2019-08-21,28.26175,83.66253,"83.66253,28.26175","Landslide at Khurkot, Kushma Municipality-2",True,True,nepal_police,1,4
44278,2019-08-21,28.23503,84.75708,"84.75708,28.23503","Landslide at Rutika, Gangadev Rural Municipality-1",True,True,nepal_police,1,4
44293,2019-08-23,28.28117,85.45901,"85.45901,28.28117","Landslide at Timure, Gosaikunda Rural Municipality-2",True,True,nepal_police,12,2
44299,2019-08-24,27.45635,85.32515,"85.32515,27.45635","Landslide at Rumba, Bagmati Rural Municipality-6",True,True,nepal_police,2,4
44301,2019-08-24,27.54696,86.1009,"86.1009,27.54696","Landslide at Japhe, Tamakoshi Rural Municipality-3",True,True,nepal_police,1,4
44303,2019-08-24,27.74194,83.509,"83.509,27.74194",Landslide at Tinau Rural Municipality-3,True,True,nepal_police,23,4
44305,2019-08-24,29.75894,80.77921,"80.77921,29.75894",Landslide at Marma Rural Municipality-4,True,True,nepal_police,1,4
44306,2019-08-23,27.5843,86.17927,"86.17927,27.5843","Landslide at Salle, Jiri Municipality-9",True,True,nepal_police,2,2
44310,2019-08-25,27.92278,85.75019,"85.75019,27.92278","Landslide at Lidi, Jugal Rural Municipality-2",True,True,nepal_police,4,1
44320,2019-08-26,29.51756,80.96466,"80.96466,29.51756",Landslide at Kedarseu Rural Municipality-8,True,True,nepal_police,2,1
44359,2019-08-31,29.72144,80.51073,"80.51073,29.72144","Landslide at Chaitali, Shailyashikhar Municipality-6",True,True,nepal_police,7,3
44369,2019-09-01,27.79153,85.24012,"85.24012,27.79153","Landslide at Bahramail, Kakani Rural Municipality-2",True,True,nepal_police,3,7
44371,2019-09-01,28.75007,82.19236,"82.19236,28.75007","Landslide at Timile, Bheri Municipality-2",True,True,nepal_police,5,7
44373,2019-09-01,27.35227,86.98494,"86.98494,27.35227","Landslide at Thumalung, Salpasilichho Rural Municipality-6",True,True,nepal_police,4,7
44374,2019-08-31,27.42044,86.58843,"86.58843,27.42044","Landslide at Tinlachyane, Nechasalyan Rural Municipality-6",True,True,nepal_police,18,3
44376,2019-09-01,27.75327,85.3124,"85.3124,27.75327","Landslide at manmaiju, Tarakeshwor Municipality-9",True,True,nepal_police,2,7
44378,2019-09-01,27.80588,84.26869,"84.26869,27.80588","Landslide at Dhadabeshi, Bulingtar Rural Municipality-1",True,True,nepal_police,3,7
44380,2019-09-01,27.431,86.53836,"86.53836,27.431","Landslide at Dhunsa, Solududhakunda Municipality-8",True,True,nepal_police,1,7
44382,2019-08-31,27.92278,85.75019,"85.75019,27.92278","Landslide at Nimnung , Jugal Rural Municipality-2",True,True,nepal_police,4,3
44386,2019-09-01,28.75903,82.40618,"82.40618,28.75903","Landslide at Gharikhola, Aathbiskot Municipality-10",True,True,nepal_police,3,7
44393,2019-09-02,27.04824,87.80376,"87.80376,27.04824","Landslide at Pangre Bhir, Falgunanda Rural Municipality-3",True,True,nepal_police,2,1
44399,2019-09-03,27.29047,86.75892,"86.75892,27.29047","Landslide at Pokhari, Rawa Besi Rural Municipality-6",True,True,nepal_police,3,4
44402,2019-09-03,27.54493,85.26027,"85.26027,27.54493","Landslide at Dhusel, Bagmati Rural Municipality-1",True,True,nepal_police,3,4
44403,2019-09-03,29.50585,81.09085,"81.09085,29.50585","Landslide at Jalibagar, Chabispathivera Rural Municipality-1",True,True,nepal_police,3,4
44408,2019-09-03,27.33149,87.31909,"87.31909,27.33149","Landslide at Nagidanda, Panchakhapan Municipality-7",True,True,nepal_police,3,4
44411,2019-09-04,28.41631,82.84431,"82.84431,28.41631","Landslide at Sulichaur, Sunchhahari Rural Municipality-1",True,True,nepal_police,2,1
44417,2019-09-05,27.46644,85.2801,"85.2801,27.46644","Landslide at Pyutar, Bagmati Rural Municipality-4",True,True,nepal_police,3,4
44419,2019-09-05,27.34264,87.34796,"87.34796,27.34264","Landslide at Kalleri, Panchakhapan Municipality-8",True,True,nepal_police,1,4
44420,2019-09-05,27.50764,86.71846,"86.71846,27.50764","Landslide at Waku, Mapya Dudhkoshi Rural Municipality-6",True,True,nepal_police,4,4
44431,2019-09-07,28.62749,82.56006,"82.56006,28.62749","Landslide at Gothichaur, Sisne Rural Municipality-7",True,True,nepal_police,2,3
44436,2019-09-07,26.88919,87.19211,"87.19211,26.88919",Landslide at Sangurigadhi Rural Municipality-10,True,True,nepal_police,1,3
44442,2019-09-07,28.60356,82.33345,"82.33345,28.60356","Landslide at Nauli, Chaurjahari Municipality-14",True,True,nepal_police,3,3
44445,2019-09-08,28.60649,83.6488,"83.6488,28.60649","Landslide at Ghopte, Thasang Rural Municipality-4",True,True,nepal_police,12,1
44456,2019-09-10,27.5477,86.78338,"86.78338,27.5477","Landslide at Majhekhark, Sotang Rural Municipality-2",True,True,nepal_police,1,2
44463,2019-09-10,28.92656,83.78555,"83.78555,28.92656","Landslide at Samar, Baragung Muktikhsetra Rural Municipality-3",True,True,nepal_police,3,2
44466,2019-09-11,27.29047,86.75892,"86.75892,27.29047","Landslide at Pokhari, Rawa Besi Rural Municipality-6",True,True,nepal_police,3,3
44476,2019-09-11,28.56714,82.5129,"82.5129,28.56714","Landslide at Chun, Musikot Municipality-10",True,True,nepal_police,3,3
44480,2019-09-11,28.77855,81.98985,"81.98985,28.77855","Landslide at Badadhunga, Chhedagad Municipality-6",True,True,nepal_police,2,3
44490,2019-09-13,27.74194,83.509,"83.509,27.74194","Landslide at Hedbaksa, Tinau Rural Municipality-3",True,True,nepal_police,23,3
44491,2019-09-13,28.48158,82.69686,"82.69686,28.48158","Landslide at Cherlawang, Thawang Rural Municipality-2",True,True,nepal_police,5,3
44492,2019-09-13,29.24271,80.9418,"80.9418,29.24271","Landslide at Pipalla, Dipayal Silgadi Municipality-4",True,True,nepal_police,1,3
44501,2019-07-12,28.8465,82.47189,"82.47189,28.8465",Landslide at Aathbiskot Municipality-5,True,True,other,1,65
44516,2019-09-12,28.03211,84.50086,"84.50086,28.03211","Landslide at Bohora ganu, Palungtar Municipality-4",True,True,other,3,1
44517,2019-09-15,27.36704,87.64296,"87.64296,27.36704","Landslide at Sarkichautara, Phungling Municipality-2",True,True,nepal_police,2,1
44532,2019-09-16,27.66501,85.56282,"85.56282,27.66501","Landslide at Chapleti, Dhulikhel Municipality-2",True,True,nepal_police,1,2
44537,2019-09-16,26.91924,87.03239,"87.03239,26.91924","Landslide at Jogepathar, Aamchowk Rural Municipality-9",True,True,nepal_police,1,2
44539,2019-09-17,28.18318,83.86107,"83.86107,28.18318","Landslide at Kotmuni, Phedikhola Rural Municipality-4",True,True,nepal_police,1,10
44540,2019-09-17,28.27148,83.80113,"83.80113,28.27148","Landslide at Preambasti, Annapurna Rural Municipality-4",True,True,nepal_police,1,10
44542,2019-09-17,28.68351,82.44758,"82.44758,28.68351","Landslide at Syalaket, Banfikot Rural Municipality-9",True,True,nepal_police,4,10
44543,2019-09-17,27.4702,87.18957,"87.18957,27.4702",Landslide at Chichila Rural Municipality-2,True,True,nepal_police,1,10
44549,2019-09-17,27.72636,85.60607,"85.60607,27.72636","Landslide at Helambu, Mandandeupur Municipality-7",True,True,nepal_police,1,10
44551,2019-09-18,27.65775,85.62973,"85.62973,27.65775","Landslide at Jaisithok, Panchkhal Municipality-4",True,True,nepal_police,1,8
44552,2019-09-17,28.40683,84.36003,"84.36003,28.40683","Landslide at Chyamache, Marsyangdi Rural Municipality-4",True,True,nepal_police,17,10
44553,2019-09-17,28.23259,83.8598,"83.8598,28.23259","Landslide at Chainpur, Pokhara Lekhnath Metropolitan City-23",True,True,nepal_police,7,10
44554,2019-09-17,28.16563,84.30526,"84.30526,28.16563","Landslide at Neta, MadhyaNepal Municipality-10",True,True,nepal_police,18,10
44557,2019-09-17,28.68351,82.44758,"82.44758,28.68351","Landslide at Jhula, Banfikot Rural Municipality-9",True,True,nepal_police,4,10
44569,2019-09-18,27.55077,85.73038,"85.73038,27.55077","Landslide at Shreedanda, Temal Rural Municipality-2",True,True,other,2,8
44571,2019-09-18,27.14273,86.4007,"86.4007,27.14273",Landslide at Katari Municipality-14,True,True,nepal_police,5,8
44573,2019-09-18,27.67726,85.7069,"85.7069,27.67726","Landslide at Simle, Chautara SangachokGadhi Municipality-11",True,True,nepal_police,3,8
44574,2019-09-19,27.4915,85.69929,"85.69929,27.4915","Landslide at Gamdibesi, Roshi Rural Municipality-9",True,True,nepal_police,2,2
44575,2019-09-18,27.58211,85.66197,"85.66197,27.58211","Landslide at Tharuwa, Namobuddha Municipality-3",True,True,nepal_police,1,8
44577,2019-09-18,27.84098,83.42106,"83.42106,27.84098","Landslide at Batase, Ribdikot Rural Municipality-7",True,True,nepal_police,1,8
44580,2019-09-18,27.87869,83.69563,"83.69563,27.87869","Landslide at Jhokedi, Rambha Rural Municipality-2",True,True,nepal_police,3,8
44581,2019-09-19,28.06551,83.22925,"83.22925,28.06551","Landslide at Sisner, Resunga Municipality-7",True,True,nepal_police,1,2
44582,2019-09-18,28.77264,82.32087,"82.32087,28.77264","Landslide at Goiri, Aathbiskot Municipality-11",True,True,nepal_police,5,8
44583,2019-09-05,29.94323,80.60572,"80.60572,29.94323","Landslide at Naji, Byas Rural Municipality-5",True,True,other,2,4
44587,2019-09-17,27.10846,86.95954,"86.95954,27.10846","Landslide at Okhare, Ramprasad Rai Rural Municipality-1",True,True,other,1,10
44592,2019-09-20,27.59934,85.60178,"85.60178,27.59934","Landslide at Phulbari, Dhulikhel Municipality-11",True,True,nepal_police,6,1
44594,2019-09-21,28.42919,83.31421,"83.31421,28.42919","Landslide at Devisthan, Malika Rural Municipality-4",True,True,nepal_police,3,4
44601,2019-09-23,27.53318,87.34291,"87.34291,27.53318","Landslide at Dobhan, Makalu Rural Municipality-5",True,True,nepal_police,10,3
44602,2019-09-23,27.28675,87.31779,"87.31779,27.28675","Landslide at Bhandarimod, Chainpur Municipality-7",True,True,nepal_police,1,3
44607,2019-09-23,28.22426,83.69186,"83.69186,28.22426","Landslide at Khariya, Kushma Municipality-7",True,True,nepal_police,1,3
44625,2019-09-21,28.77264,82.32087,"82.32087,28.77264","Landslide at Goiri, Aathbiskot Municipality-11",True,True,other,5,4
44626,2019-09-21,28.78191,82.37282,"82.37282,28.78191","Landslide at Radi, Aathbiskot Municipality-9",True,True,other,2,4
44628,2019-09-21,27.32233,86.59757,"86.59757,27.32233","Landslide at Ratmate, Chisankhugadhi Rural Municipality-4",True,True,other,1,4
44641,2019-09-27,28.54144,83.6164,"83.6164,28.54144","Landslide at Rupse, Annapurna Rural Municipality-3",True,True,nepal_police,15,1
44648,2019-09-28,28.40683,84.36003,"84.36003,28.40683","Landslide at Syage, Marsyangdi Rural Municipality-4",True,True,nepal_police,17,3
44649,2019-09-28,27.20273,87.08019,"87.08019,27.20273","Landslide at Milanchok, Bhojpur Municipality-10",True,True,nepal_police,3,3
44650,2019-09-28,27.42044,86.58843,"86.58843,27.42044","Landslide at Salme, Nechasalyan Rural Municipality-6",True,True,nepal_police,18,3
44653,2019-09-30,26.8739,87.39076,"87.39076,26.8739","Landslide at Luphajung, Sangurigadhi Rural Municipality-5",True,True,nepal_police,12,4
44660,2019-09-30,28.73853,81.57913,"81.57913,28.73853",Landslide at Gurans Rural Municipality-1,True,True,nepal_police,7,4
44661,2019-09-30,29.55223,80.8057,"80.8057,29.55223","Landslide at Dhungri, Bithadchir Rural Municipality-2",True,True,nepal_police,2,4
44668,2019-09-30,27.19868,86.68049,"86.68049,27.19868",Landslide at Halesi Tuwachung Municipality-10,True,True,nepal_police,2,4
44673,2019-10-01,28.73853,81.57913,"81.57913,28.73853","Landslide at mainikhola, Gurans Rural Municipality-1",True,True,nepal_police,7,1
44691,2019-10-03,27.94995,82.79179,"82.79179,27.94995","Landslide at Pakhapani, Sarumarani Rural Municipality-5",True,True,nepal_police,1,1
45220,2019-12-13,28.6011,81.9856,"81.9856,28.6011",Landslide at Simta Rural Municipality-3,True,True,nepal_police,1,2
45221,2019-12-13,28.95836,80.61717,"80.61717,28.95836","Landslide at Bhasubhari, Chure Rural Municipality-5",True,True,nepal_police,1,2
45577,2020-01-17,27.58799,85.26204,"85.26204,27.58799","Landslide at Syaulibazar, Dakshinkali Municipality-8",True,True,nepal_police,4,3
45578,2020-01-17,27.51082,85.29609,"85.29609,27.51082","Landslide at Panglung Toll, Bagmati Rural Municipality-3",True,True,nepal_police,14,3
45584,2020-01-17,29.28112,81.03618,"81.03618,29.28112","Landslide at Shantinagar, Purbichauki Rural Municipality-1",True,True,nepal_police,1,3
46191,2020-03-27,27.75741,84.76871,"84.76871,27.75741","Landslide at Bamrang , Benighat Rorang Rural Municipality-6",True,True,nepal_police,1,1
46626,2020-05-01,27.1539,87.47085,"87.47085,27.1539","Landslide at kade, Laligurans Municipality-9",True,True,nepal_police,5,1
46820,2020-05-23,28.20593,84.09817,"84.09817,28.20593","Landslide at Betani, Pokhara Lekhnath Metropolitan City-28",True,True,nepal_police,3,1
46895,2020-05-28,27.55847,85.12407,"85.12407,27.55847","Landslide at Jurikhet, Bhimphedi Rural Municipality-6",True,True,nepal_police,5,1
46906,2020-05-30,27.15432,87.4236,"87.4236,27.15432",Landslide at Laligurans Municipality-1,True,True,nepal_police,1,1
46951,2020-06-06,28.02487,83.90539,"83.90539,28.02487","Landslide at Majhigau, Biruwa Rural Municipality-1",True,True,nepal_police,1,1
46972,2020-06-09,28.4512,83.48315,"83.48315,28.4512","Landslide at Kotgau, Raghuganga Rural Municipality-6",True,True,nepal_police,1,1
46975,2020-06-10,27.95849,84.11913,"84.11913,27.95849","Landslide at Jhakas, Bhimad Municipality-5",True,True,nepal_police,1,2
46978,2020-06-10,29.74709,80.49346,"80.49346,29.74709","Landslide at mad, Malikaarjun Rural Municipality-3",True,True,nepal_police,3,2
46992,2020-06-12,27.61176,87.31716,"87.31716,27.61176","Landslide at Samtar, Makalu Rural Municipality-3",True,True,nepal_police,12,1
47001,2020-06-13,28.25409,83.6948,"83.6948,28.25409","Landslide at Durlung, Kushma Municipality-3",True,True,nepal_police,4,1
47010,2020-06-16,27.51082,85.29609,"85.29609,27.51082","Landslide at Machkhola, Bagmati Rural Municipality-3",True,True,nepal_police,14,2
47013,2020-06-17,27.81183,84.54786,"84.54786,27.81183",Landslide at Ichchhyakamana Rural Municipality-6,True,True,nepal_police,16,4
47015,2020-06-17,27.512,87.71808,"87.71808,27.512","Landslide at Ekhabu, Phaktanglung Rural Municipality-4",True,True,nepal_police,4,4
47016,2020-06-16,27.23903,86.94343,"86.94343,27.23903","Landslide at Shreedale, Tyamkemaiyung Rural Municipality-2",True,True,nepal_police,4,2
47022,2020-06-17,27.45635,85.32515,"85.32515,27.45635","Landslide at Bhattadada, Bagmati Rural Municipality-6",True,True,nepal_police,2,4
47023,2020-06-18,28.13914,84.66424,"84.66424,28.13914","Landslide at Bhachek, Ajirkot Rural Municipality-5",True,True,nepal_police,1,6
47029,2020-06-18,27.05492,87.98283,"87.98283,27.05492","Landslide at Tintele, Sandakpur Rural Municipality-4",True,True,nepal_police,2,6
47030,2020-06-18,26.97589,87.80104,"87.80104,26.97589","Landslide at Hangmasuli, Fakphokthum Rural Municipality-6",True,True,nepal_police,1,6
47033,2020-06-18,28.40652,84.48513,"84.48513,28.40652","Landslide at Niechya, Marsyangdi Rural Municipality-6",True,True,nepal_police,2,6
47037,2020-06-17,27.48222,85.31824,"85.31824,27.48222","Landslide at Sano Chuilaikodo, Bagmati Rural Municipality-5",True,True,nepal_police,1,4
47038,2020-06-18,28.19766,84.43897,"84.43897,28.19766",Landslide at Besishahar Municipality-11,True,True,nepal_police,2,6
47042,2020-06-19,28.28971,83.58166,"83.58166,28.28971","Landslide at Dambara, Baglung Municipality-6",True,True,nepal_police,1,3
47043,2020-06-19,27.85369,83.48141,"83.48141,27.85369","Landslide at Hatiya, Ribdikot Rural Municipality-4",True,True,nepal_police,3,3
47044,2020-06-19,27.75827,83.90498,"83.90498,27.75827","Landslide at Virpani, Nisdi Rural Municipality-4",True,True,nepal_police,2,3
47045,2020-06-18,29.42361,81.51729,"81.51729,29.42361","Landslide at Martadi, Badimalika Municipality-8",True,True,nepal_police,2,6
47048,2020-06-20,28.26379,83.63538,"83.63538,28.26379","Landslide at sahasagra, Kushma Municipality-1",True,True,other,5,12
47049,2020-06-20,27.83836,83.63726,"83.63726,27.83836","Landslide at Agaha Khola, Mathagadhi Rural Municipality-1",True,True,other,5,12
47051,2020-06-20,27.51082,85.29609,"85.29609,27.51082","Landslide at Bhattedada, Bagmati Rural Municipality-3",True,True,nepal_police,14,12
47052,2020-06-20,28.27843,83.49436,"83.49436,28.27843","Landslide at Phaparkhet, Kanthekhola Rural Municipality-4",True,True,nepal_police,1,12
47053,2020-06-20,27.8742,83.13271,"83.13271,27.8742","Landslide at Bhubanpata, Sitganga Municipality-2",True,True,nepal_police,5,12
47054,2020-06-20,27.97909,82.83663,"82.83663,27.97909","Landslide at Andhari Khola, Sarumarani Rural Municipality-4",True,True,nepal_police,14,12
47055,2020-06-20,27.81834,83.78861,"83.78861,27.81834","Landslide at Chapgaire, Purbakhola Rural Municipality-3",True,True,nepal_police,2,12
47056,2020-06-20,27.87561,83.4706,"83.4706,27.87561","Landslide at sirupate, Ribdikot Rural Municipality-3",True,True,nepal_police,3,12
47061,2020-06-20,28.19349,85.38617,"85.38617,28.19349","Landslide at Kulung, Gosaikunda Rural Municipality-3",True,True,nepal_police,7,12
47062,2020-06-20,28.32991,83.1709,"83.1709,28.32991","Landslide at Churelabes, Dhorpatan Municipality-1",True,True,nepal_police,2,12
47064,2020-06-21,27.93021,84.54237,"84.54237,27.93021","Landslide at Simalghairi, Gorkha Municipality-13",True,True,nepal_police,2,4
47065,2020-06-20,28.09883,83.10477,"83.10477,28.09883","Landslide at Harrapata, Dhurkot Rural Municipality-3",True,True,nepal_police,1,12
47066,2020-06-20,27.88581,83.21139,"83.21139,27.88581","Landslide at Dhatiwang, Panini Rural Municipality-6",True,True,nepal_police,1,12
47068,2020-06-21,27.54493,85.26027,"85.26027,27.54493","Landslide at Dhusel, Bagmati Rural Municipality-1",True,True,nepal_police,3,4
47070,2020-06-21,28.26379,83.63538,"83.63538,28.26379","Landslide at Pang, Kushma Municipality-1",True,True,nepal_police,5,4
47074,2020-06-22,27.83836,83.63726,"83.63726,27.83836","Landslide at Aghakhola, Mathagadhi Rural Municipality-1",True,True,nepal_police,5,6
47075,2020-06-21,27.6087,87.25413,"87.25413,27.6087","Landslide at Border Area, Makalu Rural Municipality-2",True,True,nepal_police,2,4
47078,2020-06-22,28.40683,84.36003,"84.36003,28.40683","Landslide at Chyna, Marsyangdi Rural Municipality-4",True,True,nepal_police,17,6
47079,2020-06-22,27.82433,83.45505,"83.45505,27.82433","Landslide at Lumbra, Ribdikot Rural Municipality-6",True,True,nepal_police,1,6
47081,2020-06-22,27.86627,83.50365,"83.50365,27.86627","Landslide at Sammobari, Tansen Municipality-11",True,True,nepal_police,3,6
47083,2020-06-22,27.86627,83.50365,"83.50365,27.86627","Landslide at Jogipani, Tansen Municipality-11",True,True,nepal_police,3,6
47089,2020-06-23,28.13521,83.65491,"83.65491,28.13521","Landslide at Kurgha, Phalebas Municipality-10",True,True,nepal_police,2,2
47090,2020-06-24,28.54144,83.6164,"83.6164,28.54144","Landslide at Rupsea, Annapurna Rural Municipality-3",True,True,nepal_police,15,8
47091,2020-06-24,28.40683,84.36003,"84.36003,28.40683","Landslide at Shyange, Marsyangdi Rural Municipality-4",True,True,nepal_police,17,8
47092,2020-06-22,27.86403,83.84139,"83.84139,27.86403","Landslide at Dharapani, Rampur Municipality-8",True,True,nepal_police,1,6
47094,2020-06-24,27.03135,86.41886,"86.41886,27.03135","Landslide at Bateni, Katari Municipality-8",True,True,nepal_police,2,8
47095,2020-06-24,27.38437,87.22412,"87.22412,27.38437",Landslide at Khandbari Municipality-1,True,True,nepal_police,2,8
47100,2020-06-24,28.85926,81.55031,"81.55031,28.85926","Landslide at Shala, Dullu Municipality-3",True,True,nepal_police,2,8
47104,2020-06-24,27.55847,85.12407,"85.12407,27.55847","Landslide at Ghadishaune, Bhimphedi Rural Municipality-6",True,True,nepal_police,5,8
47105,2020-06-24,27.23683,85.83011,"85.83011,27.23683","Landslide at Kharkhole, Kamalamai Municipality-1",True,True,nepal_police,2,8
47107,2020-06-24,27.97909,82.83663,"82.83663,27.97909","Landslide at khaherakhola, Sarumarani Rural Municipality-4",True,True,nepal_police,14,8
47126,2020-06-25,27.52613,87.03846,"87.03846,27.52613","Landslide at Chirkhura, Silichong Rural Municipality-2",True,True,nepal_police,4,1
47127,2020-06-26,27.55847,85.12407,"85.12407,27.55847","Landslide at Jurikhet, Bhimphedi Rural Municipality-6",True,True,nepal_police,5,1
47129,2020-06-23,28.35007,81.83102,"81.83102,28.35007","Landslide at Serene, Kalimati Rural Municipality-6",True,True,nepal_police,2,2
47132,2020-06-27,28.54144,83.6164,"83.6164,28.54144","Landslide at Danathampata, Annapurna Rural Municipality-3",True,True,nepal_police,15,5
47138,2020-06-27,27.17787,87.142,"87.142,27.17787","Landslide at Boharagau, Pauwadungma Rural Municipality-2",True,True,nepal_police,3,5
47139,2020-06-27,27.61176,87.31716,"87.31716,27.61176","Landslide at Nawabasti, Makalu Rural Municipality-3",True,True,nepal_police,12,5
47141,2020-06-28,27.92884,83.73932,"83.73932,27.92884","Landslide at Sangliya, Galyang Municipality-9",True,True,nepal_police,1,7
47142,2020-06-28,28.10257,82.54068,"82.54068,28.10257","Landslide at changaira, Ghorahi Submetropolitan City-19",True,True,nepal_police,2,7
47143,2020-06-27,27.74194,83.509,"83.509,27.74194","Landslide at Mithillo Siddababa, Tinau Rural Municipality-3",True,True,nepal_police,23,5
47144,2020-06-27,27.81613,83.84027,"83.84027,27.81613","Landslide at Chapgaira, Purbakhola Rural Municipality-1",True,True,nepal_police,3,5
47146,2020-06-28,28.07982,83.32282,"83.32282,28.07982","Landslide at Rainadhi, Gulmidarbar Rural Municipality-1",True,True,nepal_police,2,7
47147,2020-06-28,28.07982,83.32282,"83.32282,28.07982","Landslide at Balithum, Gulmidarbar Rural Municipality-1",True,True,nepal_police,2,7
47149,2020-06-28,29.45794,80.4743,"80.4743,29.45794","Landslide at Karpat, Melauli Municipality-2",True,True,nepal_police,1,7
47156,2020-06-28,28.35562,85.01768,"85.01768,28.35562","Landslide at tatopani, Dharche Rural Municipality-1",True,True,nepal_police,3,7
47157,2020-06-29,28.05631,83.61913,"83.61913,28.05631","Landslide at khorpokhari, Bihadi Rural Municipality-5",True,True,nepal_police,1,6
47158,2020-06-28,28.14127,83.0752,"83.0752,28.14127","Landslide at Ghaupani, Madane Rural Municipality-6",True,True,nepal_police,3,7
47161,2020-06-29,28.54144,83.6164,"83.6164,28.54144","Landslide at Danathampata, Annapurna Rural Municipality-3",True,True,nepal_police,15,6
47163,2020-06-29,29.7775,80.70832,"80.70832,29.7775","Landslide at Hopari, Naugad Rural Municipality-4",True,True,nepal_police,3,6
47170,2020-06-29,26.94752,88.03591,"88.03591,26.94752","Landslide at Pappcibote, Maijogmai Rural Municipality-1",True,True,nepal_police,2,6
47174,2020-06-30,27.51082,85.29609,"85.29609,27.51082","Landslide at Pangdur, Bagmati Rural Municipality-3",True,True,nepal_police,14,3
47176,2020-06-29,28.04181,82.20818,"82.20818,28.04181","Landslide at Talawang, Dangisharan Rural Municipality-2",True,True,nepal_police,1,6
47182,2020-06-30,28.54144,83.6164,"83.6164,28.54144","Landslide at Danathampata, Annapurna Rural Municipality-3",True,True,nepal_police,15,3
47183,2020-06-29,28.82774,81.41178,"81.41178,28.82774","Landslide at Khamarikhola, Panchpuri Municipality-6",True,True,nepal_police,1,6
47184,2020-06-30,29.68158,82.14852,"82.14852,29.68158",Landslide at Chankheli Rural Municipality-1,True,True,nepal_police,1,3
47211,2020-07-03,27.97909,82.83663,"82.83663,27.97909","Landslide at Pakhurikhola, Sarumarani Rural Municipality-4",True,True,nepal_police,14,6
47212,2020-07-02,28.11626,83.23456,"83.23456,28.11626","Landslide at Malli, Isma Rural Municipality-1",True,True,nepal_police,1,2
47216,2020-07-03,28.19848,83.21708,"83.21708,28.19848","Landslide at Dhad, Isma Rural Municipality-4",True,True,nepal_police,2,6
47217,2020-07-03,28.20628,83.32965,"83.32965,28.20628","Landslide at Reghafadhi, Galkot Municipality-11",True,True,nepal_police,1,6
47221,2020-07-03,27.89409,85.79063,"85.79063,27.89409","Landslide at Kartike, Jugal Rural Municipality-4",True,True,nepal_police,1,6
47223,2020-07-03,28.17559,83.26085,"83.26085,28.17559","Landslide at Hushoke, Musikot Municipality-2",True,True,nepal_police,3,6
47224,2020-07-02,28.17559,83.26085,"83.26085,28.17559",Landslide at Musikot Municipality-2,True,True,nepal_police,3,2
47239,2020-07-04,29.19824,81.50856,"81.50856,29.19824","Landslide at Dudeli, Naraharinath Rural Municipality-7",True,True,nepal_police,2,7
47240,2020-07-04,29.40589,81.3771,"81.3771,29.40589","Landslide at Balde, Budhiganga Municipality-1",True,True,nepal_police,7,7
47243,2020-07-04,29.53267,81.13705,"81.13705,29.53267","Landslide at Jayaprithivi, JayaPrithivi Municipality-7",True,True,nepal_police,3,7
47244,2020-07-04,29.51756,80.96466,"80.96466,29.51756","Landslide at Mallesi, Kedarseu Rural Municipality-8",True,True,nepal_police,2,7
47245,2020-07-04,27.57378,86.40828,"86.40828,27.57378",Landslide at Likhupike Rural Municipality-4,True,True,nepal_police,2,7
47246,2020-07-04,27.5556,86.39329,"86.39329,27.5556","Landslide at Chaulakharka, Likhupike Rural Municipality-3",True,True,nepal_police,1,7
47253,2020-07-05,27.51082,85.29609,"85.29609,27.51082","Landslide at Bhattadada, Bagmati Rural Municipality-3",True,True,nepal_police,14,10
47256,2020-07-05,29.26575,81.07223,"81.07223,29.26575","Landslide at Nuwakote, Purbichauki Rural Municipality-4",True,True,nepal_police,2,10
47257,2020-07-05,29.41503,80.82935,"80.82935,29.41503","Landslide at Thalakada, Sigas Rural Municipality-6",True,True,nepal_police,1,10
47259,2020-07-05,29.74709,80.49346,"80.49346,29.74709",Landslide at Malikaarjun Rural Municipality-3,True,True,nepal_police,3,10
47260,2020-07-05,29.78289,80.42181,"80.42181,29.78289","Landslide at Dattu, Mahakali_Darchula Municipality-9",True,True,nepal_police,2,10
47264,2020-07-05,27.31491,87.41184,"87.41184,27.31491","Landslide at Chitlang, Chainpur Municipality-2",True,True,nepal_police,2,10
47266,2020-07-06,27.83975,83.55175,"83.55175,27.83975","Landslide at Bansagopal Mandir, Tansen Municipality-7",True,True,nepal_police,1,5
47267,2020-07-03,28.9007,82.03398,"82.03398,28.9007","Landslide at Chirke, Junichande Rural Municipality-6",True,True,nepal_police,2,6
47268,2020-07-05,29.53267,81.13705,"81.13705,29.53267","Landslide at Subeda, JayaPrithivi Municipality-7",True,True,other,3,10
47269,2020-07-04,29.10603,80.93887,"80.93887,29.10603","Landslide at Dumari, Bogtan Rural Municipality-5",True,True,nepal_police,2,7
47273,2020-07-05,28.61326,82.26995,"82.26995,28.61326","Landslide at Kholagau, Chaurjahari Municipality-10",True,True,nepal_police,1,10
47274,2020-07-06,28.60356,82.33345,"82.33345,28.60356","Landslide at Sakta, Chaurjahari Municipality-14",True,True,nepal_police,3,5
47279,2020-07-06,27.55847,85.12407,"85.12407,27.55847","Landslide at Jurikhet, Bhimphedi Rural Municipality-6",True,True,nepal_police,5,5
47280,2020-07-07,27.63058,86.10641,"86.10641,27.63058","Landslide at Busti, Baiteshwor Rural Municipality-6",True,True,nepal_police,1,9
47281,2020-07-06,27.7283,85.76452,"85.76452,27.7283","Landslide at Bhaise, Chautara SangachokGadhi Municipality-9",True,True,nepal_police,2,5
47283,2020-07-07,28.26995,84.34022,"84.34022,28.26995","Landslide at Gopaldada, Marsyangdi Rural Municipality-9",True,True,nepal_police,1,9
47285,2020-07-07,28.54144,83.6164,"83.6164,28.54144",Landslide at Annapurna Rural Municipality-3,True,True,nepal_police,15,9
47286,2020-07-07,27.78123,83.55772,"83.55772,27.78123","Landslide at Kalimati, Tinau Rural Municipality-5",True,True,nepal_police,4,9
47292,2020-07-07,27.97909,82.83663,"82.83663,27.97909","Landslide at Khahare, Sarumarani Rural Municipality-4",True,True,nepal_police,14,9
47293,2020-07-07,27.86627,83.50365,"83.50365,27.86627","Landslide at sambobari, Tansen Municipality-11",True,True,nepal_police,3,9
47295,2020-07-07,28.91399,81.78191,"81.78191,28.91399","Landslide at Bhursa, Naumule Rural Municipality-1",True,True,nepal_police,2,9
47296,2020-07-06,28.60946,82.52847,"82.52847,28.60946","Landslide at Fechang, Musikot Municipality-7",True,True,nepal_police,2,5
47298,2020-07-07,27.5367,87.16282,"87.16282,27.5367","Landslide at Ingebhir, Silichong Rural Municipality-5",True,True,nepal_police,1,9
47301,2020-07-07,28.60649,83.6488,"83.6488,28.60649","Landslide at Chatan Dada, Thasang Rural Municipality-4",True,True,nepal_police,12,9
47307,2020-07-08,28.73853,81.57913,"81.57913,28.73853","Landslide at Kaabare, Gurans Rural Municipality-1",True,True,nepal_police,7,4
47308,2020-07-08,29.84392,80.60089,"80.60089,29.84392","Landslide at Shreebazar, Mahakali_Darchula Municipality-1",True,True,nepal_police,2,4
47309,2020-07-05,29.09068,80.66226,"80.66226,29.09068",Landslide at Jorayal Rural Municipality-4,True,True,nepal_police,2,10
47310,2020-07-08,29.55223,80.8057,"80.8057,29.55223","Landslide at Choumale, Bithadchir Rural Municipality-2",True,True,nepal_police,2,4
47314,2020-07-08,28.31118,83.85182,"83.85182,28.31118","Landslide at Dhumpur, Machhapuchchhre Rural Municipality-7",True,True,nepal_police,2,4
47315,2020-07-09,28.25102,84.35257,"84.35257,28.25102","Landslide at Kharkhare, Besishahar Municipality-6",True,True,nepal_police,6,10
47316,2020-07-09,28.40683,84.36003,"84.36003,28.40683","Landslide at Shyange, Marsyangdi Rural Municipality-4",True,True,nepal_police,17,10
47317,2020-07-09,28.1898,84.34727,"84.34727,28.1898","Landslide at Sanji, Besishahar Municipality-4",True,True,nepal_police,2,10
47319,2020-07-09,27.81594,85.90376,"85.90376,27.81594","Landslide at Jambu, Barhabise Municipality-5",True,True,nepal_police,2,10
47320,2020-07-09,27.84779,85.9427,"85.9427,27.84779","Landslide at Bulkute, Bhotekoshi Rural Municipality-5",True,True,nepal_police,2,10
47324,2020-07-09,27.4295,85.81098,"85.81098,27.4295","Landslide at kamerea, Sunkoshi Rural Municipality-1",True,True,nepal_police,3,10
47336,2020-07-10,27.58106,85.17541,"85.17541,27.58106","Landslide at Simkhola, Indrasarowar Rural Municipality-2",True,True,nepal_police,13,28
47337,2020-07-10,27.40768,85.81462,"85.81462,27.40768","Landslide at kamerea, Sunkoshi Rural Municipality-2",True,True,nepal_police,3,28
47340,2020-07-10,28.47875,83.39779,"83.39779,28.47875","Landslide at marang, Dhaulagiri Rural Municipality-6",True,True,nepal_police,1,28
47341,2020-07-10,28.18418,83.976,"83.976,28.18418","Landslide at Chorapatan, Pokhara Lekhnath Metropolitan City-17",True,True,nepal_police,5,28
47342,2020-07-10,28.27728,83.92498,"83.92498,28.27728","Landslide at Hemja, Pokhara Lekhnath Metropolitan City-25",True,True,nepal_police,8,28
47343,2020-07-10,28.23757,83.95315,"83.95315,28.23757","Landslide at SArankote, Pokhara Lekhnath Metropolitan City-18",True,True,nepal_police,7,28
47345,2020-07-09,28.19583,84.04393,"84.04393,28.19583","Landslide at Paitedada, Pokhara Lekhnath Metropolitan City-26",True,True,nepal_police,3,10
47346,2020-07-10,28.291,83.95624,"83.95624,28.291","Landslide at Tallodada, Pokhara Lekhnath Metropolitan City-19",True,True,nepal_police,5,28
47347,2020-07-05,28.23789,84.36618,"84.36618,28.23789","Landslide at Saatabise, Besishahar Municipality-7",True,True,nepal_police,1,10
47348,2020-07-10,27.97909,82.83663,"82.83663,27.97909","Landslide at Thuloghumti, Sarumarani Rural Municipality-4",True,True,nepal_police,14,28
47350,2020-07-10,27.1539,87.47085,"87.47085,27.1539","Landslide at kade, Laligurans Municipality-9",True,True,nepal_police,5,28
47351,2020-07-10,27.08412,86.39622,"86.39622,27.08412","Landslide at Betini, Katari Municipality-11",True,True,nepal_police,7,28
47353,2020-07-10,28.28117,85.45901,"85.45901,28.28117","Landslide at Timure, Gosaikunda Rural Municipality-2",True,True,nepal_police,12,28
47356,2020-07-10,28.17521,84.05899,"84.05899,28.17521","Landslide at Dipangtal, Pokhara Lekhnath Metropolitan City-27",True,True,nepal_police,4,28
47357,2020-07-10,28.04998,83.54358,"83.54358,28.04998","Landslide at Fusre, Kaligandaki Rural Municipality-4",True,True,nepal_police,2,28
47358,2020-07-10,28.19884,83.91163,"83.91163,28.19884","Landslide at Simle, Pokhara Lekhnath Metropolitan City-22",True,True,nepal_police,8,28
47360,2020-07-09,28.18171,84.0207,"84.0207,28.18171","Landslide at Ratodada, Pokhara Lekhnath Metropolitan City-14",True,True,nepal_police,2,10
47361,2020-07-10,28.45328,83.41021,"83.41021,28.45328","Landslide at Bin, Malika Rural Municipality-7",True,True,nepal_police,1,28
47362,2020-07-10,29.04292,82.29675,"82.29675,29.04292","Landslide at Jiri, Barekot Rural Municipality-4",True,True,nepal_police,3,28
47364,2020-07-10,28.73853,81.57913,"81.57913,28.73853","Landslide at Pipal Chautara, Gurans Rural Municipality-1",True,True,nepal_police,7,28
47366,2020-07-09,29.71727,80.7407,"80.7407,29.71727","Landslide at Nalbagar, Marma Rural Municipality-3",True,True,nepal_police,4,10
47368,2020-07-09,29.47368,80.95102,"80.95102,29.47368","Landslide at Nari Gauda, Kedarseu Rural Municipality-1",True,True,nepal_police,2,10
47373,2020-07-10,27.9933,85.9263,"85.9263,27.9933","Landslide at tatopani, Bhotekoshi Rural Municipality-2",True,True,nepal_police,6,28
47374,2020-07-10,27.98877,85.84283,"85.84283,27.98877","Landslide at balephi, Jugal Rural Municipality-3",True,True,nepal_police,1,28
47375,2020-07-10,27.93711,85.91821,"85.91821,27.93711","Landslide at Larcha, Bhotekoshi Rural Municipality-3",True,True,nepal_police,2,28
47377,2020-07-10,27.70495,86.34223,"86.34223,27.70495","Landslide at Jhareni, Jiri Municipality-1",True,True,nepal_police,2,28
47380,2020-07-10,28.14896,84.06723,"84.06723,28.14896","Landslide at Syandhari, Pokhara Lekhnath Metropolitan City-29",True,True,nepal_police,2,28
47381,2020-07-10,28.1193,84.04796,"84.04796,28.1193","Landslide at Chainpur, Pokhara Lekhnath Metropolitan City-33",True,True,nepal_police,4,28
47384,2020-07-10,29.04292,82.29675,"82.29675,29.04292","Landslide at Gothagau, Barekot Rural Municipality-4",True,True,nepal_police,3,28
47386,2020-07-10,27.93711,85.91821,"85.91821,27.93711","Landslide at Tarchhung, Bhotekoshi Rural Municipality-3",True,True,nepal_police,2,28
47389,2020-07-11,26.8739,87.39076,"87.39076,26.8739","Landslide at Bhedetar, Sangurigadhi Rural Municipality-5",True,True,nepal_police,12,11
47400,2020-07-11,27.58106,85.17541,"85.17541,27.58106","Landslide at sayapatri, Indrasarowar Rural Municipality-2",True,True,nepal_police,13,11
47401,2020-07-11,27.22436,86.15851,"86.15851,27.22436","Landslide at Kudule, Golanjor Rural Municipality-1",True,True,nepal_police,1,11
47402,2020-07-11,28.19208,83.45497,"83.45497,28.19208","Landslide at Kharuwa, Galkot Municipality-4",True,True,nepal_police,1,11
47405,2020-07-10,27.7082,83.48476,"83.48476,27.7082","Landslide at Pragati Toll, Butwal Submetropolitan City-4",True,True,nepal_police,1,28
47407,2020-07-11,27.55177,83.78962,"83.78962,27.55177","Landslide at Khursani Bari, Bardaghat Municipality-4",True,True,nepal_police,1,11
47409,2020-07-10,27.47391,83.68716,"83.68716,27.47391","Landslide at Kusma, Palhi Nandan Rural Municipality-3",True,True,nepal_police,1,28
47410,2020-07-11,26.8428,87.18168,"87.18168,26.8428","Landslide at Chhatra, Barah Municipality-1",True,True,nepal_police,12,11
47411,2020-07-11,26.78764,87.64398,"87.64398,26.78764","Landslide at kuwapani, Miklajung Rural Municipality-2",True,True,nepal_police,1,11
47413,2020-07-12,26.88513,87.91573,"87.91573,26.88513","Landslide at Golakharka, Illam Municipality-9",True,True,nepal_police,4,10
47414,2020-07-11,26.90219,87.51275,"87.51275,26.90219","Landslide at Todke, Chaubise Rural Municipality-2",True,True,nepal_police,5,11
47420,2020-07-12,28.23599,83.70662,"83.70662,28.23599","Landslide at Chuwa, Kushma Municipality-8",True,True,nepal_police,5,10
47421,2020-07-12,28.54144,83.6164,"83.6164,28.54144","Landslide at Darikhola, Annapurna Rural Municipality-3",True,True,nepal_police,15,10
47424,2020-07-12,26.80959,87.75059,"87.75059,26.80959","Landslide at Tembung, Mangsebung Rural Municipality-5",True,True,nepal_police,2,10
47425,2020-07-11,27.0601,87.51178,"87.51178,27.0601","Landslide at Aakhre Bazzar, Chhathar Rural Municipality-5",True,True,nepal_police,2,11
47427,2020-07-12,27.38012,87.20967,"87.20967,27.38012","Landslide at Pipaldada, Khandbari Municipality-1",True,True,nepal_police,4,10
47428,2020-07-12,27.94529,84.30701,"84.30701,27.94529",Landslide at Vyas Municipality-13,True,True,nepal_police,2,10
47430,2020-07-12,27.495,86.79379,"86.79379,27.495","Landslide at Gorkhim, Sotang Rural Municipality-5",True,True,nepal_police,3,10
47438,2020-07-11,29.73917,80.43774,"80.43774,29.73917","Landslide at Campush Chok, Malikaarjun Rural Municipality-8",True,True,nepal_police,3,11
47439,2020-07-12,27.70653,86.04133,"86.04133,27.70653","Landslide at Damrang, Bhimeshwor Municipality-1",True,True,other,1,10
47440,2020-07-11,28.08638,84.15107,"84.15107,28.08638","Landslide at Khaldose, Shuklagandaki Municipality-1",True,True,nepal_police,1,11
47441,2020-07-12,27.48398,87.00828,"87.00828,27.48398","Landslide at Besinda , Silichong Rural Municipality-1",True,True,nepal_police,4,10
47451,2020-07-13,28.03256,84.15403,"84.15403,28.03256","Landslide at Belaute, Myagde Rural Municipality-6",True,True,nepal_police,2,11
47452,2020-07-13,27.978,83.9681,"83.9681,27.978","Landslide at Chitra, Harinas Rural Municipality-4",True,True,nepal_police,3,11
47453,2020-07-13,27.94011,84.15208,"84.15208,27.94011","Landslide at Paltang, Rhishing Rural Municipality-8",True,True,nepal_police,2,11
47455,2020-07-13,27.23903,86.94343,"86.94343,27.23903","Landslide at Shreedale, Tyamkemaiyung Rural Municipality-2",True,True,nepal_police,4,11
47456,2020-07-13,27.38012,87.20967,"87.20967,27.38012",Landslide at Khandbari Municipality-1,True,True,nepal_police,4,11
47459,2020-07-12,27.50764,86.71846,"86.71846,27.50764",Landslide at Mapya Dudhkoshi Rural Municipality-6,True,True,nepal_police,4,10
47469,2020-07-13,28.06098,83.82318,"83.82318,28.06098","Landslide at Siraf, Putalibazar Municipality-1",True,True,nepal_police,2,11
47470,2020-07-13,28.1103,83.79792,"83.79792,28.1103","Landslide at Bodikhola, Arjunchaupari Rural Municipality-6",True,True,nepal_police,1,11
47472,2020-07-13,28.0154,84.32009,"84.32009,28.0154","Landslide at Odare, Vyas Municipality-11",True,True,nepal_police,1,11
47473,2020-07-13,28.79488,82.66708,"82.66708,28.79488","Landslide at Ratuwamara, Sisne Rural Municipality-1",True,True,nepal_police,1,11
47474,2020-07-13,27.44373,83.86089,"83.86089,27.44373","Landslide at Machhu Toll, Susta Rural Municipality-3",True,True,nepal_police,1,11
47477,2020-07-13,28.05563,84.30275,"84.30275,28.05563","Landslide at Majhphat, Vyas Municipality-9",True,True,other,1,11
47483,2020-07-14,28.25409,83.6948,"83.6948,28.25409","Landslide at Chuwa, Kushma Municipality-3",True,True,nepal_police,4,10
47485,2020-07-14,27.46582,83.86945,"83.86945,27.46582","Landslide at Ghaukhola, Susta Rural Municipality-2",True,True,nepal_police,1,10
47487,2020-07-14,29.38537,81.35861,"81.35861,29.38537","Landslide at maildhiska, Budhiganga Municipality-3",True,True,nepal_police,3,10
47490,2020-07-14,27.55878,84.03398,"84.03398,27.55878","Landslide at Kumaltar, Madhyabindu Municipality-2",True,True,nepal_police,1,10
47496,2020-07-14,28.17026,83.55941,"83.55941,28.17026","Landslide at Sarade Payuth, Jaimini Municipality-9",True,True,nepal_police,1,10
47498,2020-07-14,28.14072,83.52886,"83.52886,28.14072","Landslide at Dhullubashkot, Bareng Rural Municipality-1",True,True,nepal_police,2,10
47499,2020-07-14,28.14909,83.49658,"83.49658,28.14909","Landslide at Bhandara, Bareng Rural Municipality-2",True,True,nepal_police,2,10
47500,2020-07-14,27.85651,83.58432,"83.58432,27.85651","Landslide at Bhaliwachaur, Bagnaskali Rural Municipality-1",True,True,nepal_police,1,10
47501,2020-07-14,27.96087,83.55975,"83.55975,27.96087","Landslide at Khahare, Kaligandagi Rural Municipality-4",True,True,nepal_police,2,10
47503,2020-07-14,27.74194,83.509,"83.509,27.74194","Landslide at Jhumse, Tinau Rural Municipality-3",True,True,nepal_police,23,10
47514,2020-07-16,27.88838,85.98608,"85.98608,27.88838","Landslide at Fulping, Bhotekoshi Rural Municipality-4",True,True,nepal_police,7,4
47523,2020-07-15,28.26698,82.36072,"82.36072,28.26698","Landslide at saunepane, Kapurkot Rural Municipality-5",True,True,nepal_police,2,1
47525,2020-07-16,28.34293,83.86919,"83.86919,28.34293","Landslide at Khoramukh, Machhapuchchhre Rural Municipality-8",True,True,nepal_police,1,4
47527,2020-07-16,27.23423,87.00933,"87.00933,27.23423","Landslide at Basbote, Bhojpur Municipality-3",True,True,nepal_police,1,4
47528,2020-07-16,27.74194,83.509,"83.509,27.74194","Landslide at siddhartha, Tinau Rural Municipality-3",True,True,nepal_police,23,4
47539,2020-07-18,27.71567,87.99778,"87.99778,27.71567","Landslide at lelep, Phaktanglung Rural Municipality-6",True,True,nepal_police,6,8
47542,2020-07-18,27.6953,85.48787,"85.48787,27.6953","Landslide at Bageshwori, Changunarayan Municipality-7",True,True,nepal_police,3,8
47544,2020-07-18,28.4736,84.37288,"84.37288,28.4736","Landslide at mayrdi, Nashong Rural Municipality-1",True,True,nepal_police,6,8
47547,2020-07-18,29.47368,80.95102,"80.95102,29.47368","Landslide at Nari Gauda, Kedarseu Rural Municipality-1",True,True,nepal_police,2,8
47548,2020-07-10,28.81871,82.44117,"82.44117,28.81871","Landslide at RejeKhola, Aathbiskot Municipality-3",True,True,other,2,28
47549,2020-07-18,29.26128,80.98513,"80.98513,29.26128",Landslide at Dipayal Silgadi Municipality-6,True,True,nepal_police,1,8
47552,2020-07-18,27.16219,87.88318,"87.88318,27.16219","Landslide at Phaperbari, Falelung Rural Municipality-7",True,True,nepal_police,2,8
47553,2020-07-19,27.95691,84.56377,"84.56377,27.95691","Landslide at Satekelo, Gorkha Municipality-12",True,True,nepal_police,2,6
47555,2020-07-18,29.22059,81.74924,"81.74924,29.22059","Landslide at Khardu, Pachaljharana Rural Municipality-3",True,True,other,1,8
47556,2020-07-18,28.7476,82.36591,"82.36591,28.7476","Landslide at Sanibarkhu, Aathbiskot Municipality-12",True,True,nepal_police,2,8
47557,2020-07-19,29.86735,80.83619,"80.83619,29.86735","Landslide at Ghusa, Apihimal Rural Municipality-2",True,True,nepal_police,1,6
47560,2020-07-19,27.75802,85.44939,"85.44939,27.75802","Landslide at Magalphadi, Kageshwori Manahora Municipality-1",True,True,nepal_police,3,6
47561,2020-07-20,28.19349,85.38617,"85.38617,28.19349","Landslide at Kulung, Gosaikunda Rural Municipality-3",True,True,nepal_police,7,23
47564,2020-07-19,27.1083,87.18657,"87.18657,27.1083","Landslide at Chauhan Bari, Pauwadungma Rural Municipality-5",True,True,nepal_police,2,6
47565,2020-07-20,27.1083,87.18657,"87.18657,27.1083","Landslide at Shukla, Pauwadungma Rural Municipality-5",True,True,nepal_police,2,23
47566,2020-07-20,27.19597,87.20955,"87.20955,27.19597","Landslide at Odane, Arun Rural Municipality-4",True,True,nepal_police,2,23
47568,2020-07-20,27.2108,87.63645,"87.63645,27.2108","Landslide at Sankanti Bazer, Aathrai Rural Municipality-1",True,True,nepal_police,1,23
47571,2020-07-20,26.92234,85.78385,"85.78385,26.92234","Landslide at Gausala, Gaushala Municipality-5",True,True,nepal_police,1,23
47576,2020-07-20,27.8742,83.13271,"83.13271,27.8742","Landslide at Jholunge Pull, Sitganga Municipality-2",True,True,nepal_police,5,23
47579,2020-07-20,27.59824,85.22474,"85.22474,27.59824","Landslide at Raksha Khola, Indrasarowar Rural Municipality-4",True,True,nepal_police,1,23
47583,2020-07-20,29.37566,81.32803,"81.32803,29.37566","Landslide at Rila, Budhiganga Municipality-4",True,True,nepal_police,2,23
47585,2020-07-20,27.7283,85.76452,"85.76452,27.7283","Landslide at Bhaise, Chautara SangachokGadhi Municipality-9",True,True,nepal_police,2,23
47586,2020-07-19,29.38537,81.35861,"81.35861,29.38537","Landslide at Tapre, Budhiganga Municipality-3",True,True,nepal_police,3,6
47587,2020-07-20,27.8965,84.72703,"84.72703,27.8965","Landslide at Phujel, Gandaki Rural Municipality-4",True,True,nepal_police,1,23
47588,2020-07-19,29.80372,80.64104,"80.64104,29.80372","Landslide at Godani, Naugad Rural Municipality-2",True,True,nepal_police,2,6
47590,2020-07-20,28.0772,84.45523,"84.45523,28.0772",Landslide at Bhanu Municipality-9,True,True,nepal_police,1,23
47594,2020-07-20,27.75503,84.72276,"84.72276,27.75503","Landslide at Bhusatar, Benighat Rorang Rural Municipality-8",True,True,nepal_police,1,23
47595,2020-07-20,27.78088,84.8462,"84.8462,27.78088","Landslide at Majhuwa, Gajuri Rural Municipality-2",True,True,nepal_police,2,23
47596,2020-07-20,28.02215,84.84224,"84.84224,28.02215","Landslide at Golang, Tripura Sundari Rural Municipality-6",True,True,nepal_police,1,23
47597,2020-07-20,28.02056,84.45134,"84.45134,28.02056","Landslide at Dhukuti, Bhanu Municipality-3",True,True,nepal_police,1,23
47599,2020-07-20,27.22422,86.86159,"86.86159,27.22422","Landslide at Pankhukhola, Diktel Rupakot Majhuwagadhi Municipality-8",True,True,nepal_police,2,23
47600,2020-07-20,27.19119,87.5576,"87.5576,27.19119","Landslide at Neabee, Phedap Rural Municipality-2",True,True,nepal_police,1,23
47601,2020-07-20,27.1336,87.78257,"87.78257,27.1336","Landslide at Phidim bazer, Phidim Municipality-1",True,True,nepal_police,3,23
47603,2020-07-20,26.98471,87.54244,"87.54244,26.98471","Landslide at Khairai, Tumbewa Rural Municipality-2",True,True,nepal_police,1,23
47616,2020-07-20,28.12259,84.42756,"84.42756,28.12259",Landslide at Sundarbazar Municipality-7,True,True,nepal_police,1,23
47617,2020-07-20,28.14766,84.47044,"84.47044,28.14766","Landslide at Bharate, Dordi Rural Municipality-1",True,True,nepal_police,2,23
47621,2020-07-20,27.88529,84.68225,"84.68225,27.88529","Landslide at Patisowara, Gandaki Rural Municipality-2",True,True,nepal_police,1,23
47622,2020-07-20,27.98956,83.61845,"83.61845,27.98956","Landslide at ratopul, Galyang Municipality-5",True,True,nepal_police,2,23
47628,2020-07-21,27.916,83.64549,"83.64549,27.916","Landslide at Malung, Galyang Municipality-1",True,True,nepal_police,4,17
47630,2020-07-21,27.96868,84.39109,"84.39109,27.96868","Landslide at Chisapani, Bandipur Rural Municipality-1",True,True,nepal_police,1,17
47638,2020-07-21,28.36927,84.32683,"84.32683,28.36927","Landslide at Pallotari, Marsyangdi Rural Municipality-3",True,True,nepal_police,9,17
47640,2020-07-21,27.6249,85.244,"85.244,27.6249",Landslide at Dakshinkali Municipality-9,True,True,nepal_police,2,17
47642,2020-07-21,27.80033,85.33722,"85.33722,27.80033","Landslide at Pasidada, Tokha Municipality-1",True,True,nepal_police,2,17
47647,2020-07-21,28.78191,82.37282,"82.37282,28.78191","Landslide at Sona, Aathbiskot Municipality-9",True,True,nepal_police,2,17
47649,2020-07-21,29.73917,80.43774,"80.43774,29.73917","Landslide at Aaudakhan, Malikaarjun Rural Municipality-8",True,True,nepal_police,3,17
47650,2020-07-21,27.11078,87.8763,"87.8763,27.11078","Landslide at Rametea, Phidim Municipality-13",True,True,nepal_police,3,17
47651,2020-07-21,26.77682,88.07151,"88.07151,26.77682","Landslide at Modhidada, Buddhashanti Rural Municipality-7",True,True,nepal_police,1,17
47655,2020-07-21,27.77921,84.48542,"84.48542,27.77921",Landslide at Bharatpur Metropolitan City-29,True,True,nepal_police,23,17
47656,2020-07-21,27.96501,84.62127,"84.62127,27.96501","Landslide at laxmibazer, Gorkha Municipality-9",True,True,nepal_police,1,17
47657,2020-07-21,27.97664,84.41894,"84.41894,27.97664","Landslide at Sagbute, Bhanu Municipality-1",True,True,nepal_police,1,17
47658,2020-07-21,27.87775,84.39711,"84.39711,27.87775","Landslide at Naldi, Bandipur Rural Municipality-6",True,True,nepal_police,2,17
47659,2020-07-21,28.49218,83.61615,"83.61615,28.49218","Landslide at Jhurung, Annapurna Rural Municipality-2",True,True,nepal_police,6,17
47660,2020-07-21,27.94263,83.76685,"83.76685,27.94263","Landslide at Gau Swara, Galyang Municipality-10",True,True,nepal_police,1,17
47664,2020-07-22,27.74194,83.509,"83.509,27.74194","Landslide at naghmandir, Tinau Rural Municipality-3",True,True,nepal_police,23,6
47665,2020-07-21,29.73917,80.43774,"80.43774,29.73917","Landslide at Gadkhola, Malikaarjun Rural Municipality-8",True,True,nepal_police,3,17
47667,2020-07-22,27.03747,87.44469,"87.44469,27.03747",Landslide at Chhathar Rural Municipality-2,True,True,nepal_police,3,6
47668,2020-07-22,27.20901,87.94642,"87.94642,27.20901",Landslide at Falelung Rural Municipality-3,True,True,nepal_police,6,6
47671,2020-07-22,27.04376,87.40887,"87.40887,27.04376","Landslide at Chumlung, Chhathar Jorpati Rural Municipality-5",True,True,nepal_police,1,6
47677,2020-07-22,28.36927,84.32683,"84.32683,28.36927","Landslide at pallotari, Marsyangdi Rural Municipality-3",True,True,nepal_police,9,6
47687,2020-07-22,27.48522,85.03089,"85.03089,27.48522","Landslide at Khoplang, Bhimphedi Rural Municipality-1",True,True,nepal_police,1,6
47689,2020-07-23,28.36927,84.32683,"84.32683,28.36927","Landslide at Khaharekhole, Marsyangdi Rural Municipality-3",True,True,nepal_police,9,4
47692,2020-07-23,27.29062,87.8113,"87.8113,27.29062","Landslide at Thumbedin, Pathibhara Yangwarak Rural Municipality-6",True,True,nepal_police,3,4
47693,2020-07-23,27.1336,87.78257,"87.78257,27.1336","Landslide at Sabrnag, Phidim Municipality-1",True,True,nepal_police,3,4
47699,2020-07-21,27.87775,84.39711,"84.39711,27.87775","Landslide at Ghat, Bandipur Rural Municipality-6",True,True,nepal_police,2,17
47700,2020-07-23,28.30492,83.56437,"83.56437,28.30492","Landslide at Malika, Baglung Municipality-5",True,True,nepal_police,1,4
47704,2020-07-24,27.74257,85.0765,"85.0765,27.74257","Landslide at Karkigau, Thakre Rural Municipality-6",True,True,nepal_police,1,7
47713,2020-07-24,27.82531,85.04128,"85.04128,27.82531","Landslide at Dui Pipal, Belkotgadhi Municipality-5",True,True,nepal_police,3,7
47714,2020-07-24,27.93419,83.70069,"83.70069,27.93419","Landslide at Tulsi Bhanjang, Galyang Municipality-11",True,True,nepal_police,2,7
47716,2020-07-24,27.84292,83.91117,"83.91117,27.84292","Landslide at Ginijdada, Rampur Municipality-4",True,True,nepal_police,1,7
47718,2020-07-24,28.10257,82.54068,"82.54068,28.10257","Landslide at Changair, Ghorahi Submetropolitan City-19",True,True,nepal_police,2,7
47722,2020-07-24,27.58106,85.17541,"85.17541,27.58106","Landslide at Sukaura, Indrasarowar Rural Municipality-2",True,True,nepal_police,13,7
47730,2020-07-24,29.80763,80.5784,"80.5784,29.80763","Landslide at Badali, Mahakali_Darchula Municipality-3",True,True,nepal_police,1,7
47735,2020-07-25,27.30805,87.60812,"87.60812,27.30805","Landslide at Hangam, Aathrai Tribeni Rural Municipality-3",True,True,nepal_police,1,3
47736,2020-07-25,28.26162,83.61008,"83.61008,28.26162","Landslide at Nerahughat, Kushma Municipality-1",True,True,nepal_police,1,3
47737,2020-07-25,27.94582,83.42173,"83.42173,27.94582","Landslide at Khopa, Ruru Rural Municipality-1",True,True,nepal_police,3,3
47740,2020-07-26,29.09407,81.63939,"81.63939,29.09407","Landslide at Adhikari Bada, Subha Kalika Rural Municipality-5",True,True,nepal_police,2,3
47743,2020-07-27,27.74194,83.509,"83.509,27.74194","Landslide at Paitedada, Tinau Rural Municipality-3",True,True,nepal_police,23,8
47744,2020-07-27,26.78922,88.05344,"88.05344,26.78922","Landslide at Ojhali, Rong Rural Municipality-4",True,True,nepal_police,3,8
47745,2020-07-27,27.42044,86.58843,"86.58843,27.42044","Landslide at Salme, Nechasalyan Rural Municipality-6",True,True,nepal_police,18,8
47749,2020-07-26,27.83284,85.12465,"85.12465,27.83284",Landslide at Belkotgadhi Municipality-9,True,True,nepal_police,3,3
47750,2020-07-27,28.15247,83.79023,"83.79023,28.15247","Landslide at Sirindace, Aandhikhola Rural Municipality-2",True,True,nepal_police,1,8
47751,2020-07-27,28.68988,83.58687,"83.58687,28.68988","Landslide at Naurikot, Thasang Rural Municipality-2",True,True,nepal_police,1,8
47752,2020-07-27,28.376,83.55165,"83.55165,28.376","Landslide at Kaulegauda, Beni Municipality-9",True,True,nepal_police,1,8
47757,2020-07-28,27.41658,87.23959,"87.23959,27.41658","Landslide at heguwo, Khandbari Municipality-6",True,True,nepal_police,3,26
47760,2020-07-27,27.17787,87.142,"87.142,27.17787","Landslide at Tiwaribhangang, Pauwadungma Rural Municipality-2",True,True,nepal_police,3,8
47763,2020-07-28,28.44052,83.17997,"83.17997,28.44052","Landslide at Kholeshwong, Taman Khola Rural Municipality-1",True,True,nepal_police,2,26
47766,2020-07-28,27.81101,83.54275,"83.54275,27.81101","Landslide at Gaudepul, Tansen Municipality-8",True,True,nepal_police,8,26
47767,2020-07-28,27.90246,83.71187,"83.71187,27.90246","Landslide at Asardhhi, Rambha Rural Municipality-1",True,True,nepal_police,3,26
47768,2020-07-28,28.68223,82.46736,"82.46736,28.68223",Landslide at Banfikot Rural Municipality-4,True,True,nepal_police,4,26
47770,2020-07-28,28.68351,82.44758,"82.44758,28.68351","Landslide at Shalakheet, Banfikot Rural Municipality-9",True,True,nepal_police,4,26
47771,2020-07-28,29.87278,80.5742,"80.5742,29.87278","Landslide at Sallekhate, Dunhu Rural Municipality-3",True,True,nepal_police,1,26
47772,2020-07-27,27.37534,87.06096,"87.06096,27.37534","Landslide at Kudam, Shadananda Municipality-2",True,True,nepal_police,1,8
47774,2020-07-28,26.97728,87.33176,"87.33176,26.97728","Landslide at Kachade, Dhankuta Municipality-6",True,True,nepal_police,1,26
47778,2020-07-28,27.77813,86.16436,"86.16436,27.77813","Landslide at Singati, Bigu Rural Municipality-4",True,True,nepal_police,2,26
47780,2020-07-28,27.40768,85.81462,"85.81462,27.40768","Landslide at Kameretar, Sunkoshi Rural Municipality-2",True,True,nepal_police,3,26
47783,2020-07-28,27.88385,83.62873,"83.62873,27.88385","Landslide at Sera, Bagnaskali Rural Municipality-4",True,True,nepal_police,4,26
47785,2020-07-28,28.11394,83.43363,"83.43363,28.11394","Landslide at Khasimare, Chandrakot Rural Municipality-4",True,True,nepal_police,1,26
47787,2020-07-28,27.86619,83.66918,"83.66918,27.86619","Landslide at Pipaldada, Rambha Rural Municipality-3",True,True,nepal_police,1,26
47788,2020-07-28,27.88385,83.62873,"83.62873,27.88385","Landslide at Bhalewas, Bagnaskali Rural Municipality-4",True,True,nepal_police,4,26
47789,2020-07-28,29.26654,81.61856,"81.61856,29.26654","Landslide at Tapke, Raskot Municipality-1",True,True,nepal_police,4,26
47792,2020-07-28,28.73999,82.43435,"82.43435,28.73999","Landslide at Baphi, Banfikot Rural Municipality-7",True,True,nepal_police,3,26
47793,2020-07-28,28.35288,83.27139,"83.27139,28.35288","Landslide at Piralle, Dhorpatan Municipality-4",True,True,nepal_police,84,26
47794,2020-07-28,26.9797,87.94728,"87.94728,26.9797","Landslide at Sumbek, Illam Municipality-2",True,True,nepal_police,1,26
47795,2020-07-28,27.32788,87.20617,"87.20617,27.32788","Landslide at Dhungea, Panchakhapan Municipality-4",True,True,nepal_police,1,26
47796,2020-07-28,26.96222,87.34422,"87.34422,26.96222","Landslide at Jeropoint, Dhankuta Municipality-7",True,True,nepal_police,2,26
47801,2020-07-28,28.33749,83.59096,"83.59096,28.33749","Landslide at Lamekhat, Jaljala Rural Municipality-4",True,True,nepal_police,1,26
47802,2020-07-28,28.28929,83.74737,"83.74737,28.28929","Landslide at Patichour, Modi Rural Municipality-2",True,True,nepal_police,1,26
47803,2020-07-28,28.09321,83.36524,"83.36524,28.09321","Landslide at Pipalpata, Chandrakot Rural Municipality-8",True,True,nepal_police,3,26
47804,2020-07-28,27.97449,83.14687,"83.14687,27.97449","Landslide at Futwang, Sandhikharka Municipality-1",True,True,nepal_police,1,26
47805,2020-07-29,27.98461,82.7039,"82.7039,27.98461","Landslide at sakine, Banglachuli Rural Municipality-5",True,True,nepal_police,1,14
47806,2020-07-28,29.29117,81.28679,"81.28679,29.29117","Landslide at Kuskote, Mellekh Rural Municipality-4",True,True,nepal_police,2,26
47809,2020-07-26,29.14739,81.55311,"81.55311,29.14739","Landslide at lalu, Naraharinath Rural Municipality-8",True,True,other,1,3
47810,2020-07-29,29.21203,81.54287,"81.54287,29.21203","Landslide at majhgothi, Naraharinath Rural Municipality-4",True,True,other,2,14
47811,2020-07-29,29.19824,81.50856,"81.50856,29.19824","Landslide at Bagha, Naraharinath Rural Municipality-7",True,True,other,2,14
47812,2020-07-29,26.98681,87.99809,"87.99809,26.98681","Landslide at Payang, Maijogmai Rural Municipality-6",True,True,nepal_police,4,14
47818,2020-07-29,28.9751,81.77561,"81.77561,28.9751",Landslide at Naumule Rural Municipality-2,True,True,nepal_police,1,14
47819,2020-07-29,29.00656,81.44642,"81.44642,29.00656","Landslide at Jaksi, Aathabis Municipality-3",True,True,nepal_police,2,14
47821,2020-07-29,29.21203,81.54287,"81.54287,29.21203","Landslide at Ringepani, Naraharinath Rural Municipality-4",True,True,nepal_police,2,14
47823,2020-07-29,29.34285,81.71576,"81.71576,29.34285","Landslide at Kavri, Jagannath Rural Municipality-6",True,True,nepal_police,3,14
47832,2020-07-29,28.0195,83.48148,"83.48148,28.0195","Landslide at Kholte, Satyawati Rural Municipality-4",True,True,nepal_police,2,14
47834,2020-07-29,28.68031,81.51206,"81.51206,28.68031","Landslide at Daurali, Barahtal Rural Municipality-8",True,True,nepal_police,2,14
47836,2020-07-29,29.06122,81.73167,"81.73167,29.06122","Landslide at Kodewona, Mahawai Rural Municipality-2",True,True,nepal_police,1,14
47838,2020-07-29,29.40589,81.3771,"81.3771,29.40589","Landslide at Amarkote, Budhiganga Municipality-1",True,True,nepal_police,7,14
47839,2020-07-29,29.18417,81.33646,"81.33646,29.18417","Landslide at Dharna, Bannigadhi Jayagadh Rural Municipality-6",True,True,nepal_police,1,14
47840,2020-07-28,29.11432,81.3919,"81.3919,29.11432","Landslide at Neupanetole, Panchadewal Binayak Municipality-2",True,True,nepal_police,1,26
47844,2020-07-30,27.1539,87.47085,"87.47085,27.1539","Landslide at Kande, Laligurans Municipality-9",True,True,nepal_police,5,4
47845,2020-07-30,27.0601,87.51178,"87.51178,27.0601","Landslide at Dopkile, Chhathar Rural Municipality-5",True,True,nepal_police,2,4
47846,2020-07-30,27.86526,84.60671,"84.60671,27.86526","Landslide at Kurintar, Ichchhyakamana Rural Municipality-4",True,True,nepal_police,3,4
47851,2020-07-30,29.27583,81.57009,"81.57009,29.27583","Landslide at Budhagau, Sanni Tribeni Rural Municipality-6",True,True,nepal_police,1,4
47852,2020-07-29,28.6289,81.38669,"81.38669,28.6289","Landslide at sukurmala, Barahtal Rural Municipality-3",True,True,nepal_police,1,14
47859,2020-07-31,27.97909,82.83663,"82.83663,27.97909","Landslide at Adherikhola, Sarumarani Rural Municipality-4",True,True,nepal_police,14,8
47863,2020-07-31,29.26654,81.61856,"81.61856,29.26654","Landslide at Chadipani, Raskot Municipality-1",True,True,nepal_police,4,8
47865,2020-07-31,29.25841,81.80191,"81.80191,29.25841","Landslide at Damri, Palata Rural Municipality-8",True,True,nepal_police,1,8
47866,2020-07-31,27.96986,83.44816,"83.44816,27.96986","Landslide at Bhandadri, Ruru Rural Municipality-2",True,True,nepal_police,3,8
47868,2020-08-01,27.81183,84.54786,"84.54786,27.81183","Landslide at Jalbire, Ichchhyakamana Rural Municipality-6",True,True,nepal_police,16,4
47869,2020-07-31,28.01148,83.41529,"83.41529,28.01148","Landslide at Asipata, Ruru Rural Municipality-5",True,True,nepal_police,1,8
47870,2020-07-31,28.41396,81.96001,"81.96001,28.41396","Landslide at Jumli, Gurbhakot Municipality-3",True,True,nepal_police,3,8
47871,2020-07-31,28.70618,82.10748,"82.10748,28.70618","Landslide at Doken, Bheri Municipality-7",True,True,nepal_police,1,8
47873,2020-08-01,26.8428,87.18168,"87.18168,26.8428",Landslide at Barah Municipality-1,True,True,other,12,4
47877,2020-08-01,27.79153,85.24012,"85.24012,27.79153",Landslide at Kakani Rural Municipality-2,True,True,other,3,4
47878,2020-08-01,27.94248,85.10021,"85.10021,27.94248","Landslide at Kagunea, Bidur Municipality-13",True,True,other,2,4
47883,2020-08-02,27.74194,83.509,"83.509,27.74194","Landslide at Siddababa, Tinau Rural Municipality-3",True,True,nepal_police,23,2
47885,2020-07-31,29.53347,80.68897,"80.68897,29.53347","Landslide at Mallodhole, Surnaya Rural Municipality-8",True,True,nepal_police,3,8
47888,2020-08-02,28.35562,85.01768,"85.01768,28.35562","Landslide at tatopani, Dharche Rural Municipality-1",True,True,nepal_police,3,2
47893,2020-08-03,27.97273,85.61311,"85.61311,27.97273","Landslide at Baruwa, Panchpokhari Thangpal Rural Municipality-2",True,True,nepal_police,1,8
47895,2020-08-03,28.21392,83.95413,"83.95413,28.21392","Landslide at Lekhside, Pokhara Lekhnath Metropolitan City-6",True,True,nepal_police,3,8
47897,2020-08-03,27.97909,82.83663,"82.83663,27.97909",Landslide at Sarumarani Rural Municipality-4,True,True,nepal_police,14,8
47898,2020-08-03,27.83135,85.55807,"85.55807,27.83135","Landslide at Gairabager, Melamchi Municipality-11",True,True,other,2,8
47899,2020-08-03,27.1539,87.47085,"87.47085,27.1539","Landslide at Kade, Laligurans Municipality-9",True,True,nepal_police,5,8
47901,2020-08-03,27.80398,85.96229,"85.96229,27.80398","Landslide at Karthali, Barhabise Municipality-2",True,True,nepal_police,1,8
47902,2020-08-03,27.56244,85.21963,"85.21963,27.56244","Landslide at Bhakuwatar, Indrasarowar Rural Municipality-3",True,True,nepal_police,6,8
47908,2020-08-03,27.57378,86.40828,"86.40828,27.57378","Landslide at Chase, Likhupike Rural Municipality-4",True,True,nepal_police,2,8
47911,2020-08-04,27.12477,87.93709,"87.93709,27.12477","Landslide at falgu, Falelung Rural Municipality-6",True,True,nepal_police,1,2
47912,2020-08-04,27.16179,87.93504,"87.93504,27.16179","Landslide at Ludin, Falelung Rural Municipality-5",True,True,nepal_police,6,2
47925,2020-08-06,27.84555,85.05348,"85.05348,27.84555","Landslide at Tarukaghat, Belkotgadhi Municipality-7",True,True,nepal_police,1,5
47926,2020-08-06,27.58106,85.17541,"85.17541,27.58106","Landslide at Sukaura, Indrasarowar Rural Municipality-2",True,True,nepal_police,13,5
47933,2020-08-06,27.54493,85.26027,"85.26027,27.54493","Landslide at Ghusel, Bagmati Rural Municipality-1",True,True,nepal_police,3,5
47934,2020-08-06,28.34727,83.5744,"83.5744,28.34727","Landslide at Lamakhet, Jaljala Rural Municipality-3",True,True,nepal_police,3,5
47939,2020-08-07,29.63545,80.64445,"80.64445,29.63545","Landslide at Matahiraja, Dilasaini Rural Municipality-4",True,True,nepal_police,1,1
47940,2020-08-06,27.82051,86.29981,"86.29981,27.82051","Landslide at Chuintar, Gaurishankar Rural Municipality-8",True,True,nepal_police,2,5
47949,2020-08-08,27.13123,86.49529,"86.49529,27.13123","Landslide at Dekuwo, Halesi Tuwachung Municipality-2",True,True,nepal_police,1,5
47950,2020-08-08,26.96338,87.25833,"87.25833,26.96338",Landslide at Shahidbhumi Rural Municipality-6,True,True,nepal_police,1,5
47952,2020-08-08,27.81183,84.54786,"84.54786,27.81183",Landslide at Ichchhyakamana Rural Municipality-6,True,True,nepal_police,16,5
47957,2020-08-08,29.46989,81.39846,"81.39846,29.46989","Landslide at gawani, Gaumul Rural Municipality-4",True,True,nepal_police,2,5
47961,2020-08-09,29.79914,82.28447,"82.28447,29.79914","Landslide at Mirmigau, Chankheli Rural Municipality-3",True,True,nepal_police,1,1
47964,2020-08-08,27.30205,87.9076,"87.9076,27.30205","Landslide at Angkhope, Sidingba Rural Municipality-3",True,True,nepal_police,3,5
47965,2020-08-10,27.94248,85.10021,"85.10021,27.94248","Landslide at Kagunea, Bidur Municipality-13",True,True,nepal_police,2,4
47966,2020-08-10,28.20593,84.09817,"84.09817,28.20593","Landslide at Shyangkhudi, Pokhara Lekhnath Metropolitan City-28",True,True,nepal_police,3,4
47967,2020-08-10,27.84902,83.87486,"83.87486,27.84902","Landslide at Giging dada, Rampur Municipality-7",True,True,nepal_police,1,4
47968,2020-08-10,27.98381,83.29954,"83.29954,27.98381","Landslide at Kusinchour, Gulmidarbar Rural Municipality-5",True,True,nepal_police,1,4
47984,2020-08-12,26.94987,87.30312,"87.30312,26.94987","Landslide at Guthitar, Dhankuta Municipality-9",True,True,nepal_police,3,2
47990,2020-08-12,29.05061,80.95158,"80.95158,29.05061","Landslide at Budhakot, Badikedar Rural Municipality-5",True,True,nepal_police,1,2
47998,2020-08-13,28.19214,83.5376,"83.5376,28.19214","Landslide at Neupanetole, Jaimini Municipality-3",True,True,nepal_police,1,4
48005,2020-08-14,27.92278,85.75019,"85.75019,27.92278","Landslide at Lidi, Jugal Rural Municipality-2",True,True,nepal_police,4,3
48006,2020-08-13,27.69249,85.09221,"85.09221,27.69249","Landslide at Gaurigau, Thaha Municipality-12",True,True,nepal_police,1,4
48008,2020-08-13,29.00829,81.87928,"81.87928,29.00829","Landslide at Naku, Mahawai Rural Municipality-3",True,True,nepal_police,2,4
48012,2020-08-14,29.15426,81.5725,"81.5725,29.15426","Landslide at Dhari, Naraharinath Rural Municipality-1",True,True,nepal_police,1,3
48013,2020-08-14,29.09407,81.63939,"81.63939,29.09407",Landslide at Subha Kalika Rural Municipality-5,True,True,nepal_police,2,3
48014,2020-08-13,29.74608,80.67077,"80.67077,29.74608","Landslide at Veer, Naugad Rural Municipality-5",True,True,nepal_police,2,4
48017,2020-08-15,28.40025,83.00012,"83.00012,28.40025","Landslide at Karigau, Nisikhola Rural Municipality-5",True,True,nepal_police,2,4
48020,2020-08-15,27.88838,85.98608,"85.98608,27.88838","Landslide at Liuksing, Bhotekoshi Rural Municipality-4",True,True,nepal_police,7,4
48021,2020-08-15,28.34724,83.04699,"83.04699,28.34724","Landslide at Dharkhaka, Nisikhola Rural Municipality-3",True,True,nepal_police,1,4
48023,2020-08-15,28.94669,81.48168,"81.48168,28.94669","Landslide at Kumalukhola, Aathabis Municipality-1",True,True,nepal_police,2,4
48026,2020-08-16,28.19349,85.38617,"85.38617,28.19349","Landslide at Medangfedung, Gosaikunda Rural Municipality-3",True,True,nepal_police,7,2
48027,2020-08-16,28.60649,83.6488,"83.6488,28.60649",Landslide at Thasang Rural Municipality-4,True,True,nepal_police,12,2
48038,2020-08-17,28.28117,85.45901,"85.45901,28.28117","Landslide at Rasuwagadhi, Gosaikunda Rural Municipality-2",True,True,nepal_police,12,3
48039,2020-08-17,28.4736,84.37288,"84.37288,28.4736","Landslide at Taldada, Nashong Rural Municipality-1",True,True,nepal_police,6,3
48040,2020-08-17,28.28501,83.62088,"83.62088,28.28501","Landslide at Khaniyaghat, Jaljala Rural Municipality-8",True,True,nepal_police,2,3
48053,2020-08-19,29.02784,81.56228,"81.56228,29.02784","Landslide at gairigau, Thantikandh Rural Municipality-4",True,True,other,1,11
48057,2020-08-19,29.57197,80.85105,"80.85105,29.57197","Landslide at Midigau, Bungal Municipality-5",True,True,other,1,11
48058,2020-08-19,29.42624,81.2895,"81.2895,29.42624","Landslide at Bankada, Khaptad Chhededaha Rural Municipality-5",True,True,other,3,11
48070,2020-08-19,29.51528,80.60121,"80.60121,29.51528","Landslide at Madagau, Surnaya Rural Municipality-5",True,True,nepal_police,2,11
48072,2020-08-19,29.53636,80.57271,"80.57271,29.53636","Landslide at Meldhungram, Surnaya Rural Municipality-4",True,True,nepal_police,1,11
48073,2020-08-19,28.63017,81.96014,"81.96014,28.63017","Landslide at Gandra, Simta Rural Municipality-1",True,True,nepal_police,2,11
48075,2020-08-19,28.38111,82.17939,"82.17939,28.38111","Landslide at Purano Buspark, Sharada Municipality-2",True,True,nepal_police,1,11
48081,2020-08-20,27.66865,85.54345,"85.54345,27.66865","Landslide at Tindhara, Banepa Municipality-3",True,True,nepal_police,2,10
48082,2020-08-19,28.40098,82.59988,"82.59988,28.40098","Landslide at Gharbasa, Rolpa Municipality-8",True,True,nepal_police,6,11
48083,2020-08-20,28.18176,82.86352,"82.86352,28.18176","Landslide at Phopli, Naubahini Rural Municipality-8",True,True,nepal_police,2,10
48085,2020-08-19,28.08767,83.07583,"83.07583,28.08767","Landslide at Lamdhara, Malarani Rural Municipality-6",True,True,nepal_police,3,11
48087,2020-08-20,28.75903,82.40618,"82.40618,28.75903","Landslide at Damargau, Aathbiskot Municipality-10",True,True,nepal_police,3,10
48088,2020-08-20,28.58452,82.50389,"82.50389,28.58452","Landslide at Adubari, Musikot Municipality-9",True,True,nepal_police,1,10
48089,2020-08-20,28.54411,82.42344,"82.42344,28.54411","Landslide at Kalimati, Tribeni Rural Municipality-4",True,True,nepal_police,2,10
48090,2020-08-19,29.17719,81.53945,"81.53945,29.17719","Landslide at Malkot, Naraharinath Rural Municipality-6",True,True,nepal_police,3,11
48097,2020-08-21,28.50299,82.42854,"82.42854,28.50299","Landslide at Supatodkey, Sukidaha Rural Municipality-4",True,True,nepal_police,3,2
48098,2020-08-20,28.50299,82.42854,"82.42854,28.50299","Landslide at Dalsing, Sukidaha Rural Municipality-4",True,True,nepal_police,3,10
48099,2020-08-20,28.40448,82.54804,"82.54804,28.40448","Landslide at Dang, Madi Rural Municipality-5",True,True,nepal_police,1,10
48100,2020-08-20,28.54411,82.42344,"82.42344,28.54411","Landslide at Basekhole, Tribeni Rural Municipality-4",True,True,nepal_police,2,10
48102,2020-08-21,28.40098,82.59988,"82.59988,28.40098","Landslide at Namli, Rolpa Municipality-8",True,True,nepal_police,6,2
48104,2020-08-20,28.45688,82.66177,"82.66177,28.45688","Landslide at Silbang, Thawang Rural Municipality-3",True,True,nepal_police,3,10
48114,2020-08-19,29.2601,81.52866,"81.52866,29.2601","Landslide at Chauke, Naraharinath Rural Municipality-5",True,True,nepal_police,1,11
48117,2020-08-23,28.15367,84.32817,"84.32817,28.15367","Landslide at Dhusan, Sundarbazar Municipality-10",True,True,nepal_police,1,1
48121,2020-08-20,28.40098,82.59988,"82.59988,28.40098","Landslide at Khumbase, Rolpa Municipality-8",True,True,nepal_police,6,10
48122,2020-08-25,28.32446,83.16755,"83.16755,28.32446","Landslide at Arnake, Dhorpatan Municipality-1",True,True,nepal_police,2,1
48145,2020-08-26,27.88838,85.98608,"85.98608,27.88838","Landslide at Daklang, Bhotekoshi Rural Municipality-4",True,True,nepal_police,7,1
48172,2020-08-30,29.20436,81.89183,"81.89183,29.20436","Landslide at Namga, Tilagufa Municipality-1",True,True,nepal_police,2,1
48175,2020-08-31,29.17719,81.53945,"81.53945,29.17719",Landslide at Naraharinath Rural Municipality-6,True,True,other,3,2
48177,2020-08-31,27.41658,87.23959,"87.23959,27.41658","Landslide at Pancha, Khandbari Municipality-6",True,True,nepal_police,3,2
48193,2020-09-01,27.70577,86.12539,"86.12539,27.70577","Landslide at Sunkhani, Kalinchok Rural Municipality-7",True,True,nepal_police,1,1
48207,2020-09-03,28.291,83.95624,"83.95624,28.291","Landslide at Besikhet, Pokhara Lekhnath Metropolitan City-19",True,True,nepal_police,5,1
48212,2020-09-04,28.23757,83.95315,"83.95315,28.23757","Landslide at Sarankot, Pokhara Lekhnath Metropolitan City-18",True,True,other,7,1
48223,2020-09-06,27.37392,87.83476,"87.83476,27.37392",Landslide at Sirijangha Rural Municipality-4,True,True,nepal_police,3,1
48227,2020-09-07,27.88838,85.98608,"85.98608,27.88838","Landslide at Dakling, Bhotekoshi Rural Municipality-4",True,True,nepal_police,7,4
48231,2020-09-07,28.43406,83.12174,"83.12174,28.43406","Landslide at Upallodagadi, Dhorpatan Municipality-6",True,True,nepal_police,2,4
48232,2020-09-08,28.15339,84.14256,"84.14256,28.15339","Landslide at Brahchok, Rupa Rural Municipality-6",True,True,nepal_police,1,3
48233,2020-09-07,27.38012,87.39428,"87.39428,27.38012","Landslide at Dahadea, Panchakhapan Municipality-9",True,True,nepal_police,2,4
48235,2020-09-08,27.74692,86.11321,"86.11321,27.74692","Landslide at Lapilang, Kalinchok Rural Municipality-5",True,True,nepal_police,1,3
48238,2020-09-07,28.1756,84.10946,"84.10946,28.1756","Landslide at Birautopokhari, Pokhara Lekhnath Metropolitan City-31",True,True,nepal_police,3,4
48242,2020-09-08,26.88382,86.51603,"86.51603,26.88382","Landslide at Rajabase, Udayapurgadhi Rural Municipality-6",True,True,nepal_police,2,3
48258,2020-09-11,28.26923,83.12227,"83.12227,28.26923","Landslide at Nigalpani, Badigad Rural Municipality-10",True,True,nepal_police,3,3
48259,2020-09-10,28.2543,83.90601,"83.90601,28.2543","Landslide at Khoriyapani, Pokhara Lekhnath Metropolitan City-24",True,True,nepal_police,7,1
48260,2020-09-11,28.81039,81.57652,"81.57652,28.81039","Landslide at Darbare, Dullu Municipality-1",True,True,nepal_police,3,3
48262,2020-09-11,27.52613,87.03846,"87.03846,27.52613","Landslide at Chirkhuwa, Silichong Rural Municipality-2",True,True,nepal_police,4,3
48263,2020-09-12,28.20794,82.85389,"82.85389,28.20794","Landslide at Goganpani, Naubahini Rural Municipality-7",True,True,nepal_police,5,4
48264,2020-09-12,28.2871,82.85831,"82.85831,28.2871","Landslide at Aite, Lungri Rural Municipality-1",True,True,nepal_police,1,4
48265,2020-09-12,27.41126,87.15108,"87.15108,27.41126","Landslide at Shukrabare, Khandbari Municipality-10",True,True,nepal_police,1,4
48270,2020-09-13,27.86366,85.85338,"85.85338,27.86366",Landslide at Barhabise Municipality-7,True,True,other,1,4
48271,2020-09-13,28.16638,83.62845,"83.62845,28.16638","Landslide at Binamera, Jaimini Municipality-5",True,True,nepal_police,1,4
48272,2020-09-13,28.1947,83.61867,"83.61867,28.1947","Landslide at Tunibote, Jaimini Municipality-1",True,True,nepal_police,1,4
48276,2020-09-13,27.33461,87.55868,"87.55868,27.33461","Landslide at Khani, Maiwakhola Rural Municipality-2",True,True,nepal_police,1,4
48279,2020-09-12,27.98567,86.18239,"86.18239,27.98567","Landslide at Sallu, Bigu Rural Municipality-1",True,True,nepal_police,3,4
48282,2020-09-14,28.18966,83.66883,"83.66883,28.18966","Landslide at Siesuwa, Phalebas Municipality-4",True,True,other,1,2
48286,2020-09-14,28.13521,83.65491,"83.65491,28.13521","Landslide at Kurgha, Phalebas Municipality-10",True,True,nepal_police,2,2
48294,2020-09-15,27.38012,87.20967,"87.20967,27.38012",Landslide at Khandbari Municipality-1,True,True,nepal_police,4,1
48302,2020-09-16,27.16762,87.29509,"87.29509,27.16762","Landslide at Khanigau, Mahalaxmi Municipality-4",True,True,nepal_police,1,2
48311,2020-09-16,27.39683,87.63735,"87.63735,27.39683","Landslide at Dunja, Mikwakhola Rural Municipality-1",True,True,nepal_police,1,2
48349,2020-09-18,28.28925,83.05817,"83.05817,28.28925","Landslide at Arkha, Gaumukhi Rural Municipality-2",True,True,nepal_police,1,1
48360,2020-09-21,28.14591,83.23559,"83.23559,28.14591","Landslide at Ratchaur, Isma Rural Municipality-2",True,True,nepal_police,1,1
48363,2020-09-23,27.12865,87.76248,"87.76248,27.12865","Landslide at Muskan Choke, Phidim Municipality-2",True,True,nepal_police,2,9
48364,2020-09-23,27.18996,87.37937,"87.37937,27.18996","Landslide at Salle, Dharmadevi Municipality-2",True,True,nepal_police,1,9
48368,2020-09-23,27.58106,85.17541,"85.17541,27.58106","Landslide at Derali, Indrasarowar Rural Municipality-2",True,True,nepal_police,13,9
48369,2020-09-23,28.28501,83.62088,"83.62088,28.28501","Landslide at Pharse, Jaljala Rural Municipality-8",True,True,nepal_police,2,9
48372,2020-09-23,28.04601,83.09631,"83.09631,28.04601","Landslide at Bagisatbise, Malarani Rural Municipality-5",True,True,nepal_police,2,9
48378,2020-09-23,27.51082,85.29609,"85.29609,27.51082","Landslide at Pangdurdol, Bagmati Rural Municipality-3",True,True,nepal_police,14,9
48380,2020-09-23,28.29161,83.52564,"83.52564,28.29161","Landslide at Baskot, Kanthekhola Rural Municipality-2",True,True,nepal_police,1,9
48381,2020-09-23,27.916,83.64549,"83.64549,27.916","Landslide at Malung, Galyang Municipality-1",True,True,nepal_police,4,9
48382,2020-09-24,27.96087,83.55975,"83.55975,27.96087","Landslide at Gautamdada, Kaligandagi Rural Municipality-4",True,True,nepal_police,2,13
48383,2020-09-24,28.01035,83.72077,"83.72077,28.01035","Landslide at Tamadi, Waling Municipality-14",True,True,nepal_police,9,13
48384,2020-09-24,28.20936,84.53201,"84.53201,28.20936","Landslide at Chailung, Dordi Rural Municipality-5",True,True,nepal_police,1,13
48389,2020-09-24,27.87869,83.69563,"83.69563,27.87869","Landslide at Foxingcoat, Rambha Rural Municipality-2",True,True,nepal_police,3,13
48390,2020-09-24,27.87869,83.69563,"83.69563,27.87869","Landslide at Surungadada, Rambha Rural Municipality-2",True,True,nepal_police,3,13
48391,2020-09-24,26.90219,87.51275,"87.51275,26.90219","Landslide at Ghining Basi, Chaubise Rural Municipality-2",True,True,nepal_police,5,13
48393,2020-09-23,26.90269,87.74196,"87.74196,26.90269","Landslide at Sanring, Mangsebung Rural Municipality-1",True,True,nepal_police,2,9
48405,2020-09-24,27.78104,83.66859,"83.66859,27.78104","Landslide at Kerauli, Mathagadhi Rural Municipality-4",True,True,nepal_police,1,13
48406,2020-09-24,28.14423,82.89029,"82.89029,28.14423","Landslide at Khapring Khola, Pyuthan Municipality-8",True,True,nepal_police,1,13
48409,2020-09-24,27.74261,82.86572,"82.86572,27.74261","Landslide at Pahira, Shivaraj Municipality-1",True,True,nepal_police,3,13
48417,2020-09-24,27.59751,83.84238,"83.84238,27.59751",Landslide at Binayee Tribeni Rural Municipality-2,True,True,nepal_police,4,13
48418,2020-09-24,28.01035,83.72077,"83.72077,28.01035","Landslide at Tamadi, Waling Municipality-14",True,True,nepal_police,9,13
48429,2020-09-25,27.56333,84.83841,"84.83841,27.56333","Landslide at Khoplasi, Raksirang Rural Municipality-5",True,True,nepal_police,2,4
48430,2020-09-25,27.916,83.64549,"83.64549,27.916","Landslide at Nabbe, Galyang Municipality-1",True,True,nepal_police,4,4
48431,2020-09-24,28.01035,83.72077,"83.72077,28.01035","Landslide at Tamadi, Waling Municipality-14",True,True,nepal_police,9,13
48434,2020-09-24,27.79918,82.93102,"82.93102,27.79918",Landslide at Sitganga Municipality-10,True,True,nepal_police,2,13
48443,2020-09-25,27.21278,87.89174,"87.89174,27.21278","Landslide at Kolubung, Falelung Rural Municipality-2",True,True,nepal_police,3,4
48448,2020-09-25,28.15341,84.08222,"84.08222,28.15341","Landslide at Duda, Pokhara Lekhnath Metropolitan City-30",True,True,nepal_police,1,4
48492,2020-09-28,28.02043,82.77314,"82.77314,28.02043","Landslide at Damrikhola, Mandavi Rural Municipality-1",True,True,nepal_police,2,1
48509,2020-09-30,27.53068,85.33057,"85.33057,27.53068","Landslide at Dalchauki, Konjyosom Rural Municipality-3",True,True,nepal_police,1,1
48522,2020-10-02,27.7107,85.37787,"85.37787,27.7107","Landslide at Gothatar, Kageshwori Manahora Municipality-8",True,True,nepal_police,1,1
52812,2020-11-04,27.81853,84.19708,"84.19708,27.81853","Landslide at Sakhuwa, Bulingtar Rural Municipality-3",True,True,nepal_police,1,1
52886,2020-11-13,27.66435,85.62217,"85.62217,27.66435","Landslide at tinpiple, Panchkhal Municipality-3",True,True,nepal_police,1,1
53117,2020-11-29,29.20436,81.89183,"81.89183,29.20436","Landslide at Nagma, Tilagufa Municipality-1",True,True,nepal_police,2,1
53159,2020-12-05,28.63268,83.59062,"83.59062,28.63268","Landslide at Leta, Thasang Rural Municipality-3",True,True,nepal_police,2,1
53178,2020-12-06,28.28152,84.38366,"84.38366,28.28152","Landslide at Sange, Marsyangdi Rural Municipality-8",True,True,nepal_police,2,1
53479,2021-01-06,28.64783,80.43788,"80.43788,28.64783","Landslide at Gha GAu, Punarbas Municipality-4",True,True,nepal_police,1,1
54971,2021-04-19,29.75266,80.60683,"80.60683,29.75266","Landslide at Sukekhola, Naugad Rural Municipality-6",True,True,nepal_police,2,1
55028,2021-04-22,26.84545,87.47375,"87.47375,26.84545","Landslide at Battisjure, Kerabari Rural Municipality-2",True,True,nepal_police,1,1
55239,2021-05-01,27.30063,86.2781,"86.2781,27.30063","Landslide at Silkhubasi, Champadevi Rural Municipality-3",True,True,nepal_police,1,1
55252,2021-05-02,29.13054,81.6632,"81.6632,29.13054","Landslide at Bihanikhola, Khandachakra Municipality-5",True,True,nepal_police,1,1
55306,2021-05-09,28.31411,82.81372,"82.81372,28.31411","Landslide at Kafaldada, Lungri Rural Municipality-7",True,True,nepal_police,1,1
55318,2021-05-11,29.13926,81.61496,"81.61496,29.13926","Landslide at Khadikhola, Khandachakra Municipality-3",True,True,nepal_police,2,2
55324,2021-05-11,28.41396,81.96001,"81.96001,28.41396","Landslide at Jumlivir, Gurbhakot Municipality-3",True,True,nepal_police,3,2
55368,2021-05-20,29.40589,81.3771,"81.3771,29.40589","Landslide at Amarkot, Budhiganga Municipality-1",True,True,nepal_police,7,2
55370,2021-05-20,29.55884,80.73845,"80.73845,29.55884",Landslide at Purchaudi Municipality-6,True,True,nepal_police,3,2
55412,2021-05-28,27.12865,87.76248,"87.76248,27.12865","Landslide at Samdin, Phidim Municipality-2",True,True,nepal_police,2,5
55413,2021-05-28,27.78123,83.55772,"83.55772,27.78123","Landslide at kalimati, Tinau Rural Municipality-5",True,True,nepal_police,4,5
55415,2021-05-28,28.54144,83.6164,"83.6164,28.54144","Landslide at Dana, Annapurna Rural Municipality-3",True,True,nepal_police,15,5
55416,2021-05-29,27.97666,84.29437,"84.29437,27.97666","Landslide at Nirmal tole, Vyas Municipality-1",True,True,nepal_police,1,2
55421,2021-05-28,26.8428,87.18168,"87.18168,26.8428",Landslide at Barah Municipality-1,True,True,nepal_police,12,5
55423,2021-05-28,28.18176,82.86352,"82.86352,28.18176","Landslide at makre, Naubahini Rural Municipality-8",True,True,nepal_police,2,5
55428,2021-05-29,28.19884,83.91163,"83.91163,28.19884","Landslide at Swyara, Pokhara Lekhnath Metropolitan City-22",True,True,nepal_police,8,2
55432,2021-05-31,27.49477,85.22413,"85.22413,27.49477","Landslide at Gargare, Bhimphedi Rural Municipality-8",True,True,nepal_police,9,1
55434,2021-05-30,27.75149,84.08632,"84.08632,27.75149","Landslide at Pangre, Hupsekot Rural Municipality-5",True,True,nepal_police,7,1
55442,2021-06-01,28.48158,82.69686,"82.69686,28.48158",Landslide at Thawang Rural Municipality-2,True,True,nepal_police,5,1
55450,2021-06-02,28.49218,83.61615,"83.61615,28.49218","Landslide at Naunibager, Annapurna Rural Municipality-2",True,True,nepal_police,6,1
55476,2021-06-06,27.20012,86.01996,"86.01996,27.20012","Landslide at Khirne, Kamalamai Municipality-12",True,True,nepal_police,2,1
55486,2021-06-10,29.47592,80.33575,"80.33575,29.47592","Landslide at Rodidewal, Pancheshwar Rural Municipality-6",True,True,nepal_police,1,1
55494,2021-06-11,29.71727,80.7407,"80.7407,29.71727","Landslide at GokuleshworLatinath, Marma Rural Municipality-3",True,True,nepal_police,4,1
55503,2021-06-12,28.23368,82.34877,"82.34877,28.23368","Landslide at Checkpost, Kapurkot Rural Municipality-3",True,True,nepal_police,7,2
55504,2021-06-13,27.97909,82.83663,"82.83663,27.97909","Landslide at Kharekhola, Sarumarani Rural Municipality-4",True,True,nepal_police,14,5
55505,2021-06-12,27.97326,83.133,"83.133,27.97326","Landslide at Dampind Side, Sandhikharka Municipality-3",True,True,nepal_police,2,2
55511,2021-06-13,28.25536,82.48504,"82.48504,28.25536","Landslide at Bhageshwori, Tribeni Rural Municipality-2",True,True,nepal_police,5,5
55513,2021-06-13,28.07771,83.89355,"83.89355,28.07771","Landslide at Bhalupayad, Putalibazar Municipality-2",True,True,nepal_police,1,5
55515,2021-06-13,28.23599,83.70662,"83.70662,28.23599","Landslide at Chuwa, Kushma Municipality-8",True,True,nepal_police,5,5
55518,2021-06-13,29.40589,81.3771,"81.3771,29.40589","Landslide at Amkot, Budhiganga Municipality-1",True,True,nepal_police,7,5
55522,2021-06-14,29.08616,81.57468,"81.57468,29.08616","Landslide at Gaganea, Subha Kalika Rural Municipality-1",True,True,nepal_police,7,4
55523,2021-06-14,28.31403,82.50113,"82.50113,28.31403","Landslide at Gargare, Tribeni Rural Municipality-7",True,True,nepal_police,3,4
55526,2021-06-14,29.05448,81.42686,"81.42686,29.05448",Landslide at Panchadewal Binayak Municipality-4,True,True,nepal_police,2,4
55528,2021-06-15,27.97909,82.83663,"82.83663,27.97909","Landslide at Kharekhola, Sarumarani Rural Municipality-4",True,True,nepal_police,14,27
55529,2021-06-14,27.88385,83.62873,"83.62873,27.88385","Landslide at Aahalkhola, Bagnaskali Rural Municipality-4",True,True,nepal_police,4,4
55532,2021-06-15,28.12286,85.39797,"85.39797,28.12286","Landslide at Sapru, Gosaikunda Rural Municipality-5",True,True,nepal_police,5,27
55534,2021-06-15,28.4235,84.16108,"84.16108,28.4235","Landslide at SetiKhola, Madi Rural Municipality-2",True,True,nepal_police,2,27
55535,2021-06-15,27.55847,85.12407,"85.12407,27.55847","Landslide at Deurali, Bhimphedi Rural Municipality-6",True,True,nepal_police,5,27
55536,2021-06-15,28.12286,85.39797,"85.39797,28.12286","Landslide at Shyaphru, Gosaikunda Rural Municipality-5",True,True,nepal_police,5,27
55537,2021-06-15,27.79618,84.66706,"84.66706,27.79618","Landslide at Tilakhang, Benighat Rorang Rural Municipality-10",True,True,nepal_police,19,27
55538,2021-06-15,28.09321,83.36524,"83.36524,28.09321","Landslide at bagkhola, Chandrakot Rural Municipality-8",True,True,nepal_police,3,27
55540,2021-06-15,27.59751,83.84238,"83.84238,27.59751","Landslide at Dauune, Binayee Tribeni Rural Municipality-2",True,True,nepal_police,4,27
55541,2021-06-15,27.69223,83.52567,"83.52567,27.69223","Landslide at Charang, Devdaha Municipality-10",True,True,nepal_police,1,27
55542,2021-06-15,27.96986,83.44816,"83.44816,27.96986","Landslide at Sagurce, Ruru Rural Municipality-2",True,True,nepal_police,3,27
55543,2021-06-15,28.09789,83.48084,"83.48084,28.09789","Landslide at Gauri Khutta, Chandrakot Rural Municipality-5",True,True,nepal_police,1,27
55544,2021-06-15,27.96855,83.33176,"83.33176,27.96855","Landslide at Purano Khajvang, Chatrakot Rural Municipality-5",True,True,nepal_police,1,27
55545,2021-06-15,27.88385,83.62873,"83.62873,27.88385","Landslide at Sera, Bagnaskali Rural Municipality-4",True,True,nepal_police,4,27
55546,2021-06-15,27.82444,83.67237,"83.67237,27.82444","Landslide at Humin, Rambha Rural Municipality-4",True,True,nepal_police,1,27
55547,2021-06-15,27.81613,83.84027,"83.84027,27.81613","Landslide at Baichhap, Purbakhola Rural Municipality-1",True,True,nepal_police,3,27
55548,2021-06-15,28.34727,83.5744,"83.5744,28.34727","Landslide at Baribeni, Jaljala Rural Municipality-3",True,True,nepal_police,3,27
55549,2021-06-15,27.89176,83.45381,"83.45381,27.89176","Landslide at malmul, Ribdikot Rural Municipality-2",True,True,nepal_police,2,27
55556,2021-06-15,29.53267,81.13705,"81.13705,29.53267","Landslide at Kanchalikhola, JayaPrithivi Municipality-7",True,True,nepal_police,3,27
55558,2021-06-15,27.81101,83.54275,"83.54275,27.81101",Landslide at Tansen Municipality-8,True,True,nepal_police,8,27
55562,2021-06-15,27.94529,84.30701,"84.30701,27.94529","Landslide at Chisapani, Vyas Municipality-13",True,True,nepal_police,2,27
55563,2021-06-15,27.978,83.9681,"83.9681,27.978","Landslide at Siraule, Harinas Rural Municipality-4",True,True,nepal_police,3,27
55567,2021-06-15,28.23757,83.95315,"83.95315,28.23757","Landslide at Sarangkot, Pokhara Lekhnath Metropolitan City-18",True,True,nepal_police,7,27
55570,2021-06-15,27.85369,83.48141,"83.48141,27.85369","Landslide at Silangthok, Ribdikot Rural Municipality-4",True,True,nepal_police,3,27
55572,2021-06-15,28.39357,82.42955,"82.42955,28.39357","Landslide at ota, Sukidaha Rural Municipality-1",True,True,nepal_police,2,27
55575,2021-06-15,28.08579,83.01989,"83.01989,28.08579","Landslide at Hilebajar, Malarani Rural Municipality-9",True,True,nepal_police,1,27
55576,2021-06-15,27.97326,83.133,"83.133,27.97326","Landslide at Phutwang, Sandhikharka Municipality-3",True,True,nepal_police,2,27
55577,2021-06-15,27.88266,83.40676,"83.40676,27.88266","Landslide at Basdanda, Rainadevi Chhahara Rural Municipality-5",True,True,nepal_police,1,27
55580,2021-06-16,27.95688,83.723,"83.723,27.95688","Landslide at Karadi, Galyang Municipality-8",True,True,nepal_police,3,7
55585,2021-06-16,28.28381,83.56003,"83.56003,28.28381","Landslide at Pairabari, Baglung Municipality-7",True,True,nepal_police,1,7
55593,2021-06-16,29.19215,80.99595,"80.99595,29.19215","Landslide at Anahagadh, K I Singh Rural Municipality-3",True,True,nepal_police,1,7
55598,2021-06-16,29.39632,82.46423,"82.46423,29.39632","Landslide at Lekhidhunga, Patrasi Rural Municipality-2",True,True,nepal_police,1,7
55601,2021-06-16,28.0332,83.46399,"83.46399,28.0332","Landslide at Hasara, Satyawati Rural Municipality-5",True,True,nepal_police,1,7
55612,2021-06-17,28.08767,83.07583,"83.07583,28.08767","Landslide at Sakindhara, Malarani Rural Municipality-6",True,True,nepal_police,3,4
55613,2021-06-16,28.02396,83.5538,"83.5538,28.02396","Landslide at Mulka, Kaligandaki Rural Municipality-3",True,True,nepal_police,1,7
55615,2021-06-16,28.33887,83.35744,"83.35744,28.33887","Landslide at Bhirkuna, Tara Khola Rural Municipality-5",True,True,nepal_police,1,7
55624,2021-06-17,29.13801,81.69602,"81.69602,29.13801","Landslide at Molfa, Khandachakra Municipality-6",True,True,nepal_police,1,4
55625,2021-06-17,29.2587,80.96621,"80.96621,29.2587","Landslide at Jadinge, Dipayal Silgadi Municipality-5",True,True,nepal_police,1,4
55626,2021-06-17,28.09534,81.84765,"81.84765,28.09534",Landslide at Rapti Sonari Rural Municipality-2,True,True,nepal_police,3,4
55627,2021-06-18,29.91688,80.58545,"80.58545,29.91688","Landslide at Tangle, Byas Rural Municipality-6",True,True,nepal_police,1,7
55629,2021-06-18,27.75149,84.08632,"84.08632,27.75149","Landslide at Pangre, Hupsekot Rural Municipality-5",True,True,nepal_police,7,7
55632,2021-06-18,29.71727,80.7407,"80.7407,29.71727","Landslide at Gokuleshwar, Marma Rural Municipality-3",True,True,nepal_police,4,7
55636,2021-06-19,27.81183,84.54786,"84.54786,27.81183","Landslide at Jalbire, Ichchhyakamana Rural Municipality-6",True,True,nepal_police,16,4
55640,2021-06-18,29.57747,81.36029,"81.36029,29.57747","Landslide at Rajada, Talkot Rural Municipality-6",True,True,nepal_police,2,7
55642,2021-06-18,28.50908,81.93737,"81.93737,28.50908","Landslide at Sahu Khola, Simta Rural Municipality-8",True,True,nepal_police,2,7
55643,2021-06-19,28.54294,81.90506,"81.90506,28.54294","Landslide at Khanma, Simta Rural Municipality-9",True,True,nepal_police,1,4
55647,2021-06-19,29.2829,80.89339,"80.89339,29.2829","Landslide at Sirkholasaina, Dipayal Silgadi Municipality-1",True,True,nepal_police,1,4
55650,2021-06-19,27.9933,85.9263,"85.9263,27.9933","Landslide at Chitre Bazar, Bhotekoshi Rural Municipality-2",True,True,nepal_police,6,4
55656,2021-06-18,29.46989,81.39846,"81.39846,29.46989","Landslide at Gadura, Gaumul Rural Municipality-4",True,True,nepal_police,2,7
55658,2021-06-18,29.41317,81.73908,"81.73908,29.41317","Landslide at Muktikot, Swami Kartik Rural Municipality-1",True,True,nepal_police,2,7
55660,2021-06-20,29.84105,80.55437,"80.55437,29.84105","Landslide at Malbela, Mahakali_Darchula Municipality-4",True,True,nepal_police,3,3
55661,2021-06-20,28.24291,83.98653,"83.98653,28.24291","Landslide at Yamdi, Pokhara Lekhnath Metropolitan City-1",True,True,nepal_police,1,3
55662,2021-06-20,28.60649,83.6488,"83.6488,28.60649","Landslide at Ghopte Bhir, Thasang Rural Municipality-4",True,True,nepal_police,12,3
55664,2021-06-21,27.32236,88.01003,"88.01003,27.32236",Landslide at Yangwarak Rural Municipality-2,True,True,nepal_police,1,1
55677,2021-06-22,28.36816,82.62914,"82.62914,28.36816","Landslide at Hwama, Rolpa Municipality-9",True,True,nepal_police,1,1
55681,2021-06-23,28.35408,82.57113,"82.57113,28.35408","Landslide at Dangdung, Rolpa Municipality-7",True,True,nepal_police,3,2
55692,2021-06-23,28.40098,82.59988,"82.59988,28.40098","Landslide at Tallo Namli, Rolpa Municipality-8",True,True,nepal_police,6,2
55696,2021-06-24,28.63017,81.96014,"81.96014,28.63017","Landslide at Lugai, Simta Rural Municipality-1",True,True,nepal_police,2,2
55697,2021-06-24,29.21545,81.93128,"81.93128,29.21545","Landslide at Lampata, Tila Rural Municipality-1",True,True,nepal_police,1,2
55728,2021-06-27,28.23368,82.34877,"82.34877,28.23368",Landslide at Kapurkot Rural Municipality-3,True,True,nepal_police,7,2
55729,2021-06-27,27.50603,85.09946,"85.09946,27.50603","Landslide at Pandrang, Bhimphedi Rural Municipality-3",True,True,nepal_police,3,2
55736,2021-06-28,28.23599,83.70662,"83.70662,28.23599","Landslide at Chuwa, Kushma Municipality-8",True,True,nepal_police,5,2
55745,2021-06-28,28.28975,83.78752,"83.78752,28.28975","Landslide at Nayapul, Annapurna Rural Municipality-5",True,True,nepal_police,3,2
55747,2021-06-29,28.37641,82.67848,"82.67848,28.37641","Landslide at Dhawang, Rolpa Municipality-10",True,True,nepal_police,8,3
55752,2021-06-29,28.26379,83.63538,"83.63538,28.26379","Landslide at Saharsha, Kushma Municipality-1",True,True,nepal_police,5,3
55762,2021-06-29,27.3887,87.86516,"87.86516,27.3887","Landslide at Baipa, Sirijangha Rural Municipality-5",True,True,nepal_police,6,3
55764,2021-07-01,28.06685,84.04386,"84.04386,28.06685","Landslide at Dhorpheri, Shuklagandaki Municipality-9",True,True,nepal_police,2,19
55765,2021-07-01,27.92176,84.3865,"84.3865,27.92176","Landslide at Tamung, Bandipur Rural Municipality-3",True,True,nepal_police,1,19
55778,2021-07-01,27.16197,85.88458,"85.88458,27.16197","Landslide at pahire, Kamalamai Municipality-8",True,True,nepal_police,1,19
55781,2021-07-01,27.71606,85.43446,"85.43446,27.71606","Landslide at Chhap, Changunarayan Municipality-4",True,True,nepal_police,5,19
55782,2021-07-01,27.0963,86.25621,"86.25621,27.0963","Landslide at Jinakhu, Dudhouli Municipality-12",True,True,nepal_police,2,19
55785,2021-07-01,27.99242,84.06778,"84.06778,27.99242","Landslide at Patneri, Bhimad Municipality-7",True,True,nepal_police,1,19
55786,2021-07-01,27.99164,84.10901,"84.10901,27.99164",Landslide at Myagde Rural Municipality-5,True,True,nepal_police,1,19
55787,2021-07-01,28.06685,84.04386,"84.04386,28.06685","Landslide at Dhorpheri, Shuklagandaki Municipality-9",True,True,nepal_police,2,19
55788,2021-07-01,27.97826,84.33696,"84.33696,27.97826","Landslide at Chhirkane, Vyas Municipality-12",True,True,nepal_police,7,19
55789,2021-07-01,28.07835,84.4764,"84.4764,28.07835","Landslide at Garambesi, Rainas Municipality-7",True,True,nepal_police,1,19
55790,2021-07-01,28.10247,84.24274,"84.24274,28.10247","Landslide at Tilahar, MadhyaNepal Municipality-4",True,True,nepal_police,1,19
55791,2021-07-01,27.67576,84.73799,"84.73799,27.67576","Landslide at Parkhaltole, Rapti Municipality-12",True,True,nepal_police,1,19
55793,2021-07-01,27.6931,84.66084,"84.66084,27.6931","Landslide at Danetar, Kalika Municipality-11",True,True,nepal_police,1,19
55794,2021-07-01,27.62688,86.75424,"86.75424,27.62688","Landslide at Lyamhu, Khumbupasanglahmu Rural Municipality-1",True,True,nepal_police,2,19
55796,2021-07-01,28.12357,84.10491,"84.10491,28.12357","Landslide at Sitagupha, Pokhara Lekhnath Metropolitan City-32",True,True,nepal_police,3,19
55800,2021-07-01,28.04345,84.06425,"84.06425,28.04345","Landslide at Pahadi, Shuklagandaki Municipality-8",True,True,nepal_police,1,19
55802,2021-07-02,28.05538,84.45291,"84.45291,28.05538","Landslide at Gauriphat, Bhanu Municipality-8",True,True,nepal_police,1,9
55804,2021-07-01,28.04704,84.54112,"84.54112,28.04704","Landslide at Bijulidanda, Palungtar Municipality-2",True,True,nepal_police,1,19
55806,2021-07-01,28.03211,84.50086,"84.50086,28.03211","Landslide at Chhapthoik, Palungtar Municipality-4",True,True,nepal_police,3,19
55811,2021-07-02,26.84036,87.29822,"87.29822,26.84036",Landslide at Dharan Submetropolitan City-13,True,True,nepal_police,3,9
55812,2021-07-02,27.27485,86.99839,"86.99839,27.27485","Landslide at Setibagar, Tyamkemaiyung Rural Municipality-1",True,True,nepal_police,2,9
55826,2021-07-01,27.30205,87.9076,"87.9076,27.30205",Landslide at Sidingba Rural Municipality-3,True,True,nepal_police,3,19
55831,2021-07-02,27.79618,84.66706,"84.66706,27.79618","Landslide at Jewang Khola, Benighat Rorang Rural Municipality-10",True,True,nepal_police,19,9
55832,2021-07-02,27.70396,85.45696,"85.45696,27.70396","Landslide at Chhaling, Changunarayan Municipality-5",True,True,nepal_police,3,9
55845,2021-07-03,28.0984,84.42053,"84.42053,28.0984","Landslide at Yarang, Bhanu Municipality-10",True,True,nepal_police,3,4
55846,2021-07-02,28.08704,84.63934,"84.63934,28.08704","Landslide at Upallo gorahe, Siranchok Rural Municipality-7",True,True,nepal_police,1,9
55848,2021-07-02,28.15974,84.37121,"84.37121,28.15974","Landslide at Purano di, Sundarbazar Municipality-4",True,True,nepal_police,2,9
55849,2021-07-02,27.71625,85.33784,"85.33784,27.71625","Landslide at Chhakdole, Kathmandu Metropolitan City-5",True,True,nepal_police,1,9
55850,2021-07-02,27.64598,84.78594,"84.78594,27.64598","Landslide at Charimara, Raksirang Rural Municipality-7",True,True,nepal_police,1,9
55860,2021-07-03,27.70777,85.18379,"85.18379,27.70777","Landslide at Pipalamod, Dhunibesi Municipality-9",True,True,nepal_police,2,4
55861,2021-07-03,27.65899,84.84754,"84.84754,27.65899","Landslide at Taraling, Raksirang Rural Municipality-9",True,True,nepal_police,1,4
55866,2021-07-03,28.21392,83.95413,"83.95413,28.21392","Landslide at Padhere, Pokhara Lekhnath Metropolitan City-6",True,True,nepal_police,3,4
55872,2021-07-04,27.93192,85.29769,"85.29769,27.93192","Landslide at Banchare, Tadi Rural Municipality-5",True,True,nepal_police,2,5
55873,2021-07-04,26.91084,86.72932,"86.72932,26.91084","Landslide at Kubinde, Triyuga Municipality-15",True,True,nepal_police,6,5
55880,2021-07-04,27.56996,86.35166,"86.35166,27.56996","Landslide at Gurunda, Umakunda Rural Municipality-2",True,True,nepal_police,2,5
55890,2021-07-05,27.42718,87.27736,"87.27736,27.42718","Landslide at Bot Gaun, Sabhapokhari Rural Municipality-2",True,True,nepal_police,3,2
55891,2021-07-05,27.48398,87.00828,"87.00828,27.48398","Landslide at Tenchhong, Silichong Rural Municipality-1",True,True,nepal_police,4,2
55892,2021-07-04,27.28101,87.65274,"87.65274,27.28101",Landslide at Aathrai Tribeni Rural Municipality-1,True,True,nepal_police,1,5
55895,2021-07-04,27.50764,86.71846,"86.71846,27.50764","Landslide at Solaban, Mapya Dudhkoshi Rural Municipality-6",True,True,nepal_police,4,5
55904,2021-07-07,28.30463,83.44557,"83.44557,28.30463","Landslide at Pogram, Tara Khola Rural Municipality-2",True,True,nepal_police,1,8
55905,2021-07-07,28.44052,83.17997,"83.17997,28.44052","Landslide at Ghusmeli, Taman Khola Rural Municipality-1",True,True,nepal_police,2,8
55907,2021-07-06,28.23599,83.70662,"83.70662,28.23599","Landslide at Dobilla, Kushma Municipality-8",True,True,nepal_police,5,2
55908,2021-07-06,27.77921,84.48542,"84.48542,27.77921","Landslide at Mungling, Bharatpur Metropolitan City-29",True,True,nepal_police,23,2
55912,2021-07-07,28.28266,83.39678,"83.39678,28.28266","Landslide at Ratamata, Tara Khola Rural Municipality-3",True,True,nepal_police,3,8
55914,2021-07-07,28.19884,83.91163,"83.91163,28.19884","Landslide at Stupa, Pokhara Lekhnath Metropolitan City-22",True,True,nepal_police,8,8
55919,2021-07-08,27.94011,84.15208,"84.15208,27.94011","Landslide at Majhkot, Rhishing Rural Municipality-8",True,True,nepal_police,2,7
55923,2021-07-07,27.38437,87.22412,"87.22412,27.38437","Landslide at Simle, Khandbari Municipality-1",True,True,nepal_police,2,8
55925,2021-07-08,27.78123,83.55772,"83.55772,27.78123","Landslide at Gittikhani, Tinau Rural Municipality-5",True,True,nepal_police,4,7
55933,2021-07-08,27.92976,84.183,"84.183,27.92976","Landslide at Dadhiban, Rhishing Rural Municipality-7",True,True,nepal_police,1,7
55937,2021-07-07,29.77683,80.65528,"80.65528,29.77683","Landslide at Jamir, Naugad Rural Municipality-3",True,True,nepal_police,2,8
55938,2021-07-08,27.99168,83.399,"83.399,27.99168","Landslide at Chautara, Ruru Rural Municipality-4",True,True,nepal_police,2,7
55942,2021-07-07,27.05492,87.98283,"87.98283,27.05492","Landslide at Tintale, Sandakpur Rural Municipality-4",True,True,nepal_police,2,8
55947,2021-07-08,27.01592,87.94538,"87.94538,27.01592","Landslide at Bhirgaun, Sandakpur Rural Municipality-3",True,True,nepal_police,2,7
55948,2021-07-08,27.75827,83.90498,"83.90498,27.75827","Landslide at Mudhabas, Nisdi Rural Municipality-4",True,True,nepal_police,2,7
55949,2021-07-08,28.1193,84.04796,"84.04796,28.1193","Landslide at Baghmara, Pokhara Lekhnath Metropolitan City-33",True,True,nepal_police,4,7
55950,2021-07-09,27.68994,85.2932,"85.2932,27.68994","Landslide at Kalanki, Kathmandu Metropolitan City-14",True,True,nepal_police,2,2
55953,2021-07-07,28.28266,83.39678,"83.39678,28.28266","Landslide at Gusmeli, Tara Khola Rural Municipality-3",True,True,nepal_police,3,8
55958,2021-07-10,27.6884,86.15274,"86.15274,27.6884","Landslide at Jungu, Gaurishankar Rural Municipality-2",True,True,nepal_police,1,5
55959,2021-07-10,27.93648,85.31729,"85.31729,27.93648","Landslide at Kharanitar, Tadi Rural Municipality-3",True,True,nepal_police,1,5
55961,2021-07-09,27.43464,86.76832,"86.76832,27.43464",Landslide at Thulung Dudhkoshi Rural Municipality-9,True,True,nepal_police,1,2
55962,2021-07-10,29.41351,81.39995,"81.39995,29.41351","Landslide at Olina, Badimalika Municipality-4",True,True,nepal_police,1,5
55963,2021-07-10,29.77683,80.65528,"80.65528,29.77683","Landslide at Javamire, Naugad Rural Municipality-3",True,True,nepal_police,2,5
55970,2021-07-11,29.39916,80.92044,"80.92044,29.39916","Landslide at Kauradi Gaitola, Sayal Rural Municipality-1",True,True,nepal_police,2,2
55972,2021-07-10,27.66892,86.03845,"86.03845,27.66892","Landslide at Chithang, Bhimeshwor Municipality-6",True,True,nepal_police,1,5
55985,2021-07-11,27.13744,86.7124,"86.7124,27.13744",Landslide at Halesi Tuwachung Municipality-11,True,True,nepal_police,2,2
55990,2021-07-12,27.81101,83.54275,"83.54275,27.81101","Landslide at Gaudepul, Tansen Municipality-8",True,True,nepal_police,8,1
56014,2021-07-15,29.98328,80.79009,"80.79009,29.98328","Landslide at Ralpa, Byas Rural Municipality-2",True,True,nepal_police,1,2
56018,2021-07-14,28.40025,83.00012,"83.00012,28.40025","Landslide at Khalbang, Nisikhola Rural Municipality-5",True,True,nepal_police,2,1
56019,2021-07-15,28.27728,83.92498,"83.92498,28.27728","Landslide at Hemja, Pokhara Lekhnath Metropolitan City-25",True,True,nepal_police,8,2
56032,2021-07-16,27.79553,83.47999,"83.47999,27.79553","Landslide at Dumre, Tinau Rural Municipality-6",True,True,nepal_police,2,2
56034,2021-07-16,28.2692,83.58453,"83.58453,28.2692","Landslide at Hadepakha, Baglung Municipality-3",True,True,nepal_police,1,2
56048,2021-07-18,27.83586,84.09954,"84.09954,27.83586","Landslide at Minangtole, Baudikali Rural Municipality-1",True,True,nepal_police,1,3
56060,2021-07-18,27.30589,87.10648,"87.10648,27.30589","Landslide at Majhuwa, Shadananda Municipality-10",True,True,nepal_police,3,3
56073,2021-07-21,27.96947,85.38797,"85.38797,27.96947","Landslide at Shikerbashi, Dupcheshwar Rural Municipality-7",True,True,nepal_police,1,4
56077,2021-07-21,27.55846,86.75095,"86.75095,27.55846",Landslide at Mapya Dudhkoshi Rural Municipality-7,True,True,nepal_police,3,4
56086,2021-07-21,27.3892,86.66244,"86.66244,27.3892",Landslide at Thulung Dudhkoshi Rural Municipality-3,True,True,nepal_police,2,4
56088,2021-07-22,27.21243,87.79481,"87.79481,27.21243","Landslide at Suvang, Hilihang Rural Municipality-5",True,True,nepal_police,2,4
56090,2021-07-21,28.43189,81.9922,"81.9922,28.43189","Landslide at Gangate, Bangad Kupinde Municipality-11",True,True,nepal_police,3,4
56093,2021-07-22,26.9623,86.55954,"86.55954,26.9623","Landslide at Jalkani, Udayapurgadhi Rural Municipality-4",True,True,nepal_police,1,4
56095,2021-07-23,29.13826,81.59585,"81.59585,29.13826","Landslide at Hulma, Khandachakra Municipality-2",True,True,nepal_police,2,1
56098,2021-07-18,27.48885,86.39194,"86.39194,27.48885","Landslide at Bhusinga, Khijidemba Rural Municipality-8",True,True,nepal_police,2,3
56099,2021-07-22,27.50764,86.71846,"86.71846,27.50764",Landslide at Mapya Dudhkoshi Rural Municipality-6,True,True,nepal_police,4,4
56100,2021-07-22,29.38537,81.35861,"81.35861,29.38537","Landslide at basali, Budhiganga Municipality-3",True,True,nepal_police,3,4
56109,2021-07-25,27.84036,85.34583,"85.34583,27.84036","Landslide at Gurung Gau, Shivapuri Rural Municipality-6",True,True,nepal_police,3,2
56111,2021-07-25,29.68824,80.69472,"80.69472,29.68824","Landslide at Chhepatta, Dilasaini Rural Municipality-2",True,True,nepal_police,1,2
56122,2021-07-26,27.88838,85.98608,"85.98608,27.88838",Landslide at Bhotekoshi Rural Municipality-4,True,True,nepal_police,7,1
56127,2021-07-28,29.56661,81.43276,"81.43276,29.56661","Landslide at Kuduha, Gaumul Rural Municipality-2",True,True,nepal_police,3,3
56136,2021-07-28,28.3656,82.5356,"82.5356,28.3656","Landslide at halig, Madi Rural Municipality-6",True,True,nepal_police,2,3
56137,2021-07-29,28.55692,82.73018,"82.73018,28.55692","Landslide at saipatug, Bhume Rural Municipality-2",True,True,nepal_police,1,2
56142,2021-07-28,29.17719,81.53945,"81.53945,29.17719","Landslide at kabharrukha, Naraharinath Rural Municipality-6",True,True,nepal_police,3,3
56150,2021-07-30,27.92511,85.16225,"85.16225,27.92511","Landslide at Bandre, Bidur Municipality-1",True,True,nepal_police,1,3
56151,2021-07-30,27.55009,85.87399,"85.87399,27.55009","Landslide at Doblam, Doramba Rural Municipality-7",True,True,nepal_police,1,3
56152,2021-07-29,27.46052,86.00311,"86.00311,27.46052","Landslide at Pinkhuri, Khadadevi Rural Municipality-9",True,True,nepal_police,1,2
56163,2021-07-30,27.56244,85.21963,"85.21963,27.56244","Landslide at Thingdanda, Indrasarowar Rural Municipality-3",True,True,nepal_police,6,3
56172,2021-08-02,27.74194,83.509,"83.509,27.74194","Landslide at siddhibaba, Tinau Rural Municipality-3",True,True,nepal_police,23,3
56176,2021-08-02,29.47984,81.77647,"81.77647,29.47984","Landslide at Migu, Swami Kartik Rural Municipality-5",True,True,nepal_police,1,3
56177,2021-08-02,28.39357,82.42955,"82.42955,28.39357","Landslide at Khatigaun, Sukidaha Rural Municipality-1",True,True,nepal_police,2,3
56189,2021-08-05,28.50339,84.97775,"84.97775,28.50339","Landslide at Lokpa, Chum Nubri Rural Municipality-6",True,True,nepal_police,3,2
56190,2021-08-05,28.63092,82.43546,"82.43546,28.63092","Landslide at Kharkhare, Musikot Municipality-3",True,True,nepal_police,2,2
56217,2021-08-10,27.74194,83.509,"83.509,27.74194","Landslide at Hedbox , Tinau Rural Municipality-3",True,True,nepal_police,23,2
56230,2021-08-11,28.09054,82.96899,"82.96899,28.09054","Landslide at Chudarikhola, Mallarani Rural Municipality-1",True,True,nepal_police,1,1
56236,2021-08-12,28.24732,83.15602,"83.15602,28.24732","Landslide at Patakharka, Malika Rural Municipality-2",True,True,nepal_police,3,3
56237,2021-08-12,27.71606,85.43446,"85.43446,27.71606","Landslide at Pokhregaun, Changunarayan Municipality-4",True,True,nepal_police,5,3
56245,2021-08-13,28.16801,82.53755,"82.53755,28.16801","Landslide at Dubidada, Runtigadi Rural Municipality-5",True,True,nepal_police,1,2
56250,2021-08-14,27.93622,85.27957,"85.27957,27.93622",Landslide at Tadi Rural Municipality-6,True,True,nepal_police,1,1
56254,2021-08-12,29.1653,82.07844,"82.07844,29.1653",Landslide at Tatopani Rural Municipality-7,True,True,nepal_police,1,3
56255,2021-08-13,27.86527,83.22967,"83.22967,27.86527","Landslide at Maidan, Panini Rural Municipality-5",True,True,nepal_police,1,2
56269,2021-08-15,27.61977,84.90124,"84.90124,27.61977","Landslide at Pakhresiude, Kailash Rural Municipality-8",True,True,nepal_police,1,3
56270,2021-08-15,27.95251,82.98108,"82.98108,27.95251","Landslide at Dumredanda, Airawati Rural Municipality-1",True,True,nepal_police,3,3
56281,2021-08-15,28.56,82.62313,"82.62313,28.56","Landslide at Pachhawang, Bhume Rural Municipality-8",True,True,nepal_police,3,3
56285,2021-08-10,28.22853,85.6169,"85.6169,28.22853",Landslide at Gosaikunda Rural Municipality-4,True,True,nepal_police,1,2
56302,2021-08-19,27.98301,85.2502,"85.2502,27.98301","Landslide at kodadha, Naukunda Rural Municipality-5",True,True,nepal_police,1,6
56303,2021-08-19,28.23708,82.8806,"82.8806,28.23708",Landslide at Naubahini Rural Municipality-5,True,True,nepal_police,3,6
56305,2021-08-19,27.82531,85.04128,"85.04128,27.82531","Landslide at kaldharu, Belkotgadhi Municipality-5",True,True,nepal_police,3,6
56310,2021-08-19,27.82663,85.26602,"85.26602,27.82663","Landslide at OKharpauwa, Kakani Rural Municipality-5",True,True,nepal_police,1,6
56314,2021-08-19,28.34727,83.5744,"83.5744,28.34727","Landslide at kalipula, Jaljala Rural Municipality-3",True,True,nepal_police,3,6
56317,2021-08-20,27.50603,85.09946,"85.09946,27.50603","Landslide at phandra, Bhimphedi Rural Municipality-3",True,True,nepal_police,3,3
56318,2021-08-20,29.16701,80.57116,"80.57116,29.16701",Landslide at Alital Rural Municipality-1,True,True,nepal_police,1,3
56325,2021-08-21,28.41631,82.84431,"82.84431,28.41631","Landslide at Phulib, Sunchhahari Rural Municipality-1",True,True,nepal_police,2,1
56326,2021-08-19,28.50339,84.97775,"84.97775,28.50339","Landslide at Chumling, Chum Nubri Rural Municipality-6",True,True,nepal_police,3,6
56328,2021-08-20,27.35227,86.98494,"86.98494,27.35227","Landslide at Thumlung, Salpasilichho Rural Municipality-6",True,True,nepal_police,4,3
56361,2021-08-25,28.35408,82.57113,"82.57113,28.35408","Landslide at Nimri, Rolpa Municipality-7",True,True,nepal_police,3,2
56366,2021-08-25,28.73853,81.57913,"81.57913,28.73853","Landslide at Mainakhola, Gurans Rural Municipality-1",True,True,nepal_police,7,2
56371,2021-08-26,27.35613,87.16945,"87.16945,27.35613","Landslide at Salmatole, Shadananda Municipality-6",True,True,nepal_police,1,2
56374,2021-08-27,27.7108,84.09225,"84.09225,27.7108","Landslide at Matillo Char, Hupsekot Rural Municipality-4",True,True,nepal_police,1,2
56383,2021-08-27,26.9334,86.30458,"86.30458,26.9334","Landslide at Milan Choke, Katari Municipality-2",True,True,nepal_police,1,2
56388,2021-08-26,29.08713,80.58401,"80.58401,29.08713","Landslide at Ulje, Jorayal Rural Municipality-2",True,True,nepal_police,1,2
56427,2021-08-28,28.88523,80.61128,"80.61128,28.88523","Landslide at Dogade, Godawari_Kailali Municipality-4",True,True,nepal_police,2,2
56428,2021-08-28,29.54726,80.8846,"80.8846,29.54726","Landslide at Chaudandi, Kedarseu Rural Municipality-5",True,True,nepal_police,1,2
56440,2021-08-29,27.51868,85.67954,"85.67954,27.51868","Landslide at katunje, Roshi Rural Municipality-7",True,True,nepal_police,2,5
56447,2021-08-30,29.87269,80.63343,"80.63343,29.87269","Landslide at dalla, Dunhu Rural Municipality-5",True,True,nepal_police,2,4
56450,2021-08-29,27.916,83.64549,"83.64549,27.916","Landslide at ramdi, Galyang Municipality-1",True,True,nepal_police,4,5
56451,2021-08-29,28.60106,81.49877,"81.49877,28.60106","Landslide at pakpa, Barahtal Rural Municipality-2",True,True,nepal_police,1,5
56453,2021-08-29,27.81101,83.54275,"83.54275,27.81101","Landslide at dumaredanda , Tansen Municipality-8",True,True,nepal_police,8,5
56457,2021-08-30,29.91473,80.6076,"80.6076,29.91473","Landslide at baspani, Dunhu Rural Municipality-1",True,True,nepal_police,1,4
56458,2021-08-30,27.85369,83.48141,"83.48141,27.85369","Landslide at hatiya, Ribdikot Rural Municipality-4",True,True,nepal_police,3,4
56479,2021-08-30,27.79153,85.24012,"85.24012,27.79153","Landslide at kaule, Kakani Rural Municipality-2",True,True,nepal_police,3,4
56480,2021-08-31,27.95692,85.24513,"85.24513,27.95692","Landslide at phatpur, Suryagadhi Rural Municipality-2",True,True,nepal_police,1,2
56488,2021-08-31,27.92542,83.1914,"83.1914,27.92542","Landslide at jhandrek, Panini Rural Municipality-7",True,True,nepal_police,2,2
56492,2021-08-29,29.74334,80.88122,"80.88122,29.74334","Landslide at thada gholcjer, Marma Rural Municipality-1",True,True,nepal_police,1,5
56494,2021-09-01,29.87269,80.63343,"80.63343,29.87269","Landslide at dalla, Dunhu Rural Municipality-5",True,True,nepal_police,2,3
56495,2021-09-01,27.2801,86.03268,"86.03268,27.2801","Landslide at Hayaya, Golanjor Rural Municipality-6",True,True,nepal_police,4,3
56505,2021-09-02,28.26358,84.03109,"84.03109,28.26358","Landslide at Bhalam, Pokhara Lekhnath Metropolitan City-20",True,True,nepal_police,4,2
56509,2021-09-02,28.2299,84.00887,"84.00887,28.2299",Landslide at Pokhara Lekhnath Metropolitan City-11,True,True,nepal_police,2,2
56511,2021-09-03,28.27801,83.71544,"83.71544,28.27801","Landslide at Ambote, Modi Rural Municipality-5",True,True,nepal_police,4,5
56514,2021-09-01,28.26358,84.03109,"84.03109,28.26358","Landslide at bhamalam, Pokhara Lekhnath Metropolitan City-20",True,True,nepal_police,4,3
56521,2021-09-03,28.25409,83.6948,"83.6948,28.25409","Landslide at Durlung, Kushma Municipality-3",True,True,nepal_police,4,5
56523,2021-09-03,28.22871,83.73122,"83.73122,28.22871","Landslide at Simli, Kushma Municipality-11",True,True,nepal_police,2,5
56529,2021-09-03,28.15032,83.46343,"83.46343,28.15032","Landslide at Bhirkatari, Bareng Rural Municipality-3",True,True,nepal_police,1,5
56541,2021-09-03,27.44175,87.57938,"87.57938,27.44175","Landslide at Yakhopcha, Meringden Rural Municipality-5",True,True,nepal_police,6,5
56546,2021-09-05,28.60946,82.52847,"82.52847,28.60946","Landslide at Gyankhola, Musikot Municipality-7",True,True,nepal_police,2,2
56551,2021-09-06,28.83873,82.28331,"82.28331,28.83873","Landslide at Dhadsirke, Nalgaad Municipality-5",True,True,nepal_police,2,4
56552,2021-09-06,28.37641,82.67848,"82.67848,28.37641","Landslide at Bamla, Rolpa Municipality-10",True,True,nepal_police,8,4
56557,2021-09-06,27.67657,85.52046,"85.52046,27.67657","Landslide at Ghimiregau, Banepa Municipality-2",True,True,nepal_police,2,4
56563,2021-09-06,27.66581,85.50385,"85.50385,27.66581","Landslide at Dulalgau, Banepa Municipality-2",True,True,nepal_police,1,4
56573,2021-09-05,27.60988,87.82613,"87.82613,27.60988","Landslide at saphithug, Phaktanglung Rural Municipality-6",True,True,nepal_police,148,2
56575,2021-09-07,27.76509,85.39175,"85.39175,27.76509","Landslide at sunthakhani, Gokarneshwor Municipality-3",True,True,nepal_police,1,1
56579,2021-09-08,28.73702,82.08091,"82.08091,28.73702","Landslide at Melkhani, Chhedagad Municipality-11",True,True,nepal_police,2,1
56652,2021-09-21,29.5579,81.49045,"81.49045,29.5579","Landslide at Chamarya, Gaumul Rural Municipality-1",True,True,nepal_police,57,3
56656,2021-09-21,28.75007,82.19236,"82.19236,28.75007","Landslide at Gard Ransi, Bheri Municipality-2",True,True,nepal_police,5,3
56657,2021-09-21,29.32104,81.55782,"81.55782,29.32104",Landslide at Sanni Tribeni Rural Municipality-8,True,True,nepal_police,2,3
56660,2021-09-22,28.07126,83.27265,"83.27265,28.07126","Landslide at Thumka, Resunga Municipality-8",True,True,nepal_police,1,2
56664,2021-09-22,28.03286,83.24802,"83.24802,28.03286","Landslide at Mohorai, Resunga Municipality-10",True,True,nepal_police,2,2
56697,2021-09-26,27.94528,83.5879,"83.5879,27.94528","Landslide at Aadhimuhan, Kaligandagi Rural Municipality-7",True,True,nepal_police,1,1
56720,2021-09-29,29.76803,80.75057,"80.75057,29.76803","Landslide at gulfa, Marma Rural Municipality-5",True,True,nepal_police,1,1
56803,2021-10-19,29.22059,80.65327,"80.65327,29.22059","Landslide at Bhatkada, Ganayapdhura Rural Municipality-1",True,True,nepal_police,1,43
56804,2021-10-18,29.52297,80.816,"80.816,29.52297","Landslide at Boharatole, Bithadchir Rural Municipality-5",True,True,nepal_police,1,3
56805,2021-10-20,26.84036,87.29822,"87.29822,26.84036","Landslide at Nageshwari, Dharan Submetropolitan City-13",True,True,nepal_police,3,22
56806,2021-10-20,29.05396,81.9002,"81.9002,29.05396","Landslide at yotha, Mahawai Rural Municipality-2",True,True,nepal_police,1,22
56807,2021-10-20,29.18116,80.84086,"80.84086,29.18116",Landslide at Shikhar Municipality-2,True,True,nepal_police,35,22
56808,2021-10-20,29.18116,80.84086,"80.84086,29.18116",Landslide at Shikhar Municipality-2,True,True,nepal_police,35,22
56813,2021-10-19,29.52898,81.20973,"81.20973,29.52898",Landslide at JayaPrithivi Municipality-3,True,True,nepal_police,1,43
56815,2021-10-19,29.54275,81.18663,"81.18663,29.54275",Landslide at JayaPrithivi Municipality-9,True,True,nepal_police,1,43
56817,2021-10-19,27.26748,87.23441,"87.23441,27.26748",Landslide at Chainpur Municipality-11,True,True,nepal_police,1,43
56818,2021-10-19,29.51579,81.21947,"81.21947,29.51579",Landslide at JayaPrithivi Municipality-2,True,True,nepal_police,1,43
56820,2021-10-19,26.87152,87.54338,"87.54338,26.87152","Landslide at Mulpani, Chaubise Rural Municipality-1",True,True,nepal_police,4,43
56826,2021-10-18,29.81789,80.61049,"80.61049,29.81789","Landslide at Badha gau, Mahakali_Darchula Municipality-2",True,True,nepal_police,1,3
56828,2021-10-20,29.67056,80.89194,"80.89194,29.67056",Landslide at Bungal Municipality-6,True,True,nepal_police,1,22
56832,2021-10-19,29.28286,80.62971,"80.62971,29.28286","Landslide at Tadipate, Amargadhi Municipality-1",True,True,nepal_police,1,43
56833,2021-10-19,29.51528,80.60121,"80.60121,29.51528","Landslide at Bistapali, Surnaya Rural Municipality-5",True,True,nepal_police,2,43
56835,2021-10-19,29.32169,80.96148,"80.96148,29.32169",Landslide at Aadarsha Rural Municipality-1,True,True,nepal_police,1,43
56837,2021-10-19,29.32019,80.8014,"80.8014,29.32019","Landslide at Barbata, Shikhar Municipality-11",True,True,nepal_police,1,43
56838,2021-10-19,29.14806,80.71459,"80.71459,29.14806",Landslide at Jorayal Rural Municipality-3,True,True,nepal_police,2,43
56839,2021-10-19,28.48246,81.02742,"81.02742,28.48246","Landslide at khirejagatol, Bhajani Municipality-8",True,True,nepal_police,1,43
56840,2021-10-19,29.09068,80.66226,"80.66226,29.09068","Landslide at Saigada, Jorayal Rural Municipality-4",True,True,nepal_police,2,43
56841,2021-10-19,29.52969,81.88297,"81.88297,29.52969","Landslide at pikhu, Khatyad Rural Municipality-4",True,True,nepal_police,1,43
56842,2021-10-19,30.05131,82.07936,"82.07936,30.05131","Landslide at Kharegaun, Kharpunath Rural Municipality-5",True,True,nepal_police,1,43
56845,2021-10-19,29.43426,80.36566,"80.36566,29.43426",Landslide at Shivanath Rural Municipality-5,True,True,nepal_police,1,43
56846,2021-10-19,29.29735,80.71687,"80.71687,29.29735",Landslide at Ganayapdhura Rural Municipality-3,True,True,nepal_police,2,43
56848,2021-10-19,29.36016,81.33911,"81.33911,29.36016",Landslide at Budhiganga Municipality-6,True,True,nepal_police,1,43
56849,2021-10-19,29.14806,80.71459,"80.71459,29.14806","Landslide at Nawalpur, Jorayal Rural Municipality-3",True,True,nepal_police,2,43
56856,2021-10-20,29.42624,81.2895,"81.2895,29.42624","Landslide at patal, Khaptad Chhededaha Rural Municipality-5",True,True,nepal_police,3,22
56857,2021-10-20,27.07801,87.15734,"87.15734,27.07801","Landslide at khesang, Pauwadungma Rural Municipality-6",True,True,nepal_police,1,22
56875,2021-10-20,29.46357,81.16751,"81.16751,29.46357","Landslide at pasalbagar, Khaptadchhanna Rural Municipality-4",True,True,nepal_police,1,22
56877,2021-10-20,29.42624,81.2895,"81.2895,29.42624","Landslide at kaklukheti, Khaptad Chhededaha Rural Municipality-5",True,True,nepal_police,3,22
56878,2021-10-19,29.10603,80.93887,"80.93887,29.10603","Landslide at upallagaum, Bogtan Rural Municipality-5",True,True,nepal_police,2,43
56879,2021-10-19,29.34904,81.01426,"81.01426,29.34904",Landslide at Sayal Rural Municipality-4,True,True,nepal_police,1,43
56880,2021-10-19,29.24194,81.66626,"81.66626,29.24194","Landslide at pataliwada, Raskot Municipality-8",True,True,nepal_police,3,43
56881,2021-10-19,29.92569,81.83402,"81.83402,29.92569",Landslide at Kharpunath Rural Municipality-4,True,True,nepal_police,1,43
56883,2021-10-20,27.79269,84.16632,"84.16632,27.79269","Landslide at arkhala, Bulingtar Rural Municipality-4",True,True,nepal_police,2,22
56888,2021-10-20,29.28363,80.67491,"80.67491,29.28363",Landslide at Ganayapdhura Rural Municipality-2,True,True,nepal_police,1,22
56889,2021-10-20,29.30161,80.48717,"80.48717,29.30161",Landslide at Bhageshwar Rural Municipality-4,True,True,nepal_police,1,22
56893,2021-10-20,29.49622,81.49592,"81.49592,29.49622","Landslide at siradi, Badimalika Municipality-3",True,True,nepal_police,1,22
56902,2021-10-20,29.57661,80.56373,"80.56373,29.57661",Landslide at Dogadakedar Rural Municipality-2,True,True,nepal_police,2,22
56903,2021-10-21,29.56636,81.77396,"81.77396,29.56636","Landslide at Bata, Himali Rural Municipality-4",True,True,nepal_police,1,4
56904,2021-10-21,29.55884,80.73845,"80.73845,29.55884","Landslide at Paruwa, Purchaudi Municipality-6",True,True,nepal_police,3,4
56906,2021-10-20,29.55884,80.73845,"80.73845,29.55884",Landslide at Purchaudi Municipality-6,True,True,nepal_police,3,22
56912,2021-10-21,27.36704,87.64296,"87.64296,27.36704","Landslide at Bhanu, Phungling Municipality-2",True,True,nepal_police,2,4
56913,2021-10-19,27.0291,87.76941,"87.76941,27.0291",Landslide at Falgunanda Rural Municipality-4,True,True,nepal_police,1,43
56914,2021-10-19,27.11078,87.8763,"87.8763,27.11078",Landslide at Phidim Municipality-13,True,True,nepal_police,3,43
56916,2021-10-21,29.1072,80.46442,"80.46442,29.1072","Landslide at Sunkhola, Alital Rural Municipality-8",True,True,nepal_police,3,4
56922,2021-10-19,26.89183,87.59447,"87.59447,26.89183",Landslide at Miklajung Rural Municipality-7,True,True,nepal_police,6,43
56923,2021-10-19,26.92558,87.67289,"87.67289,26.92558",Landslide at Miklajung Rural Municipality-4,True,True,nepal_police,1,43
56924,2021-10-19,27.08718,87.76469,"87.76469,27.08718",Landslide at Phidim Municipality-6,True,True,nepal_police,1,43
56925,2021-10-19,26.99494,87.68849,"87.68849,26.99494",Landslide at Miklajung Rural Municipality-1,True,True,nepal_police,2,43
56926,2021-10-19,27.04824,87.80376,"87.80376,27.04824",Landslide at Falgunanda Rural Municipality-3,True,True,nepal_police,2,43
56927,2021-10-19,26.892,87.67077,"87.67077,26.892",Landslide at Miklajung Rural Municipality-5,True,True,nepal_police,1,43
56928,2021-10-19,27.02479,87.64584,"87.64584,27.02479",Landslide at Kummayak Rural Municipality-2,True,True,nepal_police,1,43
56934,2021-10-19,26.9807,87.66401,"87.66401,26.9807",Landslide at Miklajung Rural Municipality-2,True,True,nepal_police,1,43
56940,2021-10-20,29.49805,80.84693,"80.84693,29.49805","Landslide at Subakot, Bithadchir Rural Municipality-7",True,True,nepal_police,1,22
56951,2021-10-19,26.88507,87.89616,"87.89616,26.88507",Landslide at Illam Municipality-12,True,True,nepal_police,71,43
56952,2021-10-20,26.92637,88.01247,"88.01247,26.92637","Landslide at Betini, Maijogmai Rural Municipality-3",True,True,nepal_police,3,22
56953,2021-10-19,26.99496,87.74475,"87.74475,26.99496","Landslide at Tengepur, Fakphokthum Rural Municipality-1",True,True,nepal_police,3,43
56954,2021-10-19,26.85323,87.69045,"87.69045,26.85323","Landslide at Chisopani, Mangsebung Rural Municipality-6",True,True,nepal_police,1,43
56955,2021-10-19,26.96219,87.73249,"87.73249,26.96219","Landslide at Salleri, Fakphokthum Rural Municipality-3",True,True,nepal_police,1,43
56956,2021-10-20,26.93554,88.09541,"88.09541,26.93554","Landslide at Jilgau, Suryodaya Municipality-3",True,True,nepal_police,3,22
56957,2021-10-19,26.93554,88.09541,"88.09541,26.93554","Landslide at Melbote, Suryodaya Municipality-3",True,True,nepal_police,3,43
56958,2021-10-20,26.97513,87.84018,"87.84018,26.97513","Landslide at Lutimaya, Deumai Municipality-2",True,True,nepal_police,1,22
56959,2021-10-20,26.4361,87.26524,"87.26524,26.4361",Landslide at Biratnagar Metropolitan City-12,True,True,nepal_police,1,22
56962,2021-10-20,26.56616,87.11162,"87.11162,26.56616",Landslide at Bhokraha Rural Municipality-7,True,True,nepal_police,1,22
56963,2021-10-20,26.7075,87.2888,"87.2888,26.7075",Landslide at Itahari Submetropolitan City-2,True,True,nepal_police,1,22
56964,2021-10-19,26.84611,87.25023,"87.25023,26.84611","Landslide at Khairekhola, Dharan Submetropolitan City-20",True,True,nepal_police,2,43
56965,2021-10-19,26.67314,87.26313,"87.26313,26.67314",Landslide at Itahari Submetropolitan City-5,True,True,nepal_police,1,43
56968,2021-10-19,29.39916,80.92044,"80.92044,29.39916",Landslide at Sayal Rural Municipality-1,True,True,nepal_police,2,43
56969,2021-10-18,29.3539,80.97024,"80.97024,29.3539",Landslide at Sayal Rural Municipality-5,True,True,nepal_police,2,3
56970,2021-10-19,29.4405,80.97972,"80.97972,29.4405","Landslide at Dhikla, Thalara Rural Municipality-4",True,True,nepal_police,1,43
56982,2021-10-19,29.16233,80.96057,"80.96057,29.16233","Landslide at Gauradi, K I Singh Rural Municipality-4",True,True,nepal_police,1,43
57798,2022-01-13,28.22387,85.15776,"85.15776,28.22387","Landslide at Linjo, Rubi Valley Rural Municipality-1",True,True,nepal_police,1,1
57851,2022-01-22,27.14273,86.4007,"86.4007,27.14273","Landslide at Lamidada, Katari Municipality-14",True,True,nepal_police,5,1
57888,2022-01-26,28.23368,82.34877,"82.34877,28.23368","Landslide at chorkhla, Kapurkot Rural Municipality-3",True,True,nepal_police,7,2
57892,2022-01-26,28.23333,85.27153,"85.27153,28.23333","Landslide at gomggang, Aamachhodingmo Rural Municipality-5",True,True,nepal_police,1,2
58230,2022-02-26,27.62603,85.47907,"85.47907,27.62603","Landslide at Aasapuri, Banepa Municipality-14",True,True,nepal_police,3,1
58322,2022-03-08,27.2323,87.30453,"87.30453,27.2323","Landslide at Bhangtar, Dharmadevi Municipality-6",True,True,nepal_police,1,2
58337,2022-03-08,28.1397,84.43451,"84.43451,28.1397","Landslide at Phulbari, Sundarbazar Municipality-9",True,True,nepal_police,2,2
58541,2022-03-24,27.38759,85.52434,"85.52434,27.38759","Landslide at Jagatthali, Khanikhola Rural Municipality-4",True,True,nepal_police,1,1
58889,2022-04-19,27.77935,83.38051,"83.38051,27.77935","Landslide at Kacal, Tinau Rural Municipality-1",True,True,nepal_police,1,1
59033,2022-04-29,28.04594,82.98744,"82.98744,28.04594","Landslide at Rajime , Bhumekasthan Municipality-1",True,True,other,1,1
59125,2022-05-05,28.20593,84.09817,"84.09817,28.20593","Landslide at Bibirapani, Pokhara Lekhnath Metropolitan City-28",True,True,other,3,1
59310,2022-05-27,27.81183,84.54786,"84.54786,27.81183","Landslide at charkiol, Ichchhyakamana Rural Municipality-6",True,True,other,16,1
59327,2022-05-30,27.48046,86.90577,"86.90577,27.48046",Landslide at Mahakulung Rural Municipality-4,True,True,nepal_police,1,1
59341,2022-06-01,27.45991,87.24045,"87.24045,27.45991","Landslide at Nundjhaki, Chichila Rural Municipality-1",True,True,other,4,1
59365,2022-06-04,28.14127,83.0752,"83.0752,28.14127","Landslide at Anglung, Madane Rural Municipality-6",True,True,nepal_police,3,1
59398,2022-06-10,28.02102,84.86675,"84.86675,28.02102","Landslide at Ghimire Gaun, Tripura Sundari Rural Municipality-5",True,True,nepal_police,1,3
59401,2022-06-09,28.20008,83.4226,"83.4226,28.20008","Landslide at syala, Galkot Municipality-3",True,True,nepal_police,2,4
59404,2022-06-09,29.17082,81.60034,"81.60034,29.17082","Landslide at Rengil, Sanni Tribeni Rural Municipality-1",True,True,nepal_police,1,4
59408,2022-06-08,28.14909,83.49658,"83.49658,28.14909","Landslide at Bhandar khola, Bareng Rural Municipality-2",True,True,other,2,2
59410,2022-06-08,28.20201,83.48714,"83.48714,28.20201","Landslide at Kamul, Galkot Municipality-1",True,True,other,2,2
59425,2022-06-10,28.50908,81.93737,"81.93737,28.50908","Landslide at Beltakura, Simta Rural Municipality-8",True,True,nepal_police,2,3
59427,2022-06-12,28.49926,82.56035,"82.56035,28.49926","Landslide at Daunne, Paribartan Rural Municipality-5",True,True,nepal_police,2,2
59449,2022-06-09,29.15763,81.52539,"81.52539,29.15763","Landslide at Sitala, Naraharinath Rural Municipality-9",True,True,nepal_police,1,4
59452,2022-06-09,27.99861,84.48345,"84.48345,27.99861","Landslide at kiureni, Palungtar Municipality-6",True,True,other,1,4
59457,2022-06-10,28.0984,84.42053,"84.42053,28.0984","Landslide at Ladari Bhanjyang, Bhanu Municipality-10",True,True,nepal_police,3,3
59461,2022-06-14,27.50603,85.09946,"85.09946,27.50603","Landslide at Golphinbesi, Bhimphedi Rural Municipality-3",True,True,nepal_police,3,2
59464,2022-06-12,29.56661,81.43276,"81.43276,29.56661","Landslide at Raneda, Gaumul Rural Municipality-2",True,True,nepal_police,3,2
59473,2022-06-14,27.3107,87.8266,"87.8266,27.3107","Landslide at Thalang, Sirijangha Rural Municipality-1",True,True,other,4,2
59485,2022-06-15,28.00638,84.94688,"84.94688,28.00638",Landslide at Netrawati Dabjong Rural Municipality-1,True,True,other,86,3
59487,2022-06-15,28.10074,84.86895,"84.86895,28.10074","Landslide at Sallaghari, Gangajamuna Rural Municipality-6",True,True,other,1,3
59493,2022-06-15,27.85558,84.53425,"84.53425,27.85558","Landslide at SAKHAR, Anbukhaireni Rural Municipality-4",True,True,other,4,3
59510,2022-06-17,27.31195,87.78496,"87.78496,27.31195","Landslide at Okhle, Pathibhara Yangwarak Rural Municipality-4",True,True,nepal_police,2,4
59514,2022-06-17,27.45991,87.24045,"87.24045,27.45991","Landslide at Chichila Bajar, Chichila Rural Municipality-1",True,True,nepal_police,4,4
59518,2022-06-16,27.38679,87.96454,"87.96454,27.38679","Landslide at Thyampu, Sidingba Rural Municipality-7",True,True,nepal_police,2,2
59525,2022-06-16,27.42903,87.84543,"87.84543,27.42903",Landslide at Sirijangha Rural Municipality-6,True,True,nepal_police,4,2
59535,2022-06-18,27.81183,84.54786,"84.54786,27.81183","Landslide at Charkilo, Ichchhyakamana Rural Municipality-6",True,True,nepal_police,16,6
59542,2022-06-18,28.19372,84.38855,"84.38855,28.19372","Landslide at Chisapani, Besishahar Municipality-2",True,True,nepal_police,1,6
59543,2022-06-18,28.23844,84.31765,"84.31765,28.23844","Landslide at Baglungpani, Kwholasothar Rural Municipality-1",True,True,nepal_police,1,6
59546,2022-06-18,28.1898,84.34727,"84.34727,28.1898","Landslide at Purankot, Besishahar Municipality-4",True,True,nepal_police,2,6
59548,2022-06-18,28.12391,84.54549,"84.54549,28.12391","Landslide at Borangkhola, Rainas Municipality-1",True,True,nepal_police,1,6
59551,2022-06-17,27.3887,87.86516,"87.86516,27.3887","Landslide at Yangpang, Sirijangha Rural Municipality-5",True,True,nepal_police,6,4
59552,2022-06-17,27.42903,87.84543,"87.84543,27.42903","Landslide at Mamankhe, Sirijangha Rural Municipality-6",True,True,nepal_police,4,4
59553,2022-06-18,27.46457,87.68404,"87.68404,27.46457","Landslide at Taku, Phaktanglung Rural Municipality-2",True,True,nepal_police,2,6
59561,2022-06-20,27.41311,87.5972,"87.5972,27.41311","Landslide at Samekham, Meringden Rural Municipality-4",True,True,nepal_police,1,4
59578,2022-06-20,27.45991,87.24045,"87.24045,27.45991",Landslide at Chichila Rural Municipality-1,True,True,nepal_police,4,4
59579,2022-06-20,27.42903,87.84543,"87.84543,27.42903","Landslide at Mamankhe, Sirijangha Rural Municipality-6",True,True,nepal_police,4,4
59581,2022-06-20,26.68851,87.43698,"87.43698,26.68851","Landslide at Patigaun, Belbari Municipality-1",True,True,nepal_police,1,4
59615,2022-06-25,28.27728,83.92498,"83.92498,28.27728","Landslide at Hemja, Pokhara Lekhnath Metropolitan City-25",True,True,nepal_police,8,6
59616,2022-06-25,28.2543,83.90601,"83.90601,28.2543",Landslide at Pokhara Lekhnath Metropolitan City-24,True,True,nepal_police,7,6
59617,2022-06-25,28.23259,83.8598,"83.8598,28.23259",Landslide at Pokhara Lekhnath Metropolitan City-23,True,True,nepal_police,7,6
59618,2022-06-25,28.27333,83.87371,"83.87371,28.27333","Landslide at Sirpali, Annapurna Rural Municipality-1",True,True,nepal_police,6,6
59622,2022-06-25,28.28757,84.00181,"84.00181,28.28757","Landslide at SALGHARI, Pokhara Lekhnath Metropolitan City-16",True,True,nepal_police,6,6
59626,2022-06-26,29.03629,81.75202,"81.75202,29.03629","Landslide at Dillikote, Mahawai Rural Municipality-4",True,True,nepal_police,1,6
59630,2022-06-26,28.23259,83.8598,"83.8598,28.23259","Landslide at Bamdi, Pokhara Lekhnath Metropolitan City-23",True,True,nepal_police,7,6
59631,2022-06-26,28.33854,83.90618,"83.90618,28.33854",Landslide at Machhapuchchhre Rural Municipality-5,True,True,nepal_police,1,6
59632,2022-06-26,28.27333,83.87371,"83.87371,28.27333","Landslide at Phusre, Annapurna Rural Municipality-1",True,True,nepal_police,6,6
59634,2022-06-26,28.3124,83.92798,"83.92798,28.3124",Landslide at Machhapuchchhre Rural Municipality-4,True,True,nepal_police,1,6
59638,2022-06-25,28.20331,84.1567,"84.1567,28.20331","Landslide at Ghumle, Madi Rural Municipality-12",True,True,nepal_police,2,6
59639,2022-06-26,27.98213,85.28033,"85.28033,27.98213",Landslide at Naukunda Rural Municipality-4,True,True,nepal_police,2,6
59652,2022-06-28,27.68143,83.45941,"83.45941,27.68143","Landslide at Majhgaun, Butwal Submetropolitan City-11",True,True,other,1,6
59654,2022-06-28,27.5141,82.8124,"82.8124,27.5141","Landslide at Simara, Krishnanagar Municipality-1",True,True,other,1,6
59666,2022-06-28,28.93763,82.12546,"82.12546,28.93763","Landslide at Lata, Kuse Rural Municipality-8",True,True,other,1,6
59669,2022-06-28,27.68902,83.46506,"83.46506,27.68902","Landslide at Milanchong, Butwal Submetropolitan City-9",True,True,other,1,6
59680,2022-06-29,27.495,86.79379,"86.79379,27.495","Landslide at Gairigau, Sotang Rural Municipality-5",True,True,other,3,5
59681,2022-06-29,27.19806,87.42634,"87.42634,27.19806","Landslide at Mahabir, Dharmadevi Municipality-1",True,True,other,1,5
59683,2022-06-29,27.05462,87.36605,"87.36605,27.05462","Landslide at Salte, Chhathar Jorpati Rural Municipality-2",True,True,other,3,5
59686,2022-06-28,28.2048,82.96988,"82.96988,28.2048","Landslide at Liwang, Gaumukhi Rural Municipality-6",True,True,nepal_police,1,6
59690,2022-06-28,27.52033,86.25048,"86.25048,27.52033","Landslide at Khutuki, Umakunda Rural Municipality-6",True,True,other,2,6
59694,2022-06-29,28.24155,83.1103,"83.1103,28.24155","Landslide at Jaluke, Malika Rural Municipality-3",True,True,other,1,5
59700,2022-06-29,27.16179,87.93504,"87.93504,27.16179","Landslide at Khedok, Falelung Rural Municipality-5",True,True,other,6,5
59729,2022-07-01,27.16219,87.88318,"87.88318,27.16219","Landslide at Bidin, Falelung Rural Municipality-7",True,True,nepal_police,2,4
59731,2022-07-02,29.84105,80.55437,"80.55437,29.84105","Landslide at Bangabazer, Mahakali_Darchula Municipality-4",True,True,nepal_police,3,2
59735,2022-07-01,27.56996,86.35166,"86.35166,27.56996","Landslide at Gorunda, Umakunda Rural Municipality-2",True,True,nepal_police,2,4
59741,2022-07-01,27.29047,86.75892,"86.75892,27.29047",Landslide at Rawa Besi Rural Municipality-6,True,True,nepal_police,3,4
59742,2022-07-02,27.30887,86.93428,"86.93428,27.30887","Landslide at Phadi, Kepilasagadhi Rural Municipality-1",True,True,nepal_police,2,2
59743,2022-07-03,29.75266,80.60683,"80.60683,29.75266","Landslide at Parigaun, Naugad Rural Municipality-6",True,True,nepal_police,2,2
59746,2022-07-01,27.40333,86.43056,"86.43056,27.40333","Landslide at Bakhre, Molung Rural Municipality-7",True,True,nepal_police,6,4
59763,2022-07-03,28.77855,81.98985,"81.98985,28.77855","Landslide at SANJHMELA, Chhedagad Municipality-6",True,True,other,2,2
59772,2022-07-05,28.87662,81.41561,"81.41561,28.87662","Landslide at Dauri, Panchpuri Municipality-7",True,True,nepal_police,1,1
59818,2022-07-09,28.03663,83.43184,"83.43184,28.03663","Landslide at Bhaladi, Satyawati Rural Municipality-6",True,True,nepal_police,1,3
59819,2022-07-09,27.79929,83.89784,"83.89784,27.79929","Landslide at Galda, Nisdi Rural Municipality-5",True,True,nepal_police,1,3
59823,2022-07-09,29.3539,80.97024,"80.97024,29.3539","Landslide at Sunnu, Sayal Rural Municipality-5",True,True,nepal_police,2,3
59831,2022-07-10,29.15639,81.6146,"81.6146,29.15639",Landslide at Khandachakra Municipality-1,True,True,nepal_police,2,1
59847,2022-07-12,28.06003,84.62382,"84.62382,28.06003","Landslide at Gairigaun, Siranchok Rural Municipality-6",True,True,other,1,1
59853,2022-07-13,28.15453,84.92626,"84.92626,28.15453","Landslide at Chumehet, Aarughat Rural Municipality-1",True,True,other,2,2
59863,2022-07-13,27.42033,86.7303,"86.7303,27.42033","Landslide at Majhitole, Thulung Dudhkoshi Rural Municipality-5",True,True,nepal_police,2,2
59872,2022-07-15,28.15453,84.92626,"84.92626,28.15453","Landslide at Chamchet, Aarughat Rural Municipality-1",True,True,nepal_police,2,1
59908,2022-07-19,29.80372,80.64104,"80.64104,29.80372","Landslide at Thalaunpani, Naugad Rural Municipality-2",True,True,nepal_police,2,1
59921,2022-07-20,28.25536,82.48504,"82.48504,28.25536","Landslide at Bhsagobari, Tribeni Rural Municipality-2",True,True,nepal_police,5,2
59927,2022-07-20,27.80033,85.33722,"85.33722,27.80033","Landslide at JHOR, Tokha Municipality-1",True,True,other,2,2
59937,2022-07-22,28.4736,84.37288,"84.37288,28.4736","Landslide at Gherang, Nashong Rural Municipality-1",True,True,nepal_police,6,3
59938,2022-07-21,28.43628,82.95359,"82.95359,28.43628","Landslide at Khawang, Nisikhola Rural Municipality-6",True,True,nepal_police,2,5
59941,2022-07-21,29.35498,81.95469,"81.95469,29.35498","Landslide at Chulegum, Sinja Rural Municipality-2",True,True,nepal_police,1,5
59942,2022-07-21,29.14273,81.71603,"81.71603,29.14273","Landslide at Pili, Khandachakra Municipality-7",True,True,other,2,5
59943,2022-07-21,28.09841,83.88254,"83.88254,28.09841","Landslide at Kumalaganu, Putalibazar Municipality-3",True,True,other,1,5
59948,2022-07-22,28.43927,82.49067,"82.49067,28.43927","Landslide at Laharechhahara, Madi Rural Municipality-3",True,True,nepal_police,5,3
59950,2022-07-21,28.14072,83.52886,"83.52886,28.14072","Landslide at Khoriya, Bareng Rural Municipality-1",True,True,nepal_police,2,5
59957,2022-07-22,27.97351,84.6385,"84.6385,27.97351","Landslide at chinisedhara, Gorkha Municipality-8",True,True,nepal_police,1,3
59958,2022-07-23,28.4736,84.37288,"84.37288,28.4736","Landslide at Talmardi, Nashong Rural Municipality-1",True,True,nepal_police,6,4
59960,2022-07-23,27.84506,84.58205,"84.58205,27.84506",Landslide at Ichchhyakamana Rural Municipality-5,True,True,nepal_police,15,4
59965,2022-07-23,28.43927,82.49067,"82.49067,28.43927","Landslide at lahare chhara, Madi Rural Municipality-3",True,True,nepal_police,5,4
59972,2022-07-23,27.01592,87.94538,"87.94538,27.01592","Landslide at Bhutlug, Sandakpur Rural Municipality-3",True,True,other,2,4
59973,2022-07-25,29.03232,82.76336,"82.76336,29.03232","Landslide at Chughat, Tripurasundari Municipality-9",True,True,nepal_police,1,9
59974,2022-07-25,28.26379,83.63538,"83.63538,28.26379","Landslide at Mldhunga, Kushma Municipality-1",True,True,nepal_police,5,9
59975,2022-07-25,28.85778,81.49964,"81.49964,28.85778","Landslide at Bhulu, Turmakhad Rural Municipality-2",True,True,nepal_police,1,9
59977,2022-07-25,28.90082,81.50775,"81.50775,28.90082","Landslide at Gangetara, Chamunda Bindrasaini Municipality-7",True,True,nepal_police,1,9
59978,2022-07-25,28.60649,83.6488,"83.6488,28.60649","Landslide at Ghoptebhir, Thasang Rural Municipality-4",True,True,nepal_police,12,9
59982,2022-07-24,27.58512,86.0664,"86.0664,27.58512","Landslide at Mrigetole, Melung Rural Municipality-1",True,True,nepal_police,1,1
59984,2022-07-25,27.17259,87.85282,"87.85282,27.17259","Landslide at Surkeni, Falelung Rural Municipality-8",True,True,nepal_police,4,9
59985,2022-07-25,27.42722,86.11389,"86.11389,27.42722","Landslide at Tilpung, Likhu Tamakoshi Rural Municipality-7",True,True,nepal_police,1,9
59988,2022-07-25,27.65515,85.7458,"85.7458,27.65515","Landslide at Saping, Bhumlu Rural Municipality-1",True,True,nepal_police,1,9
59990,2022-07-25,28.14766,84.47044,"84.47044,28.14766","Landslide at Mahadeva, Dordi Rural Municipality-1",True,True,nepal_police,2,9
59992,2022-07-26,27.89153,84.91187,"84.91187,27.89153","Landslide at Ranagau, Neelakantha Municipality-4",True,True,nepal_police,1,3
60003,2022-07-27,27.45269,86.04798,"86.04798,27.45269","Landslide at Chanakhu, Manthali Municipality-10",True,True,nepal_police,1,2
60004,2022-07-26,27.44595,86.07921,"86.07921,27.44595","Landslide at Ambote, Manthali Municipality-11",True,True,nepal_police,1,3
60005,2022-07-26,27.90711,85.75568,"85.75568,27.90711",Landslide at Jugal Rural Municipality-2,True,True,nepal_police,86,3
60010,2022-07-28,28.07696,82.48149,"82.48149,28.07696",Landslide at Ghorahi Submetropolitan City-13,True,True,nepal_police,1,4
60012,2022-07-27,27.27247,87.84602,"87.84602,27.27247","Landslide at Sigawa, Yangwarak Rural Municipality-4",True,True,nepal_police,2,2
60013,2022-07-28,28.1458,82.63569,"82.63569,28.1458","Landslide at Jogimara, Sworgadwary Municipality-2",True,True,nepal_police,1,4
60014,2022-07-28,28.43927,82.49067,"82.49067,28.43927","Landslide at Borsaawang, Madi Rural Municipality-3",True,True,nepal_police,5,4
60015,2022-07-28,28.51441,82.81626,"82.81626,28.51441",Landslide at Bhume Rural Municipality-1,True,True,nepal_police,1,4
60019,2022-07-29,28.40098,82.59988,"82.59988,28.40098","Landslide at Jamakhue, Rolpa Municipality-8",True,True,other,6,1
60026,2022-07-31,27.50025,86.12299,"86.12299,27.50025","Landslide at Kirnetawer, Tamakoshi Rural Municipality-5",True,True,nepal_police,1,7
60034,2022-07-31,28.45688,82.66177,"82.66177,28.45688","Landslide at Charlawang, Thawang Rural Municipality-3",True,True,nepal_police,3,7
60035,2022-07-31,28.40394,83.45539,"83.45539,28.40394","Landslide at Sim, Mangala Rural Municipality-1",True,True,nepal_police,2,7
60036,2022-07-31,27.75149,84.08632,"84.08632,27.75149","Landslide at Pangre, Hupsekot Rural Municipality-5",True,True,nepal_police,7,7
60038,2022-08-01,27.88838,85.98608,"85.98608,27.88838","Landslide at Daklang, Bhotekoshi Rural Municipality-4",True,True,nepal_police,7,6
60040,2022-08-01,27.77921,84.48542,"84.48542,27.77921",Landslide at Bharatpur Metropolitan City-29,True,True,nepal_police,23,6
60041,2022-08-01,27.85558,84.53425,"84.53425,27.85558",Landslide at Anbukhaireni Rural Municipality-4,True,True,nepal_police,4,6
60042,2022-07-31,27.15339,87.53526,"87.53526,27.15339","Landslide at Surunga, Myanglung Municipality-9",True,True,nepal_police,1,7
60043,2022-07-31,27.22422,86.86159,"86.86159,27.22422","Landslide at Pankhukhola, Diktel Rupakot Majhuwagadhi Municipality-8",True,True,nepal_police,2,7
60044,2022-07-31,28.49218,83.61615,"83.61615,28.49218","Landslide at Naunibagar, Annapurna Rural Municipality-2",True,True,nepal_police,6,7
60045,2022-08-01,28.21392,83.95413,"83.95413,28.21392","Landslide at Degopaten, Pokhara Lekhnath Metropolitan City-6",True,True,nepal_police,3,6
60047,2022-08-01,28.21297,84.00582,"84.00582,28.21297","Landslide at Dhalkepul, Pokhara Lekhnath Metropolitan City-12",True,True,nepal_police,1,6
60050,2022-08-01,28.81871,82.44117,"82.44117,28.81871","Landslide at Lahachullipakha, Aathbiskot Municipality-3",True,True,nepal_police,2,6
60051,2022-08-02,28.38141,83.33413,"83.33413,28.38141","Landslide at Roomma, Malika Rural Municipality-2",True,True,nepal_police,5,4
60055,2022-08-02,28.082,84.73616,"84.73616,28.082","Landslide at Baluwa, Gangadev Rural Municipality-7",True,True,nepal_police,1,4
60062,2022-08-02,28.42919,83.31421,"83.31421,28.42919","Landslide at Mahavir, Malika Rural Municipality-4",True,True,nepal_police,3,4
60068,2022-08-02,29.57747,81.36029,"81.36029,29.57747","Landslide at Khadagau, Talkot Rural Municipality-6",True,True,nepal_police,2,4
60077,2022-08-03,27.2583,87.88871,"87.88871,27.2583","Landslide at Barjhang, Yangwarak Rural Municipality-3",True,True,other,4,1
60083,2022-08-04,28.65297,82.61313,"82.61313,28.65297","Landslide at Aamalachaur, Sisne Rural Municipality-4",True,True,nepal_police,1,2
60085,2022-08-04,28.20794,82.85389,"82.85389,28.20794","Landslide at Baskot, Naubahini Rural Municipality-7",True,True,nepal_police,5,2
60104,2022-08-05,27.15466,87.35056,"87.35056,27.15466","Landslide at Laptang, Mahalaxmi Municipality-2",True,True,nepal_police,2,3
60105,2022-08-05,29.45296,81.47782,"81.47782,29.45296","Landslide at Selaghat, Badimalika Municipality-9",True,True,nepal_police,2,3
60106,2022-08-06,27.31388,87.71237,"87.71237,27.31388","Landslide at Mawakha, Pathibhara Yangwarak Rural Municipality-1",True,True,nepal_police,6,5
60109,2022-08-05,29.45296,81.47782,"81.47782,29.45296","Landslide at Salghat, Badimalika Municipality-9",True,True,nepal_police,2,3
60110,2022-08-06,27.77983,85.87511,"85.87511,27.77983","Landslide at Tadbasauni, Barhabise Municipality-9",True,True,nepal_police,2,5
60111,2022-08-06,27.2583,87.88871,"87.88871,27.2583","Landslide at Samangsu, Yangwarak Rural Municipality-3",True,True,nepal_police,4,5
60114,2022-08-06,28.40069,83.07468,"83.07468,28.40069","Landslide at Malma, Dhorpatan Municipality-8",True,True,nepal_police,1,5
60115,2022-08-07,28.35962,83.51249,"83.51249,28.35962","Landslide at Singa, Beni Municipality-4",True,True,nepal_police,4,6
60120,2022-08-06,28.52699,82.50891,"82.50891,28.52699","Landslide at Sallabote, Paribartan Rural Municipality-4",True,True,nepal_police,5,5
60121,2022-08-07,28.43927,82.49067,"82.49067,28.43927","Landslide at Sisne, Madi Rural Municipality-3",True,True,nepal_police,5,6
60125,2022-08-07,28.43406,83.12174,"83.12174,28.43406","Landslide at Gadhikhola, Dhorpatan Municipality-6",True,True,other,2,6
60130,2022-08-07,28.37641,82.67848,"82.67848,28.37641","Landslide at Dhansi, Rolpa Municipality-10",True,True,nepal_police,8,6
60133,2022-08-07,27.2583,87.88871,"87.88871,27.2583","Landslide at Basantadada, Yangwarak Rural Municipality-3",True,True,nepal_police,4,6
60135,2022-08-07,29.0295,82.20397,"82.20397,29.0295","Landslide at Mulsam, Barekot Rural Municipality-3",True,True,nepal_police,1,6
60139,2022-08-08,27.74641,85.74565,"85.74565,27.74641","Landslide at Ranopokhari, Chautara SangachokGadhi Municipality-8",True,True,nepal_police,1,2
60146,2022-08-08,27.5843,86.17927,"86.17927,27.5843","Landslide at Mane Bhanjang, Jiri Municipality-9",True,True,nepal_police,2,2
60159,2022-08-09,27.9977,85.09585,"85.09585,27.9977","Landslide at Buntang, Meghang Rural Municipality-2",True,True,nepal_police,1,1
60167,2022-08-10,27.75802,85.44939,"85.44939,27.75802","Landslide at Thuladhik, Kageshwori Manahora Municipality-1",True,True,nepal_police,3,2
60173,2022-08-10,27.75802,85.44939,"85.44939,27.75802","Landslide at Gagalphidi, Kageshwori Manahora Municipality-1",True,True,nepal_police,3,2
60189,2022-08-14,28.99869,82.78032,"82.78032,28.99869","Landslide at Jiu, Tripurasundari Municipality-3",True,True,nepal_police,1,1
60211,2022-08-16,29.13826,81.59585,"81.59585,29.13826","Landslide at Chhahara, Khandachakra Municipality-2",True,True,nepal_police,2,1
60223,2022-08-18,28.85926,81.55031,"81.55031,28.85926",Landslide at Dullu Municipality-3,True,True,nepal_police,2,3
60233,2022-08-18,28.10781,82.90208,"82.90208,28.10781","Landslide at Handigaira, Pyuthan Municipality-10",True,True,nepal_police,2,3
60235,2022-08-18,27.57593,86.27592,"86.27592,27.57593","Landslide at EkamPhedi, Gokulganga Rural Municipality-2",True,True,nepal_police,1,3
60248,2022-08-20,28.60649,83.6488,"83.6488,28.60649","Landslide at Ghoptavir, Thasang Rural Municipality-4",True,True,nepal_police,12,3
60250,2022-08-20,27.51082,85.29609,"85.29609,27.51082","Landslide at Tarkuche, Bagmati Rural Municipality-3",True,True,nepal_police,14,3
60251,2022-08-20,27.56244,85.21963,"85.21963,27.56244","Landslide at Sisnari, Indrasarowar Rural Municipality-3",True,True,nepal_police,6,3
60257,2022-08-21,28.82516,81.72775,"81.72775,28.82516","Landslide at Simra, Narayan Municipality-8",True,True,nepal_police,1,1
60280,2022-08-24,28.32461,82.56724,"82.56724,28.32461","Landslide at Dinga, Rolpa Municipality-6",True,True,nepal_police,2,3
60282,2022-08-23,28.3257,83.55715,"83.55715,28.3257","Landslide at Hadevir, Beni Municipality-2",True,True,nepal_police,2,1
60284,2022-08-24,27.3887,87.86516,"87.86516,27.3887","Landslide at Pedang, Sirijangha Rural Municipality-5",True,True,nepal_police,6,3
60286,2022-08-24,27.77921,84.48542,"84.48542,27.77921","Landslide at Muglin, Bharatpur Metropolitan City-29",True,True,nepal_police,23,3
60290,2022-08-25,28.3257,83.55715,"83.55715,28.3257","Landslide at Hadevir, Beni Municipality-2",True,True,nepal_police,2,1
60300,2022-08-26,28.30925,84.05756,"84.05756,28.30925","Landslide at Bhadikharka, Madi Rural Municipality-6",True,True,nepal_police,1,1
60305,2022-08-27,27.78689,86.35008,"86.35008,27.78689","Landslide at Samata, Gaurishankar Rural Municipality-7",True,True,nepal_police,4,2
60306,2022-08-28,27.2801,86.03268,"86.03268,27.2801","Landslide at Akeravir, Golanjor Rural Municipality-6",True,True,nepal_police,4,8
60309,2022-08-27,29.71727,80.7407,"80.7407,29.71727","Landslide at Relpairo, Marma Rural Municipality-3",True,True,nepal_police,4,2
60320,2022-08-28,28.91399,81.78191,"81.78191,28.91399","Landslide at Bhursu, Naumule Rural Municipality-1",True,True,nepal_police,2,8
60321,2022-08-28,28.41264,83.58614,"83.58614,28.41264","Landslide at Baisari, Raghuganga Rural Municipality-2",True,True,nepal_police,6,8
60324,2022-08-28,27.75149,84.08632,"84.08632,27.75149","Landslide at Pangre, Hupsekot Rural Municipality-5",True,True,nepal_police,7,8
60326,2022-08-28,27.42044,86.58843,"86.58843,27.42044","Landslide at Pahalman, Nechasalyan Rural Municipality-6",True,True,nepal_police,18,8
60332,2022-08-29,28.23368,82.34877,"82.34877,28.23368","Landslide at Chourkhola, Kapurkot Rural Municipality-3",True,True,nepal_police,7,2
60333,2022-08-28,28.72977,82.31278,"82.31278,28.72977",Landslide at Aathbiskot Municipality-14,True,True,nepal_police,5,8
60334,2022-08-28,28.65257,82.47115,"82.47115,28.65257","Landslide at Thamdada, Musikot Municipality-1",True,True,nepal_police,2,8
60336,2022-08-28,29.37566,81.32803,"81.32803,29.37566","Landslide at Saubada, Budhiganga Municipality-4",True,True,nepal_police,2,8
60337,2022-08-29,28.35007,81.83102,"81.83102,28.35007","Landslide at Sireni, Kalimati Rural Municipality-6",True,True,nepal_police,2,2
60346,2022-08-30,29.50585,81.09085,"81.09085,29.50585","Landslide at guralthum, Chabispathivera Rural Municipality-1",True,True,nepal_police,3,2
60349,2022-08-30,28.27801,83.71544,"83.71544,28.27801","Landslide at Aambote, Modi Rural Municipality-5",True,True,nepal_police,4,2
60350,2022-08-31,27.77921,84.48542,"84.48542,27.77921",Landslide at Bharatpur Metropolitan City-29,True,True,nepal_police,23,3
60358,2022-08-31,29.68721,80.55101,"80.55101,29.68721","Landslide at Naktadi, Shailyashikhar Municipality-9",True,True,nepal_police,4,3
60360,2022-08-31,28.27801,83.71544,"83.71544,28.27801","Landslide at Ambote, Modi Rural Municipality-5",True,True,nepal_police,4,3
60362,2022-09-01,27.77921,84.48542,"84.48542,27.77921",Landslide at Bharatpur Metropolitan City-29,True,True,nepal_police,23,11
60364,2022-09-01,27.53553,87.08932,"87.08932,27.53553","Landslide at Sandel, Silichong Rural Municipality-3",True,True,nepal_police,5,11
60365,2022-09-01,29.3277,81.29551,"81.29551,29.3277","Landslide at Ghattakhola, Budhiganga Municipality-8",True,True,nepal_police,2,11
60366,2022-09-01,29.3277,81.29551,"81.29551,29.3277",Landslide at Budhiganga Municipality-8,True,True,nepal_police,2,11
60368,2022-09-01,28.29218,81.91061,"81.91061,28.29218","Landslide at Jumkhola, Kalimati Rural Municipality-5",True,True,nepal_police,2,11
60369,2022-09-01,28.15974,84.37121,"84.37121,28.15974","Landslide at Archalini, Sundarbazar Municipality-4",True,True,nepal_police,2,11
60374,2022-09-01,29.78718,80.4597,"80.4597,29.78718","Landslide at Ashigada, Mahakali_Darchula Municipality-8",True,True,nepal_police,1,11
60375,2022-09-01,27.78123,83.55772,"83.55772,27.78123","Landslide at Hiudekhola, Tinau Rural Municipality-5",True,True,nepal_police,4,11
60376,2022-09-01,28.42276,83.41529,"83.41529,28.42276","Landslide at Darwang, Malika Rural Municipality-6",True,True,nepal_police,1,11
60377,2022-09-01,29.32707,81.32294,"81.32294,29.32707","Landslide at purbhuta, Tribeni Municipality-3",True,True,nepal_police,1,11
60378,2022-09-01,29.38001,81.2232,"81.2232,29.38001",Landslide at Khaptad Chhededaha Rural Municipality-1,True,True,nepal_police,1,11
60381,2022-09-02,28.41264,83.58614,"83.58614,28.41264","Landslide at Baishasri, Raghuganga Rural Municipality-2",True,True,nepal_police,6,4
60382,2022-09-02,27.77921,84.48542,"84.48542,27.77921","Landslide at Atharakilo, Bharatpur Metropolitan City-29",True,True,nepal_police,23,4
60383,2022-09-02,27.53553,87.08932,"87.08932,27.53553","Landslide at Sukrabare, Silichong Rural Municipality-3",True,True,nepal_police,5,4
60384,2022-09-02,26.8428,87.18168,"87.18168,26.8428","Landslide at Satranumbar, Barah Municipality-1",True,True,nepal_police,12,4
60385,2022-09-03,28.60649,83.6488,"83.6488,28.60649","Landslide at Beni, Thasang Rural Municipality-4",True,True,nepal_police,12,1
60392,2022-09-04,28.29218,81.91061,"81.91061,28.29218","Landslide at Jumkhola, Kalimati Rural Municipality-5",True,True,nepal_police,2,3
60396,2022-09-04,28.41396,81.96001,"81.96001,28.41396","Landslide at Nade, Gurbhakot Municipality-3",True,True,nepal_police,3,3
60397,2022-09-04,28.6928,82.77528,"82.77528,28.6928","Landslide at Kharawang, Putha Uttarganga Rural Municipality-9",True,True,nepal_police,1,3
60403,2022-09-05,29.46241,80.55205,"80.55205,29.46241","Landslide at Ghattekhola, Patan Municipality-6",True,True,nepal_police,1,2
60407,2022-09-05,26.90895,87.94275,"87.94275,26.90895","Landslide at Tilkeni, Illam Municipality-8",True,True,nepal_police,2,2
60412,2022-09-06,27.74194,83.509,"83.509,27.74194",Landslide at Tinau Rural Municipality-3,True,True,nepal_police,23,2
60414,2022-09-06,27.31859,86.62271,"86.62271,27.31859","Landslide at Khanigaun, Chisankhugadhi Rural Municipality-5",True,True,nepal_police,2,2
60417,2022-09-07,27.77983,85.87511,"85.87511,27.77983","Landslide at Balephi, Barhabise Municipality-9",True,True,nepal_police,2,3
60421,2022-09-07,27.33419,87.68754,"87.68754,27.33419",Landslide at Phungling Municipality-8,True,True,nepal_police,3,3
60422,2022-09-07,26.8428,87.18168,"87.18168,26.8428","Landslide at Satranumbar, Barah Municipality-1",True,True,nepal_police,12,3
60453,2022-09-10,28.0984,84.42053,"84.42053,28.0984","Landslide at Kalipokhari, Bhanu Municipality-10",True,True,nepal_police,3,1
60459,2022-09-11,27.62688,86.75424,"86.75424,27.62688","Landslide at Kharikhola, Khumbupasanglahmu Rural Municipality-1",True,True,nepal_police,2,1
60460,2022-09-13,28.54144,83.6164,"83.6164,28.54144","Landslide at Rupse, Annapurna Rural Municipality-3",True,True,nepal_police,15,4
60461,2022-09-13,27.26725,87.71252,"87.71252,27.26725","Landslide at Kabeli, Hilihang Rural Municipality-2",True,True,nepal_police,1,4
60462,2022-09-12,26.8739,87.39076,"87.39076,26.8739","Landslide at Lumbajung, Sangurigadhi Rural Municipality-5",True,True,nepal_police,12,2
60465,2022-09-12,28.17551,84.41746,"84.41746,28.17551","Landslide at Udipur, Besishahar Municipality-1",True,True,nepal_police,5,2
60467,2022-09-13,28.60649,83.6488,"83.6488,28.60649","Landslide at Beni, Thasang Rural Municipality-4",True,True,nepal_police,12,4
60468,2022-09-13,28.28152,84.38366,"84.38366,28.28152","Landslide at Simalchaur, Marsyangdi Rural Municipality-8",True,True,nepal_police,2,4
60475,2022-09-15,27.54312,85.50831,"85.50831,27.54312","Landslide at chalal, Bethanchowk Rural Municipality-4",True,True,nepal_police,3,4
60476,2022-09-15,27.69517,85.72081,"85.72081,27.69517","Landslide at Chaherea, Chautara SangachokGadhi Municipality-12",True,True,nepal_police,1,4
60478,2022-09-15,28.25849,83.51711,"83.51711,28.25849","Landslide at Inarpani, Kanthekhola Rural Municipality-6",True,True,nepal_police,2,4
60479,2022-09-15,28.54637,83.48729,"83.48729,28.54637",Landslide at Raghuganga Rural Municipality-8,True,True,nepal_police,128,4
60494,2022-09-17,29.0662,81.33079,"81.33079,29.0662","Landslide at Dhungachalna, Kamalbazar Municipality-8",True,True,nepal_police,1,9
60495,2022-09-17,29.09993,81.32231,"81.32231,29.09993","Landslide at Thatikhadh, Kamalbazar Municipality-6",True,True,nepal_police,1,9
60496,2022-09-17,28.93994,81.33264,"81.33264,28.93994","Landslide at Nada, Turmakhad Rural Municipality-5",True,True,nepal_police,1,9
60497,2022-09-17,28.65257,82.47115,"82.47115,28.65257","Landslide at Salle, Musikot Municipality-1",True,True,nepal_police,2,9
60500,2022-09-17,28.95201,81.29009,"81.29009,28.95201","Landslide at Khimane, Dhakari Rural Municipality-6",True,True,nepal_police,1,9
60505,2022-09-17,28.83967,81.33004,"81.33004,28.83967","Landslide at Gutu, Chaukune Rural Municipality-8",True,True,nepal_police,1,9
60506,2022-09-17,28.82154,81.34893,"81.34893,28.82154","Landslide at Rag, Panchpuri Municipality-9",True,True,nepal_police,1,9
60507,2022-09-16,28.98431,81.45804,"81.45804,28.98431","Landslide at Singadi, Aathabis Municipality-2",True,True,nepal_police,3,1
60519,2022-09-17,29.01043,80.63459,"80.63459,29.01043","Landslide at Shajapur, Chure Rural Municipality-3",True,True,nepal_police,1,9
60521,2022-09-17,28.99187,81.25873,"81.25873,28.99187","Landslide at sawa, Dhakari Rural Municipality-1",True,True,nepal_police,2,9
60524,2022-09-18,28.71453,81.46163,"81.46163,28.71453","Landslide at Chepang , Barahtal Rural Municipality-5",True,True,nepal_police,1,3
60528,2022-09-18,28.41264,83.58614,"83.58614,28.41264","Landslide at Baisari, Raghuganga Rural Municipality-2",True,True,nepal_police,6,3
60530,2022-09-18,29.78427,82.02924,"82.02924,29.78427","Landslide at Lamapatan, Chankheli Rural Municipality-6",True,True,nepal_police,2,3
60543,2022-09-19,27.58799,85.26204,"85.26204,27.58799","Landslide at Dakshinkali, Dakshinkali Municipality-8",True,True,nepal_police,4,1
60553,2022-09-20,28.25536,82.48504,"82.48504,28.25536","Landslide at Bhanggobari, Tribeni Rural Municipality-2",True,True,nepal_police,5,1
60560,2022-09-21,28.17551,84.41746,"84.41746,28.17551",Landslide at Besishahar Municipality-1,True,True,nepal_police,5,1
60583,2022-09-23,27.72531,85.40867,"85.40867,27.72531","Landslide at Mulpani, Kageshwori Manahora Municipality-5",True,True,nepal_police,1,2
60585,2022-09-24,26.8428,87.18168,"87.18168,26.8428","Landslide at Sathranumber, Barah Municipality-1",True,True,nepal_police,12,2
60587,2022-09-24,27.75149,84.08632,"84.08632,27.75149",Landslide at Hupsekot Rural Municipality-5,True,True,nepal_police,7,2
60588,2022-09-23,28.41264,83.58614,"83.58614,28.41264","Landslide at Baisari, Raghuganga Rural Municipality-2",True,True,nepal_police,6,2
60593,2022-09-25,29.57661,80.56373,"80.56373,29.57661","Landslide at Badiya, Dogadakedar Rural Municipality-2",True,True,nepal_police,2,2
60596,2022-09-26,29.09099,81.54744,"81.54744,29.09099","Landslide at Malachaur, Aathabis Municipality-5",True,True,nepal_police,4,2
60602,2022-09-25,28.41264,83.58614,"83.58614,28.41264","Landslide at kunaute, Raghuganga Rural Municipality-2",True,True,nepal_police,6,2
60605,2022-09-26,27.31388,87.71237,"87.71237,27.31388",Landslide at Pathibhara Yangwarak Rural Municipality-1,True,True,nepal_police,6,2
60621,2022-09-29,26.8428,87.18168,"87.18168,26.8428","Landslide at Satranumbar, Barah Municipality-1",True,True,nepal_police,12,1
60656,2022-10-05,28.36327,83.7967,"83.7967,28.36327","Landslide at kILU, Annapurna Rural Municipality-10",True,True,nepal_police,3,5
60664,2022-10-05,28.18358,82.91097,"82.91097,28.18358","Landslide at Dhad, Naubahini Rural Municipality-6",True,True,nepal_police,1,5
60665,2022-10-05,27.9933,85.9263,"85.9263,27.9933","Landslide at Bhutbajar, Bhotekoshi Rural Municipality-2",True,True,nepal_police,6,5
60678,2022-10-06,27.56333,84.83841,"84.83841,27.56333","Landslide at Magini, Raksirang Rural Municipality-5",True,True,nepal_police,2,11
60680,2022-10-05,28.4398,82.35001,"82.35001,28.4398","Landslide at Charaghsareni, Bagchaur Municipality-9",True,True,nepal_police,1,5
60681,2022-10-06,28.36402,82.50426,"82.50426,28.36402","Landslide at Ghartigaun, Madi Rural Municipality-2",True,True,nepal_police,3,11
60682,2022-10-05,28.10781,82.90208,"82.90208,28.10781","Landslide at takura, Pyuthan Municipality-10",True,True,nepal_police,2,5
60683,2022-10-06,28.69034,82.37566,"82.37566,28.69034","Landslide at bathakot, Sani Bheri Rural Municipality-6",True,True,nepal_police,1,11
60688,2022-10-06,28.43628,82.95359,"82.95359,28.43628","Landslide at Bhalkotbari, Nisikhola Rural Municipality-6",True,True,nepal_police,2,11
60690,2022-10-07,27.70678,85.20982,"85.20982,27.70678","Landslide at Dyan kendra, Chandragiri Municipality-2",True,True,nepal_police,1,16
60692,2022-10-06,28.41187,82.32518,"82.32518,28.41187","Landslide at Jiula, Chhatreshwori Rural Municipality-1",True,True,nepal_police,1,11
60693,2022-10-06,27.95251,82.98108,"82.98108,27.95251","Landslide at Kolbot, Airawati Rural Municipality-1",True,True,nepal_police,3,11
60696,2022-10-06,28.50339,84.97775,"84.97775,28.50339","Landslide at Khar, Chum Nubri Rural Municipality-6",True,True,nepal_police,3,11
60697,2022-10-06,28.08767,83.07583,"83.07583,28.08767","Landslide at Sakindhara, Malarani Rural Municipality-6",True,True,nepal_police,3,11
60698,2022-10-07,27.97856,84.22392,"84.22392,27.97856",Landslide at Myagde Rural Municipality-1,True,True,nepal_police,2,16
60702,2022-10-07,27.92437,83.16209,"83.16209,27.92437","Landslide at Jagat, Panini Rural Municipality-7",True,True,nepal_police,4,16
60704,2022-10-07,28.02283,83.09391,"83.09391,28.02283","Landslide at Naulapani, Sandhikharka Municipality-9",True,True,nepal_police,1,16
60705,2022-10-07,27.79553,83.47999,"83.47999,27.79553","Landslide at Chidis, Tinau Rural Municipality-6",True,True,nepal_police,2,16
60707,2022-10-07,28.55323,81.65771,"81.65771,28.55323","Landslide at Byureni, Birendranagar Municipality-11",True,True,nepal_police,1,16
60709,2022-10-07,28.67324,81.92709,"81.92709,28.67324","Landslide at Rathma, Shiwalaya Rural Municipality-3",True,True,nepal_police,1,16
60710,2022-10-07,28.8928,82.27365,"82.27365,28.8928","Landslide at Kapti, Barekot Rural Municipality-9",True,True,nepal_police,1,16
60711,2022-10-07,28.23368,82.34877,"82.34877,28.23368","Landslide at Salam, Kapurkot Rural Municipality-3",True,True,nepal_police,7,16
60712,2022-10-07,28.75903,82.40618,"82.40618,28.75903",Landslide at Aathbiskot Municipality-10,True,True,nepal_police,3,16
60715,2022-10-07,28.20794,82.85389,"82.85389,28.20794","Landslide at Syaule, Naubahini Rural Municipality-7",True,True,nepal_police,5,16
60717,2022-10-07,28.2985,83.21601,"83.21601,28.2985","Landslide at Chautara, Badigad Rural Municipality-7",True,True,nepal_police,4,16
60721,2022-10-07,28.41489,82.48194,"82.48194,28.41489",Landslide at Madi Rural Municipality-3,True,True,nepal_police,2,16
60722,2022-10-07,28.56316,82.40183,"82.40183,28.56316","Landslide at Dhungepani, Tribeni Rural Municipality-6",True,True,nepal_police,1,16
60732,2022-10-07,28.01878,82.62282,"82.62282,28.01878",Landslide at Banglachuli Rural Municipality-4,True,True,nepal_police,1,16
60735,2022-10-07,27.98791,82.78566,"82.78566,27.98791","Landslide at Budhichaur, Sarumarani Rural Municipality-6",True,True,nepal_police,1,16
60739,2022-10-08,28.31965,83.09628,"83.09628,28.31965","Landslide at Mahakharka, Nisikhola Rural Municipality-1",True,True,nepal_police,1,5
60740,2022-10-06,27.75997,85.15899,"85.15899,27.75997","Landslide at Chhapagaun, Dhunibesi Municipality-4",True,True,nepal_police,1,11
60742,2022-10-08,28.38168,82.11641,"82.11641,28.38168","Landslide at Marke, Sharada Municipality-8",True,True,nepal_police,1,5
60743,2022-10-08,29.40347,82.00462,"82.00462,29.40347","Landslide at Barekot danda, Kanakasundari Rural Municipality-3",True,True,nepal_police,1,5
60746,2022-10-08,28.06223,82.73269,"82.73269,28.06223","Landslide at Pharinde, Mandavi Rural Municipality-4",True,True,nepal_police,1,5
60748,2022-10-06,28.19349,85.38617,"85.38617,28.19349",Landslide at Gosaikunda Rural Municipality-3,True,True,nepal_police,7,11
60749,2022-10-06,27.70777,85.18379,"85.18379,27.70777","Landslide at Khatripauwa, Dhunibesi Municipality-9",True,True,other,2,11
60751,2022-10-09,29.15409,81.80919,"81.80919,29.15409","Landslide at Bhaisegoda, Tilagufa Municipality-6",True,True,nepal_police,2,13
60752,2022-10-09,29.17333,81.78101,"81.78101,29.17333","Landslide at Baligaun, Tilagufa Municipality-7",True,True,nepal_police,4,13
60759,2022-10-09,28.08998,82.65394,"82.65394,28.08998","Landslide at Kusunde, Sworgadwary Municipality-1",True,True,nepal_police,1,13
60763,2022-10-10,28.01715,83.15423,"83.15423,28.01715","Landslide at Jogimare, Sandhikharka Municipality-11",True,True,nepal_police,2,8
60768,2022-10-10,29.60332,80.63335,"80.63335,29.60332","Landslide at Athkhola, Purchaudi Municipality-9",True,True,nepal_police,2,8
60769,2022-10-10,29.47137,81.73169,"81.73169,29.47137","Landslide at Phaita, Swami Kartik Rural Municipality-4",True,True,nepal_police,2,8
60770,2022-10-10,29.44526,81.66117,"81.66117,29.44526","Landslide at Dhadakot, Jagannath Rural Municipality-1",True,True,nepal_police,1,8
60771,2022-10-09,29.50905,80.90231,"80.90231,29.50905","Landslide at Bagthala, Kedarseu Rural Municipality-4",True,True,nepal_police,1,13
60772,2022-10-09,29.78427,82.02924,"82.02924,29.78427","Landslide at Melchham, Chankheli Rural Municipality-6",True,True,nepal_police,2,13
60773,2022-10-10,29.51007,82.21496,"82.21496,29.51007","Landslide at Salim, Chhayanath Rara Municipality-11",True,True,nepal_police,1,8
60774,2022-10-09,29.18664,81.84627,"81.84627,29.18664","Landslide at Rachuli, Tilagufa Municipality-4",True,True,nepal_police,1,13
60775,2022-10-09,29.17333,81.78101,"81.78101,29.17333","Landslide at Pallobali, Tilagufa Municipality-7",True,True,nepal_police,4,13
60776,2022-10-09,29.21559,81.74506,"81.74506,29.21559","Landslide at Dauke, Pachaljharana Rural Municipality-3",True,True,nepal_police,81,13
60779,2022-10-09,29.15639,81.6146,"81.6146,29.15639","Landslide at Puranobaspark, Khandachakra Municipality-1",True,True,nepal_police,2,13
60780,2022-10-09,29.32104,81.55782,"81.55782,29.32104","Landslide at Mumra, Sanni Tribeni Rural Municipality-8",True,True,nepal_police,2,13
60787,2022-10-10,29.11033,81.77807,"81.77807,29.11033",Landslide at Tilagufa Municipality-11,True,True,nepal_police,1,8
60792,2022-10-09,29.18919,81.81345,"81.81345,29.18919","Landslide at Bhaisegoda, Tilagufa Municipality-5",True,True,nepal_police,1,13
60798,2022-10-11,29.34803,81.30974,"81.30974,29.34803","Landslide at Syalkatyaya, Budhiganga Municipality-7",True,True,nepal_police,1,7
60799,2022-10-09,29.67083,81.80392,"81.80392,29.67083","Landslide at Madan, Tanjakot Rural Municipality-5",True,True,nepal_police,1,13
60800,2022-10-10,28.86167,81.6623,"81.6623,28.86167","Landslide at Shristhan, Bhairabi Rural Municipality-1",True,True,nepal_police,1,8
60804,2022-10-12,29.53411,81.64303,"81.64303,29.53411","Landslide at bhuwa, Budhinanda Municipality-3",True,True,nepal_police,1,4
60805,2022-10-11,29.5579,81.49045,"81.49045,29.5579",Landslide at Gaumul Rural Municipality-1,True,True,nepal_police,57,7
60806,2022-10-11,29.34285,81.71576,"81.71576,29.34285","Landslide at Kabhripatali , Jagannath Rural Municipality-6",True,True,nepal_police,3,7
60807,2022-10-08,29.14553,81.90595,"81.90595,29.14553","Landslide at Ratada, Tilagufa Municipality-2",True,True,nepal_police,1,5
60808,2022-10-09,29.30742,81.71845,"81.71845,29.30742","Landslide at Nuwaghar, Pachaljharana Rural Municipality-7",True,True,nepal_police,1,13
60811,2022-10-12,29.00829,81.87928,"81.87928,29.00829",Landslide at Mahawai Rural Municipality-3,True,True,nepal_police,2,4
60812,2022-10-12,27.59751,83.84238,"83.84238,27.59751","Landslide at Dayaune, Binayee Tribeni Rural Municipality-2",True,True,nepal_police,4,4
60813,2022-10-11,28.80943,81.61318,"81.61318,28.80943","Landslide at Tolipani, Dullu Municipality-6",True,True,nepal_police,1,7
60814,2022-10-11,29.59192,81.71155,"81.71155,29.59192","Landslide at kawadi, Himali Rural Municipality-5",True,True,nepal_police,1,7
60815,2022-10-10,29.02636,81.48375,"81.48375,29.02636","Landslide at Dhalebaj, Aathabis Municipality-8",True,True,nepal_police,1,8
60818,2022-10-11,28.12351,82.07432,"82.07432,28.12351","Landslide at Malaikhola, Babai Rural Municipality-7",True,True,nepal_police,1,7
60821,2022-10-12,29.35427,81.35113,"81.35113,29.35427","Landslide at Nepalitole, Tribeni Municipality-8",True,True,nepal_police,2,4
60824,2022-10-11,29.17333,81.78101,"81.78101,29.17333","Landslide at Chhapre, Tilagufa Municipality-7",True,True,nepal_police,4,7
61052,2022-11-04,27.82964,86.13415,"86.13415,27.82964","Landslide at Chilinkha, Bigu Rural Municipality-5",True,True,nepal_police,2,1
61070,2022-11-06,27.03747,87.44469,"87.44469,27.03747",Landslide at Chhathar Rural Municipality-2,True,True,nepal_police,3,1
61660,2023-01-03,27.92323,84.45864,"84.45864,27.92323","Landslide at Baradi, Anbukhaireni Rural Municipality-1",True,True,nepal_police,1,1
62217,2023-02-08,28.98145,82.65612,"82.65612,28.98145","Landslide at Kuchche, Tripurasundari Municipality-5",True,True,nepal_police,4,1
62373,2023-02-19,29.21277,83.03833,"83.03833,29.21277","Landslide at Rasi, Shey Phoksundo Rural Municipality-99",True,True,nepal_police,32,1
62463,2023-02-24,29.5579,81.49045,"81.49045,29.5579","Landslide at Kawadi-Kiudi, Gaumul Rural Municipality-1",True,True,nepal_police,57,1
62878,2023-03-22,29.21559,81.74506,"81.74506,29.21559","Landslide at Dhanada , Pachaljharana Rural Municipality-3",True,True,nepal_police,81,1
62952,2023-03-27,27.61645,84.36001,"84.36001,27.61645","Landslide at Tope Khola , Bharatpur Metropolitan City-14",True,True,nepal_police,39,2
62953,2023-03-27,27.82349,86.22218,"86.22218,27.82349","Landslide at Lamabagar, Bigu Rural Municipality-1",True,True,nepal_police,62,2
63361,2023-04-13,28.31403,82.50113,"82.50113,28.31403","Landslide at Nandikhola, Tribeni Rural Municipality-7",True,True,nepal_police,3,2
63366,2023-04-13,27.65041,85.66272,"85.66272,27.65041","Landslide at Chisapani, Panchkhal Municipality-8",True,True,nepal_police,2,2
63549,2023-04-19,29.21559,81.74506,"81.74506,29.21559","Landslide at Okharenighad , Sirupata , Pachaljharana Rural Municipality-3",True,True,nepal_police,81,1
63811,2023-04-30,27.38688,87.21569,"87.21569,27.38688","Landslide at Phaksinda Dovan , Khandbari Municipality-7",True,True,nepal_police,104,1
63824,2023-05-01,28.32432,82.65523,"82.65523,28.32432","Landslide at Nandikhola , Rolpa Municipality-10",True,True,other,149,1
63869,2023-05-05,27.82173,83.63419,"83.63419,27.82173","Landslide at Charchare, Mathagadhi Rural Municipality-1",True,True,nepal_police,79,1
64175,2023-05-15,28.32432,82.65523,"82.65523,28.32432","Landslide at Triveni , Rolpa Municipality-10",True,True,other,149,1
64271,2023-05-20,27.38688,87.21569,"87.21569,27.38688","Landslide at Simtar, Khandbari Municipality-7",True,True,other,104,2
64293,2023-05-20,28.54637,83.48729,"83.48729,28.54637","Landslide at Guithe , Raghuganga Rural Municipality-8",True,True,other,128,2
64319,2023-05-22,27.61645,84.36001,"84.36001,27.61645",Landslide at Bharatpur Metropolitan City-14,True,True,other,39,1
64327,2023-05-23,29.5579,81.49045,"81.49045,29.5579","Landslide at Khalla , Gaumul Rural Municipality-1",True,True,other,57,1
64362,2023-05-24,28.32432,82.65523,"82.65523,28.32432","Landslide at Nimri , Rolpa Municipality-10",True,True,other,149,2
64384,2023-05-24,28.4736,84.37288,"84.37288,28.4736","Landslide at Sirantal , Nashong Rural Municipality-1",True,True,other,6,2
64395,2023-05-25,28.00638,84.94688,"84.94688,28.00638","Landslide at Sangkosh , Netrawati Dabjong Rural Municipality-1",True,True,other,86,1
64425,2023-05-26,28.54637,83.48729,"83.48729,28.54637","Landslide at Ghurekharka Fedi, Raghuganga Rural Municipality-8",True,True,other,128,1
64443,2023-05-27,28.32432,82.65523,"82.65523,28.32432","Landslide at Gang, Rolpa Municipality-10",True,True,other,149,2
64445,2023-05-27,27.51082,85.29609,"85.29609,27.51082","Landslide at Bhattedanda , Bagmati Rural Municipality-3",True,True,other,14,2
64466,2023-05-29,29.92362,80.73694,"80.73694,29.92362","Landslide at Panebaj, Apihimal Rural Municipality-6",True,True,other,48,1
64642,2023-06-11,27.61176,87.31716,"87.31716,27.61176","Landslide at Naya Basti , Makalu Rural Municipality-3",True,True,other,12,1
64670,2023-06-09,27.82173,83.63419,"83.63419,27.82173","Landslide at Bhalkun, Mathagadhi Rural Municipality-1",True,True,other,79,1
64720,2023-06-14,28.28362,84.43609,"84.43609,28.28362","Landslide at Udipur, Marsyangdi Rural Municipality-7",True,True,other,56,11
64721,2023-06-14,27.4427,85.08797,"85.08797,27.4427","Landslide at Sisneri, Makawanpurgadhi Rural Municipality-5",True,True,other,52,11
64735,2023-06-14,28.17551,84.41746,"84.41746,28.17551","Landslide at Udipur, Besishahar Municipality-1",True,True,other,5,11
64736,2023-06-14,27.33149,87.31909,"87.31909,27.33149","Landslide at Bihibare, Panchakhapan Municipality-7",True,True,other,3,11
64737,2023-06-14,27.54796,85.33968,"85.33968,27.54796","Landslide at Bhattedanda, Konjyosom Rural Municipality-4",True,True,other,105,11
64740,2023-06-14,28.00638,84.94688,"84.94688,28.00638","Landslide at Ghatbesi, Netrawati Dabjong Rural Municipality-1",True,True,other,86,11
64742,2023-06-15,28.00638,84.94688,"84.94688,28.00638","Landslide at Kameri, Netrawati Dabjong Rural Municipality-1",True,True,other,86,8
64743,2023-06-15,28.00638,84.94688,"84.94688,28.00638","Landslide at Jarekhet Kholsi, Netrawati Dabjong Rural Municipality-1",True,True,other,86,8
64745,2023-06-14,28.28362,84.43609,"84.43609,28.28362","Landslide at Udipur, Marsyangdi Rural Municipality-7",True,True,other,56,11
64747,2023-06-14,28.28362,84.43609,"84.43609,28.28362",Landslide at Marsyangdi Rural Municipality-7,True,True,other,56,11
64748,2023-06-15,27.31882,86.50955,"86.50955,27.31882","Landslide at Rambazar, Siddhicharan Municipality-11",True,True,other,1,8
64750,2023-06-15,27.4427,85.08797,"85.08797,27.4427","Landslide at Chhepare, Makawanpurgadhi Rural Municipality-5",True,True,other,52,8
64753,2023-06-15,26.8739,87.39076,"87.39076,26.8739","Landslide at Rabi Rake Sadak - Baluwakhani, Sangurigadhi Rural Municipality-5",True,True,other,12,8
64755,2023-06-14,28.28362,84.43609,"84.43609,28.28362","Landslide at Bagum, Marsyangdi Rural Municipality-7",True,True,other,56,11
64758,2023-06-15,27.92448,85.24446,"85.24446,27.92448","Landslide at Newar Tole, Suryagadhi Rural Municipality-4",True,True,other,94,8
64763,2023-06-14,27.33731,87.83515,"87.83515,27.33731","Landslide at Ambegudin, Sirijangha Rural Municipality-2",True,True,other,2,11
64770,2023-06-14,28.28362,84.43609,"84.43609,28.28362","Landslide at Nayu, Marsyangdi Rural Municipality-7",True,True,other,56,11
64772,2023-06-16,27.78088,84.8462,"84.8462,27.78088","Landslide at Bihani Petrolpump, Gajuri Rural Municipality-2",True,True,other,2,2
64776,2023-06-15,27.37392,87.83476,"87.83476,27.37392",Landslide at Sirijangha Rural Municipality-4,True,True,other,3,8
64777,2023-06-16,27.61176,87.31716,"87.31716,27.61176","Landslide at Haitar , Makalu Rural Municipality-3",True,True,other,12,2
64780,2023-06-15,27.44175,87.57938,"87.57938,27.44175","Landslide at Khurpathak, Meringden Rural Municipality-5",True,True,other,6,8
64803,2023-06-17,27.60988,87.82613,"87.82613,27.60988","Landslide at Mehele, Phaktanglung Rural Municipality-6",True,True,other,148,13
64805,2023-06-18,27.14773,87.78498,"87.78498,27.14773","Landslide at Kanxidobhan, Phidim Municipality-11",True,True,other,83,12
64810,2023-06-18,26.88507,87.89616,"87.89616,26.88507",Landslide at Illam Municipality-12,True,True,other,71,12
64814,2023-06-18,26.99496,87.74475,"87.74475,26.99496","Landslide at Patewa, Fakphokthum Rural Municipality-1",True,True,other,3,12
64815,2023-06-17,27.34868,87.88049,"87.88049,27.34868","Landslide at Nabi Bhanjyang , Sidingba Rural Municipality-6",True,True,other,4,13
64816,2023-06-17,27.60988,87.82613,"87.82613,27.60988","Landslide at Ilabote , Phaktanglung Rural Municipality-6",True,True,other,148,13
64818,2023-06-17,27.41286,87.34043,"87.34043,27.41286","Landslide at Majuwa Dovan, Sabhapokhari Rural Municipality-6",True,True,other,1,13
64819,2023-06-17,27.60988,87.82613,"87.82613,27.60988",Landslide at Phaktanglung Rural Municipality-6,True,True,other,148,13
64821,2023-06-17,27.31388,87.71237,"87.71237,27.31388","Landslide at Sesambu, Pathibhara Yangwarak Rural Municipality-1",True,True,other,6,13
64822,2023-06-18,27.60988,87.82613,"87.82613,27.60988",Landslide at Phaktanglung Rural Municipality-6,True,True,other,148,12
64827,2023-06-17,27.49345,87.64253,"87.64253,27.49345","Landslide at Tamrang, Mikwakhola Rural Municipality-4",True,True,other,3,13
64829,2023-06-17,27.14773,87.78498,"87.78498,27.14773",Landslide at Phidim Municipality-11,True,True,other,83,13
64831,2023-06-17,27.4099,87.91471,"87.91471,27.4099","Landslide at Bagale, Sirijangha Rural Municipality-7",True,True,other,3,13
64832,2023-06-17,27.34836,87.75264,"87.75264,27.34836","Landslide at Okharbote, Pathibhara Yangwarak Rural Municipality-3",True,True,other,2,13
64833,2023-06-17,27.20901,87.94642,"87.94642,27.20901","Landslide at Kholaghari, Falelung Rural Municipality-3",True,True,other,6,13
64835,2023-06-17,27.34868,87.88049,"87.88049,27.34868","Landslide at Mehele, Sidingba Rural Municipality-6",True,True,other,4,13
64848,2023-06-18,27.14773,87.78498,"87.78498,27.14773","Landslide at Chemphuwa Khola - Gurungtar, Phidim Municipality-11",True,True,other,83,12
64849,2023-06-17,27.38012,87.39428,"87.39428,27.38012","Landslide at Chaurikharka, Panchakhapan Municipality-9",True,True,other,2,13
64851,2023-06-18,28.19884,83.91163,"83.91163,28.19884","Landslide at Lukunsara, Pokhara Lekhnath Metropolitan City-22",True,True,other,8,12
64853,2023-06-18,27.37392,87.83476,"87.83476,27.37392","Landslide at Tellok , Sirijangha Rural Municipality-4",True,True,other,3,12
64856,2023-06-18,26.8739,87.39076,"87.39076,26.8739","Landslide at Pahire, Sangurigadhi Rural Municipality-5",True,True,other,12,12
64859,2023-06-19,27.60988,87.82613,"87.82613,27.60988","Landslide at Mukhu Bhanjyang, Phaktanglung Rural Municipality-6",True,True,other,148,11
64873,2023-06-18,27.02309,87.72478,"87.72478,27.02309","Landslide at Phaktep Bazar, Falgunanda Rural Municipality-5",True,True,other,3,12
64874,2023-06-19,27.14755,87.73525,"87.73525,27.14755","Landslide at Saalghari - Madhyapahadi Lokmarga, Phidim Municipality-4",True,True,other,2,11
64875,2023-06-18,27.24863,87.98621,"87.98621,27.24863","Landslide at Phedi, Yangwarak Rural Municipality-1",True,True,other,1,12
64876,2023-06-19,27.14773,87.78498,"87.78498,27.14773","Landslide at Thapatar, Phidim Municipality-11",True,True,other,83,11
64877,2023-06-19,27.40527,87.72875,"87.72875,27.40527","Landslide at Chhatedhunga , Phungling Municipality-10",True,True,other,4,11
64882,2023-06-19,27.97856,84.22392,"84.22392,27.97856","Landslide at Mathillo Gudadi , Myagde Rural Municipality-1",True,True,other,2,11
64883,2023-06-19,27.1766,87.75005,"87.75005,27.1766","Landslide at Yekcheppa, Hilihang Rural Municipality-7",True,True,other,1,11
64885,2023-06-19,27.17851,87.69147,"87.69147,27.17851","Landslide at Chuhan Danda , Aathrai Rural Municipality-6",True,True,other,1,11
64887,2023-06-18,27.14773,87.78498,"87.78498,27.14773","Landslide at Kaule , Phidim Municipality-11",True,True,other,83,12
64895,2023-06-20,27.53318,87.34291,"87.34291,27.53318","Landslide at Lumwang, Makalu Rural Municipality-5",True,True,other,10,5
64902,2023-06-19,27.20954,87.85906,"87.85906,27.20954","Landslide at Chirbhanjyang , Falelung Rural Municipality-1",True,True,other,3,11
64904,2023-06-20,27.34868,87.88049,"87.88049,27.34868","Landslide at Mehele Khuwa , Sidingba Rural Municipality-6",True,True,other,4,5
64907,2023-06-19,27.14773,87.78498,"87.78498,27.14773","Landslide at Kholaghari , Phidim Municipality-11",True,True,other,83,11
64912,2023-06-21,27.72678,86.13841,"86.13841,27.72678","Landslide at Chapleti , Kalinchok Rural Municipality-4",True,True,other,2,2
64915,2023-06-20,27.3107,87.8266,"87.8266,27.3107","Landslide at Sinam , Sirijangha Rural Municipality-1",True,True,other,4,5
64916,2023-06-20,27.60988,87.82613,"87.82613,27.60988","Landslide at Buddha Danda , Phaktanglung Rural Municipality-6",True,True,other,148,5
64917,2023-06-20,27.38679,87.96454,"87.96454,27.38679","Landslide at Surumakhim , Sidingba Rural Municipality-7",True,True,other,2,5
64931,2023-06-19,28.15753,83.97176,"83.97176,28.15753","Landslide at Phoksing , Pokhara Lekhnath Metropolitan City-21",True,True,other,4,11
64935,2023-06-21,27.81183,84.54786,"84.54786,27.81183","Landslide at Namsipul, Ichchhyakamana Rural Municipality-6",True,True,other,16,2
64937,2023-06-19,28.27345,84.8101,"84.8101,28.27345","Landslide at Simle , Dharche Rural Municipality-5",True,True,other,82,11
64949,2023-06-22,27.30887,86.93428,"86.93428,27.30887","Landslide at Fedi , Kepilasagadhi Rural Municipality-1",True,True,other,2,2
64956,2023-06-22,27.36239,86.31504,"86.31504,27.36239","Landslide at Bilandu Gaau , Champadevi Rural Municipality-8",True,True,other,1,2
64957,2023-06-23,29.72144,80.51073,"80.51073,29.72144","Landslide at Panebanj , Shailyashikhar Municipality-6",True,True,other,7,13
64960,2023-06-23,29.68721,80.55101,"80.55101,29.68721","Landslide at Naktad , Shailyashikhar Municipality-9",True,True,other,4,13
64964,2023-06-23,29.67356,80.62775,"80.62775,29.67356","Landslide at Giribagad - Naulakhola , Dilasaini Rural Municipality-3",True,True,other,1,13
64967,2023-06-23,29.44448,80.6367,"80.6367,29.44448","Landslide at Jyapu, Patan Municipality-8",True,True,other,2,13
64969,2023-06-18,27.13622,87.06737,"87.06737,27.13622","Landslide at Akhuwa Khola , Bhojpur Municipality-12",True,True,other,4,12
64970,2023-06-23,27.80588,84.26869,"84.26869,27.80588","Landslide at Rajbrikshya  & Matdanda , Bulingtar Rural Municipality-1",True,True,other,3,13
64971,2023-06-23,29.50844,80.57647,"80.57647,29.50844","Landslide at Baisurnaiya , Surnaya Rural Municipality-5",True,True,other,73,13
64972,2023-06-23,29.0144,81.65391,"81.65391,29.0144","Landslide at Bajangineta, Bhairabi Rural Municipality-7",True,True,other,1,13
64976,2023-06-23,26.85692,88.15162,"88.15162,26.85692","Landslide at Sungtun / Orange Valley , Suryodaya Municipality-5",True,True,other,1,13
64979,2023-06-23,27.33592,86.44629,"86.44629,27.33592","Landslide at Charuwa Gaau, Molung Rural Municipality-1",True,True,other,71,13
64980,2023-06-24,28.26284,83.74598,"83.74598,28.26284","Landslide at Mahabhir , Modi Rural Municipality-6",True,True,nepal_police,1,9
64981,2023-06-24,27.18536,85.90753,"85.90753,27.18536","Landslide at Kamerephat, Kamalamai Municipality-5",True,True,other,36,9
64983,2023-06-23,28.02518,84.10367,"84.10367,28.02518",Landslide at Shuklagandaki Municipality-7,True,True,other,4,13
64984,2023-06-24,27.35072,86.02094,"86.02094,27.35072","Landslide at Seleghat - Triveni , Manthali Municipality-6",True,True,other,2,9
64989,2023-06-24,28.28344,83.83234,"83.83234,28.28344","Landslide at Paudur Ghumti, Annapurna Rural Municipality-3",True,True,other,4,9
64990,2023-06-24,28.49218,83.61615,"83.61615,28.49218","Landslide at Naini Bagar, Annapurna Rural Municipality-2",True,True,other,6,9
65002,2023-06-23,27.27072,87.12601,"87.12601,27.27072","Landslide at Papunga, Shadananda Municipality-13",True,True,other,2,13
65004,2023-06-24,29.50844,80.57647,"80.57647,29.50844",Landslide at Surnaya Rural Municipality-5,True,True,other,73,9
65007,2023-06-23,28.2543,83.90601,"83.90601,28.2543","Landslide at Kahule, Pokhara Lekhnath Metropolitan City-24",True,True,other,7,13
65011,2023-06-23,27.72488,86.68194,"86.68194,27.72488","Landslide at Bideshi Tole , Khumbupasanglahmu Rural Municipality-3",True,True,other,88,13
65021,2023-06-25,28.25536,82.48504,"82.48504,28.25536","Landslide at Kasnthamali , Tribeni Rural Municipality-2",True,True,other,5,8
65022,2023-06-25,29.50421,80.7523,"80.7523,29.50421","Landslide at Jayaprithvi Highway , Sigas Rural Municipality-9",True,True,other,2,8
65023,2023-06-25,29.29735,80.71687,"80.71687,29.29735","Landslide at Seltada , Ganayapdhura Rural Municipality-3",True,True,other,2,8
65024,2023-06-25,28.54637,83.48729,"83.48729,28.54637","Landslide at Naini Bagar, Raghuganga Rural Municipality-8",True,True,other,128,8
65030,2023-06-25,29.40589,81.3771,"81.3771,29.40589","Landslide at Amkot Dwari , Budhiganga Municipality-1",True,True,other,7,8
65042,2023-06-25,27.35365,86.64151,"86.64151,27.35365","Landslide at Bihibare Bazar , Nechasalyan Rural Municipality-3",True,True,other,1,8
65044,2023-06-25,28.48158,82.69686,"82.69686,28.48158","Landslide at Maranthana , Thawang Rural Municipality-2",True,True,other,5,8
65058,2023-06-25,29.00656,81.44642,"81.44642,29.00656","Landslide at Tunbagar , Aathabis Municipality-3",True,True,other,2,8
65059,2023-06-24,27.6971,85.91769,"85.91769,27.6971","Landslide at Nigale , Lisangkhu Pakhar Rural Municipality-5",True,True,other,1,9
65060,2023-06-26,28.43,82.42463,"82.42463,28.43","Landslide at Chautaradanda , Sukidaha Rural Municipality-2",True,True,other,1,3
65061,2023-06-26,27.77921,84.48542,"84.48542,27.77921","Landslide at Satra Kilo , Bharatpur Metropolitan City-29",True,True,other,23,3
65063,2023-06-27,28.66162,82.05891,"82.05891,28.66162","Landslide at Damar Khola , Chhedagad Municipality-13",True,True,other,1,6
65065,2023-06-27,27.77921,84.48542,"84.48542,27.77921",Landslide at Bharatpur Metropolitan City-29,True,True,other,23,6
65067,2023-06-27,26.8739,87.39076,"87.39076,26.8739","Landslide at Seling , Sangurigadhi Rural Municipality-5",True,True,other,12,6
65071,2023-06-27,27.4427,85.08797,"85.08797,27.4427","Landslide at Gangate, Makawanpurgadhi Rural Municipality-5",True,True,other,52,6
65074,2023-06-26,28.23259,83.8598,"83.8598,28.23259","Landslide at Pame - Aarbot , Pokhara Lekhnath Metropolitan City-23",True,True,other,7,3
65076,2023-06-27,27.54796,85.33968,"85.33968,27.54796","Landslide at Bhattedanda - Takurche, Konjyosom Rural Municipality-4",True,True,other,105,6
65078,2023-06-27,28.32432,82.65523,"82.65523,28.32432","Landslide at Bersawang - Shaid Marga , Rolpa Municipality-10",True,True,other,149,6
65079,2023-06-24,27.44241,86.35017,"86.35017,27.44241","Landslide at Khusbu Tole , Khijidemba Rural Municipality-5",True,True,other,2,9
65080,2023-06-28,28.397,83.56899,"83.56899,28.397","Landslide at Tallo Baisari , Raghuganga Rural Municipality-3",True,True,other,8,8
65081,2023-06-28,28.28344,83.83234,"83.83234,28.28344","Landslide at Paudur Ghumti , Annapurna Rural Municipality-3",True,True,other,4,8
65083,2023-06-28,27.82173,83.63419,"83.63419,27.82173","Landslide at Dhaireni , Mathagadhi Rural Municipality-1",True,True,other,79,8
65084,2023-06-24,27.35238,86.60202,"86.60202,27.35238",Landslide at Nechasalyan Rural Municipality-5,True,True,other,1,9
65085,2023-06-28,29.44448,80.6367,"80.6367,29.44448",Landslide at Patan Municipality-8,True,True,other,2,8
65089,2023-06-29,29.32238,81.27281,"81.27281,29.32238","Landslide at Dab Bazar , Budhiganga Municipality-10",True,True,other,2,7
65091,2023-06-28,28.76916,81.60688,"81.60688,28.76916","Landslide at Rati Khola , Gurans Rural Municipality-2",True,True,other,1,8
65092,2023-06-28,28.54144,83.6164,"83.6164,28.54144","Landslide at Rupse , Annapurna Rural Municipality-3",True,True,other,15,8
65093,2023-06-28,28.9548,83.86811,"83.86811,28.9548","Landslide at Kavre Bhir , Loghekar Damodarkunda Rural Municipality-5",True,True,other,22,8
65096,2023-06-28,27.51082,85.29609,"85.29609,27.51082","Landslide at Naya Gaau / Jhakri Danda , Bagmati Rural Municipality-3",True,True,other,14,8
65101,2023-06-30,27.84506,84.58205,"84.58205,27.84506",Landslide at Ichchhyakamana Rural Municipality-5,True,True,other,15,16
65102,2023-06-29,27.82349,86.22218,"86.22218,27.82349","Landslide at Manthali Khare, Bigu Rural Municipality-1",True,True,other,62,7
65105,2023-06-29,28.31503,83.62223,"83.62223,28.31503","Landslide at Kerabari , Jaljala Rural Municipality-7",True,True,other,1,7
65107,2023-06-29,27.20284,87.2697,"87.2697,27.20284","Landslide at Thulo Akar , Dharmadevi Municipality-8",True,True,other,2,7
65108,2023-06-30,27.82173,83.63419,"83.63419,27.82173","Landslide at Dhaireni , Mathagadhi Rural Municipality-1",True,True,other,79,16
65111,2023-06-30,29.72144,80.51073,"80.51073,29.72144","Landslide at Panebanj , Shailyashikhar Municipality-6",True,True,other,7,16
65113,2023-06-30,28.60649,83.6488,"83.6488,28.60649","Landslide at Kavrebhir , Thasang Rural Municipality-4",True,True,other,12,16
65114,2023-06-29,29.67916,82.30447,"82.30447,29.67916","Landslide at Syala Khola , Mugum Karmarong Rural Municipality-7",True,True,other,26,7
65115,2023-06-30,27.8742,83.13271,"83.13271,27.8742","Landslide at Bhuwanpata , Sitganga Municipality-2",True,True,other,5,16
65116,2023-06-30,27.86736,83.52912,"83.52912,27.86736","Landslide at Tinlakuri , Tansen Municipality-5",True,True,other,3,16
65117,2023-06-30,27.6787,85.31004,"85.31004,27.6787","Landslide at Bhalukhola / Pangdur Dolma, Lalitpur Metropolitan City-3",True,True,other,1,16
65118,2023-06-30,28.88537,81.67138,"81.67138,28.88537","Landslide at Bheltadi , Mahabu Rural Municipality-2",True,True,other,26,16
65119,2023-06-30,26.8739,87.39076,"87.39076,26.8739","Landslide at Dhade Danda , Sangurigadhi Rural Municipality-5",True,True,other,12,16
65120,2023-06-30,28.397,83.56899,"83.56899,28.397","Landslide at Tallo Baisari , Raghuganga Rural Municipality-3",True,True,other,8,16
65121,2023-06-30,29.21559,81.74506,"81.74506,29.21559",Landslide at Pachaljharana Rural Municipality-3,True,True,other,81,16
65124,2023-06-30,26.64064,87.12722,"87.12722,26.64064","Landslide at Satra Number, Inaruwa Municipality-8",True,True,other,31,16
65125,2023-06-30,29.53347,80.68897,"80.68897,29.53347","Landslide at Jay Prithvi Rajmarga, Surnaya Rural Municipality-8",True,True,other,3,16
65128,2023-06-30,29.53347,80.68897,"80.68897,29.53347",Landslide at Surnaya Rural Municipality-8,True,True,other,3,16
65129,2023-06-30,27.92437,83.16209,"83.16209,27.92437","Landslide at Dahakhola, Panini Rural Municipality-7",True,True,other,4,16
65134,2023-06-29,27.24611,87.2603,"87.2603,27.24611","Landslide at Piluwakhola , Chainpur Municipality-10",True,True,other,2,7
65136,2023-07-01,27.83836,83.63726,"83.63726,27.83836","Landslide at Dhaireni , Mathagadhi Rural Municipality-1",True,True,other,5,23
65137,2023-07-01,27.86736,83.52912,"83.52912,27.86736","Landslide at Tinlakuri , Tansen Municipality-5",True,True,other,3,23
65140,2023-07-01,27.74363,85.03915,"85.03915,27.74363","Landslide at Barha Kila , Thakre Rural Municipality-2",True,True,other,4,23
65142,2023-07-01,27.61645,84.36001,"84.36001,27.61645","Landslide at Narayanghat Muglin Highway, Bharatpur Metropolitan City-14",True,True,other,39,23
65143,2023-07-01,27.81101,83.54275,"83.54275,27.81101","Landslide at Gaude , Tansen Municipality-8",True,True,other,8,23
65146,2023-07-01,27.80072,83.07075,"83.07075,27.80072","Landslide at Kodrekhola , Sitganga Municipality-12",True,True,other,6,23
65147,2023-07-01,27.33592,86.44629,"86.44629,27.33592",Landslide at Molung Rural Municipality-1,True,True,other,71,23
65148,2023-07-01,27.74194,83.509,"83.509,27.74194","Landslide at Siddhababa Mandhir, Tinau Rural Municipality-3",True,True,other,23,23
65149,2023-07-01,27.80588,84.26869,"84.26869,27.80588","Landslide at Matdanda & Kaude Bhir , Bulingtar Rural Municipality-1",True,True,other,3,23
65150,2023-06-30,29.2309,81.64931,"81.64931,29.2309",Landslide at Raskot Municipality-7,True,True,other,1,16
65151,2023-07-01,28.397,83.56899,"83.56899,28.397","Landslide at Tallo Baisari , Raghuganga Rural Municipality-3",True,True,other,8,23
65152,2023-07-01,27.90246,83.71187,"83.71187,27.90246","Landslide at Sahadikhola , Rambha Rural Municipality-1",True,True,other,3,23
65153,2023-07-01,28.02043,82.77314,"82.77314,28.02043","Landslide at Simalchaur / Garjeni, Mandavi Rural Municipality-1",True,True,other,2,23
65154,2023-07-01,27.8742,83.13271,"83.13271,27.8742","Landslide at Bhuwanpata, Sitganga Municipality-2",True,True,other,5,23
65155,2023-07-01,27.94393,83.04234,"83.04234,27.94393","Landslide at Bakhor, Bhumekasthan Municipality-7",True,True,other,50,23
65158,2023-07-01,27.92789,83.05445,"83.05445,27.92789","Landslide at Khayan , Bhumekasthan Municipality-10",True,True,other,3,23
65159,2023-07-01,27.92437,83.16209,"83.16209,27.92437","Landslide at Ghumti, Panini Rural Municipality-7",True,True,other,4,23
65161,2023-07-01,28.88537,81.67138,"81.67138,28.88537","Landslide at Suwachheda, Mahabu Rural Municipality-2",True,True,other,26,23
65162,2023-07-01,27.96986,83.44816,"83.44816,27.96986","Landslide at Rudrabeni , Ruru Rural Municipality-2",True,True,other,3,23
65164,2023-07-01,27.83944,83.97525,"83.97525,27.83944","Landslide at Syaulibazar, Rampur Municipality-1",True,True,other,1,23
65165,2023-07-01,28.32432,82.65523,"82.65523,28.32432","Landslide at Bhagobari , Rolpa Municipality-10",True,True,other,149,23
65167,2023-07-02,27.93572,84.24996,"84.24996,27.93572","Landslide at Yampa , Rhishing Rural Municipality-1",True,True,other,54,8
65171,2023-07-02,29.51878,80.6297,"80.6297,29.51878","Landslide at Motinagar , Surnaya Rural Municipality-6",True,True,other,2,8
65173,2023-07-01,27.82173,83.63419,"83.63419,27.82173","Landslide at Dovan, Mathagadhi Rural Municipality-1",True,True,other,79,23
65174,2023-06-29,27.84506,84.58205,"84.58205,27.84506","Landslide at Narayanghat Muglin Highway, Ichchhyakamana Rural Municipality-5",True,True,other,15,7
65178,2023-07-02,27.91907,85.88028,"85.88028,27.91907","Landslide at Dharapani, Bhotekoshi Rural Municipality-1",True,True,other,1,8
65179,2023-07-02,29.21559,81.74506,"81.74506,29.21559","Landslide at Serighat, Pachaljharana Rural Municipality-3",True,True,other,81,8
65180,2023-07-02,28.31403,82.50113,"82.50113,28.31403",Landslide at Tribeni Rural Municipality-7,True,True,other,3,8
65183,2023-07-02,27.84779,85.9427,"85.9427,27.84779","Landslide at Jhyale Bhir, Bhotekoshi Rural Municipality-5",True,True,other,2,8
65185,2023-07-01,27.85524,83.27985,"83.27985,27.85524","Landslide at Damar Saaljhandi - Dhorpatan Highway , Panini Rural Municipality-2",True,True,other,4,23
65189,2023-07-01,28.18418,83.976,"83.976,28.18418","Landslide at Birauta , Pokhara Lekhnath Metropolitan City-17",True,True,other,5,23
65191,2023-07-02,27.74363,85.03915,"85.03915,27.74363","Landslide at Barha Kila , Thakre Rural Municipality-2",True,True,other,4,8
65194,2023-07-03,27.84506,84.58205,"84.58205,27.84506",Landslide at Ichchhyakamana Rural Municipality-5,True,True,other,15,8
65196,2023-07-02,29.50844,80.57647,"80.57647,29.50844","Landslide at Dholyamod , Surnaya Rural Municipality-5",True,True,other,73,8
65199,2023-07-03,27.83556,84.13765,"84.13765,27.83556","Landslide at Kaude Bhir , Bulingtar Rural Municipality-6",True,True,other,2,8
65200,2023-07-03,28.20228,83.69519,"83.69519,28.20228","Landslide at Jyamire , Kushma Municipality-10",True,True,other,56,8
65202,2023-07-03,29.50844,80.57647,"80.57647,29.50844","Landslide at Shree Bhabar, Surnaya Rural Municipality-5",True,True,other,73,8
65203,2023-07-03,29.99711,81.6805,"81.6805,29.99711","Landslide at Khagal Gaau, Namkha Rural Municipality-3",True,True,other,1,8
65204,2023-07-03,27.51082,85.29609,"85.29609,27.51082","Landslide at Bhattedanda, Bagmati Rural Municipality-3",True,True,other,14,8
65206,2023-07-03,27.78523,84.74887,"84.74887,27.78523","Landslide at Krishnabhir , Benighat Rorang Rural Municipality-7",True,True,other,2,8
65207,2023-07-04,28.28344,83.83234,"83.83234,28.28344","Landslide at Paudur Ghumti , Annapurna Rural Municipality-3",True,True,other,4,23
65208,2023-07-04,27.83836,83.63726,"83.63726,27.83836","Landslide at Dhaireni , Mathagadhi Rural Municipality-1",True,True,other,5,23
65212,2023-07-03,29.20864,80.48616,"80.48616,29.20864","Landslide at Raduwa , Alital Rural Municipality-3",True,True,other,44,8
65213,2023-07-04,27.82173,83.63419,"83.63419,27.82173","Landslide at Gaudepul , Mathagadhi Rural Municipality-1",True,True,other,79,23
65215,2023-07-04,27.62682,82.96838,"82.96838,27.62682","Landslide at Paira Khola , Buddhabhumi Municipality-8",True,True,other,7,23
65216,2023-07-04,27.9672,82.44665,"82.44665,27.9672","Landslide at Dhankhola , Ghorahi Submetropolitan City-5",True,True,other,14,23
65217,2023-07-04,28.63268,83.59062,"83.59062,28.63268","Landslide at Dhampu, Thasang Rural Municipality-3",True,True,other,2,23
65218,2023-07-04,29.68721,80.55101,"80.55101,29.68721","Landslide at Naktad , Shailyashikhar Municipality-9",True,True,other,4,23
65219,2023-07-04,27.4427,85.08797,"85.08797,27.4427","Landslide at Ramchhe, Makawanpurgadhi Rural Municipality-5",True,True,other,52,23
65220,2023-07-04,27.94393,83.04234,"83.04234,27.94393","Landslide at Bokhar , Bhumekasthan Municipality-7",True,True,other,50,23
65221,2023-07-04,28.20228,83.69519,"83.69519,28.20228","Landslide at MauriBhir , Kushma Municipality-10",True,True,other,56,23
65222,2023-07-04,27.82349,86.22218,"86.22218,27.82349","Landslide at Chapleti , Bigu Rural Municipality-1",True,True,other,62,23
65224,2023-07-04,28.28362,84.43609,"84.43609,28.28362","Landslide at Kharkhare , Marsyangdi Rural Municipality-7",True,True,other,56,23
65226,2023-07-04,27.82173,83.63419,"83.63419,27.82173","Landslide at Chiureni , Mathagadhi Rural Municipality-1",True,True,other,79,23
65227,2023-07-04,27.87511,83.30782,"83.30782,27.87511","Landslide at Panena , Panini Rural Municipality-1",True,True,other,1,23
65230,2023-07-04,28.20228,83.69519,"83.69519,28.20228","Landslide at Sano Swami, Kushma Municipality-10",True,True,other,56,23
65231,2023-07-04,28.58965,84.30059,"84.30059,28.58965","Landslide at Danakyu , Nashong Rural Municipality-9",True,True,other,2,23
65232,2023-07-04,27.94393,83.04234,"83.04234,27.94393","Landslide at Bhuwanpata , Bhumekasthan Municipality-7",True,True,other,50,23
65237,2023-07-04,26.92973,86.99068,"86.99068,26.92973","Landslide at Pangcha, Aamchowk Rural Municipality-10",True,True,other,1,23
65239,2023-07-05,28.2543,83.90601,"83.90601,28.2543","Landslide at Pame , Pokhara Lekhnath Metropolitan City-24",True,True,other,7,14
65240,2023-07-04,27.7738,84.89826,"84.89826,27.7738","Landslide at Ghatbesi , Gajuri Rural Municipality-5",True,True,other,1,23
65241,2023-07-04,27.51082,85.29609,"85.29609,27.51082","Landslide at Pangdur , Bagmati Rural Municipality-3",True,True,other,14,23
65242,2023-07-04,27.49477,85.22413,"85.22413,27.49477","Landslide at Gangate , Bhimphedi Rural Municipality-8",True,True,other,9,23
65243,2023-07-04,28.1203,82.85541,"82.85541,28.1203","Landslide at Kairan , Pyuthan Municipality-7",True,True,other,60,23
65245,2023-07-05,28.81039,81.57652,"81.57652,28.81039","Landslide at Suwachheda - Batkhola , Dullu Municipality-1",True,True,other,3,14
65247,2023-07-05,27.92437,83.16209,"83.16209,27.92437","Landslide at Ghumti & Dahakhola , Panini Rural Municipality-7",True,True,other,4,14
65249,2023-07-05,26.64064,87.12722,"87.12722,26.64064","Landslide at Dhansar, Inaruwa Municipality-8",True,True,other,31,14
65250,2023-07-05,27.54796,85.33968,"85.33968,27.54796","Landslide at Kotdanda, Konjyosom Rural Municipality-4",True,True,other,105,14
65251,2023-07-05,28.80191,82.32344,"82.32344,28.80191","Landslide at Namuna Basti - Bagara , Nalgaad Municipality-7",True,True,other,3,14
65254,2023-07-05,28.73884,82.46045,"82.46045,28.73884","Landslide at Kharkhare, Banfikot Rural Municipality-6",True,True,other,44,14
65255,2023-07-05,27.18536,85.90753,"85.90753,27.18536","Landslide at Kamerephat , Kamalamai Municipality-5",True,True,other,36,14
65257,2023-07-05,27.85524,83.27985,"83.27985,27.85524","Landslide at Damar / Saaljhundi Dhorpatan Highway , Panini Rural Municipality-2",True,True,other,4,14
65259,2023-07-05,27.43403,85.74575,"85.74575,27.43403","Landslide at Kaldhunga, Roshi Rural Municipality-11",True,True,other,7,14
65263,2023-07-06,27.51082,85.29609,"85.29609,27.51082",Landslide at Bagmati Rural Municipality-3,True,True,other,14,5
65266,2023-07-05,27.51082,85.29609,"85.29609,27.51082","Landslide at Bhattedanda, Bagmati Rural Municipality-3",True,True,other,14,14
65269,2023-07-05,28.03256,84.15403,"84.15403,28.03256","Landslide at Mauribazar & Turture Bazar , Myagde Rural Municipality-6",True,True,other,2,14
65270,2023-07-05,28.27728,83.92498,"83.92498,28.27728","Landslide at Hemja Mardi Bhir, Pokhara Lekhnath Metropolitan City-25",True,True,other,8,14
65276,2023-07-06,29.5579,81.49045,"81.49045,29.5579","Landslide at Rana , Gaumul Rural Municipality-1",True,True,other,57,5
65278,2023-07-04,27.12012,87.81063,"87.81063,27.12012","Landslide at Nanglapa, Phidim Municipality-7",True,True,other,1,23
65282,2023-07-06,29.56021,82.12805,"82.12805,29.56021","Landslide at Phuli Bamdhara, Chhayanath Rara Municipality-3",True,True,nepal_police,1,5
65283,2023-07-06,28.32461,82.56724,"82.56724,28.32461","Landslide at Jhimasila, Rolpa Municipality-6",True,True,nepal_police,2,5
65285,2023-07-06,28.25536,82.48504,"82.48504,28.25536","Landslide at Kanthamali, Tribeni Rural Municipality-2",True,True,nepal_police,5,5
65290,2023-07-07,26.8428,87.18168,"87.18168,26.8428","Landslide at Dhansara, Barah Municipality-1",True,True,nepal_police,12,4
65291,2023-07-07,26.8739,87.39076,"87.39076,26.8739","Landslide at Kuibir, Sangurigadhi Rural Municipality-5",True,True,nepal_police,12,4
65306,2023-07-07,27.90711,85.75568,"85.75568,27.90711",Landslide at Jugal Rural Municipality-2,True,True,other,86,4
65307,2023-07-07,27.82349,86.22218,"86.22218,27.82349","Landslide at Kholekhola , Bigu Rural Municipality-1",True,True,other,62,4
65308,2023-07-08,27.51868,85.67954,"85.67954,27.51868","Landslide at Charsebesi , Roshi Rural Municipality-7",True,True,other,2,6
65310,2023-07-08,28.54144,83.6164,"83.6164,28.54144","Landslide at Kavre , Annapurna Rural Municipality-3",True,True,other,15,6
65311,2023-07-08,28.4,82.09154,"82.09154,28.4","Landslide at Chorkhola , Sharada Municipality-9",True,True,other,45,6
65313,2023-07-08,27.61645,84.36001,"84.36001,27.61645","Landslide at Kali Khola , Bharatpur Metropolitan City-14",True,True,other,39,6
65315,2023-07-08,27.54796,85.33968,"85.33968,27.54796","Landslide at Lakuri Bhanjyang, Konjyosom Rural Municipality-4",True,True,other,105,6
65318,2023-07-05,27.61645,84.36001,"84.36001,27.61645",Landslide at Bharatpur Metropolitan City-14,True,True,other,39,14
65321,2023-07-08,27.17377,87.09084,"87.09084,27.17377","Landslide at Chhapgaau, Bhojpur Municipality-11",True,True,other,65,6
65324,2023-07-09,27.9672,82.44665,"82.44665,27.9672","Landslide at Dhanubas, Ghorahi Submetropolitan City-5",True,True,other,14,3
65326,2023-07-09,28.1203,82.85541,"82.85541,28.1203","Landslide at Garjeni , Pyuthan Municipality-7",True,True,other,60,3
65329,2023-07-09,29.67916,82.30447,"82.30447,29.67916","Landslide at Herne Danda, Mugum Karmarong Rural Municipality-7",True,True,other,26,3
65342,2023-07-11,29.24194,81.66626,"81.66626,29.24194","Landslide at Pachaljharana Rural Municipality - 08, Raskot Municipality-8",True,True,other,3,1
65360,2023-07-12,27.69912,85.37856,"85.37856,27.69912","Landslide at Mudkhu Osotpawan, Kageshwori Manahora Municipality-9",True,True,other,61,3
65369,2023-07-12,28.67399,82.81088,"82.81088,28.67399","Landslide at Ranikot, Putha Uttarganga Rural Municipality-4",True,True,other,31,3
65374,2023-07-12,28.67399,82.81088,"82.81088,28.67399","Landslide at Frij Khola, Putha Uttarganga Rural Municipality-4",True,True,other,31,3
65376,2023-07-13,28.35288,83.27139,"83.27139,28.35288",Landslide at Dhorpatan Municipality-4,True,True,other,84,11
65377,2023-07-13,29.50844,80.57647,"80.57647,29.50844","Landslide at Gothalapani - Jhulaghat, Surnaya Rural Municipality-5",True,True,other,73,11
65379,2023-07-13,29.21559,81.74506,"81.74506,29.21559","Landslide at Rachuli , Pachaljharana Rural Municipality-3",True,True,other,81,11
65380,2023-07-13,27.4427,85.08797,"85.08797,27.4427","Landslide at Jyaltar , Makawanpurgadhi Rural Municipality-5",True,True,other,52,11
65381,2023-07-13,27.2801,86.03268,"86.03268,27.2801","Landslide at Akare Bhir, Golanjor Rural Municipality-6",True,True,other,4,11
65384,2023-07-13,27.90711,85.75568,"85.75568,27.90711","Landslide at Dhaklang , Jugal Rural Municipality-2",True,True,other,86,11
65386,2023-07-13,29.20864,80.48616,"80.48616,29.20864","Landslide at Raduwa, Alital Rural Municipality-3",True,True,other,44,11
65387,2023-07-13,28.54637,83.48729,"83.48729,28.54637","Landslide at Lamsung, Raghuganga Rural Municipality-8",True,True,other,128,11
65393,2023-07-13,27.41296,85.24376,"85.24376,27.41296","Landslide at Simat, Bakaiya Rural Municipality-11",True,True,other,10,11
65395,2023-07-13,29.67916,82.30447,"82.30447,29.67916","Landslide at Almaduna Khola , Mugum Karmarong Rural Municipality-7",True,True,other,26,11
65398,2023-07-13,27.54493,85.63649,"85.63649,27.54493","Landslide at Chalal , Namobuddha Municipality-7",True,True,other,59,11
65399,2023-07-14,28.1203,82.85541,"82.85541,28.1203","Landslide at Garjeni , Pyuthan Municipality-7",True,True,other,60,7
65402,2023-07-14,28.62278,82.60352,"82.60352,28.62278","Landslide at Ranikot, Sisne Rural Municipality-6",True,True,other,3,7
65403,2023-07-14,28.54637,83.48729,"83.48729,28.54637","Landslide at Naini Bagar, Raghuganga Rural Municipality-8",True,True,other,128,7
65412,2023-07-14,27.13741,87.5752,"87.5752,27.13741","Landslide at Khamlalung Karina Chowk, Phedap Rural Municipality-3",True,True,other,53,7
65421,2023-07-14,27.54796,85.33968,"85.33968,27.54796",Landslide at Konjyosom Rural Municipality-4,True,True,other,105,7
65425,2023-07-15,28.54637,83.48729,"83.48729,28.54637","Landslide at Naini Bagar, Raghuganga Rural Municipality-8",True,True,other,128,11
65426,2023-07-15,28.67399,82.81088,"82.81088,28.67399","Landslide at Ranikot, Putha Uttarganga Rural Municipality-4",True,True,nepal_police,31,11
65427,2023-07-15,27.82173,83.63419,"83.63419,27.82173","Landslide at Hiudekhola, Mathagadhi Rural Municipality-1",True,True,other,79,11
65429,2023-07-15,27.68739,84.06217,"84.06217,27.68739","Landslide at Janti Pahiro, Hupsekot Rural Municipality-4",True,True,other,23,11
65430,2023-07-15,27.74311,84.36657,"84.36657,27.74311","Landslide at Seto Pahare, Gaidakot Municipality-3",True,True,other,1,11
65432,2023-07-14,28.2299,84.00887,"84.00887,28.2299","Landslide at Kahu Danda, Pokhara Lekhnath Metropolitan City-11",True,True,other,2,7
65433,2023-07-15,28.12286,85.39797,"85.39797,28.12286","Landslide at Langtang Hydropower, Gosaikunda Rural Municipality-5",True,True,other,5,11
65434,2023-07-15,29.51878,80.6297,"80.6297,29.51878","Landslide at Jaya Prithvi Highway, Surnaya Rural Municipality-6",True,True,other,2,11
65435,2023-07-15,29.34349,80.81647,"80.81647,29.34349","Landslide at Talara - Bali Tole , Aadarsha Rural Municipality-5",True,True,other,1,11
65436,2023-07-15,28.62278,82.60352,"82.60352,28.62278","Landslide at Ranikot, Sisne Rural Municipality-6",True,True,other,3,11
65443,2023-07-15,29.50844,80.57647,"80.57647,29.50844","Landslide at Jaya Prithvi Highway , Surnaya Rural Municipality-5",True,True,other,73,11
65444,2023-07-15,29.21559,81.74506,"81.74506,29.21559","Landslide at Lapha , Pachaljharana Rural Municipality-3",True,True,other,81,11
65445,2023-07-16,28.67399,82.81088,"82.81088,28.67399","Landslide at Khabang Bagar , Putha Uttarganga Rural Municipality-4",True,True,other,31,2
65448,2023-07-16,28.47871,84.31545,"84.31545,28.47871","Landslide at Beshisahar, Nashong Rural Municipality-3",True,True,other,2,2
65450,2023-07-14,27.72488,86.68194,"86.68194,27.72488",Landslide at Khumbupasanglahmu Rural Municipality-3,True,True,other,88,7
65453,2023-07-17,28.32432,82.65523,"82.65523,28.32432","Landslide at Bersawang, Rolpa Municipality-10",True,True,other,149,4
65454,2023-07-17,28.54637,83.48729,"83.48729,28.54637","Landslide at Naini Bagar, Raghuganga Rural Municipality-8",True,True,other,128,4
65458,2023-07-17,28.67399,82.81088,"82.81088,28.67399","Landslide at Panchase, Putha Uttarganga Rural Municipality-4",True,True,other,31,4
65461,2023-07-18,28.32432,82.65523,"82.65523,28.32432","Landslide at Phuli, Rolpa Municipality-10",True,True,other,149,12
65462,2023-07-18,28.32432,82.65523,"82.65523,28.32432","Landslide at Bersawang -Sahid Marga, Rolpa Municipality-10",True,True,other,149,12
65463,2023-07-18,28.54637,83.48729,"83.48729,28.54637","Landslide at Tallo Baisari, Raghuganga Rural Municipality-8",True,True,other,128,12
65464,2023-07-18,28.20228,83.69519,"83.69519,28.20228","Landslide at Kerabari , Kushma Municipality-10",True,True,other,56,12
65465,2023-07-18,28.34628,83.99007,"83.99007,28.34628","Landslide at Paudur Ghumti , Machhapuchchhre Rural Municipality-2",True,True,other,61,12
65469,2023-07-10,27.60988,87.82613,"87.82613,27.60988","Landslide at Sirijanga / Sidingba/Mauwakhola Rural Municipality, Phaktanglung Rural Municipality-6",True,True,other,148,1
65472,2023-07-17,28.67399,82.81088,"82.81088,28.67399",Landslide at Putha Uttarganga Rural Municipality-4,True,True,other,31,4
65474,2023-07-18,28.00638,84.94688,"84.94688,28.00638","Landslide at Barha Kilo , Netrawati Dabjong Rural Municipality-1",True,True,other,86,12
65477,2023-07-18,29.50844,80.57647,"80.57647,29.50844","Landslide at Prithvi Highway , Surnaya Rural Municipality-5",True,True,other,73,12
65483,2023-07-18,29.7171,81.15534,"81.15534,29.7171","Landslide at Neuna , Surma Rural Municipality-1",True,True,other,38,12
65484,2023-07-18,29.57625,80.80399,"80.80399,29.57625",Landslide at Bungal Municipality-11,True,True,other,4,12
65485,2023-07-18,29.57625,80.80399,"80.80399,29.57625","Landslide at Bhaisani , Bungal Municipality-11",True,True,other,4,12
65486,2023-07-18,29.57625,80.80399,"80.80399,29.57625",Landslide at Bungal Municipality-11,True,True,other,4,12
65487,2023-07-19,28.54637,83.48729,"83.48729,28.54637","Landslide at Baisari , Raghuganga Rural Municipality-8",True,True,other,128,7
65488,2023-07-19,29.50844,80.57647,"80.57647,29.50844","Landslide at Jaya Prithvi Highway , Surnaya Rural Municipality-5",True,True,other,73,7
65489,2023-07-19,29.92362,80.73694,"80.73694,29.92362","Landslide at Panebanj , Apihimal Rural Municipality-6",True,True,other,48,7
65490,2023-07-19,28.32432,82.65523,"82.65523,28.32432","Landslide at Diga , Rolpa Municipality-10",True,True,other,149,7
65491,2023-07-19,27.69912,85.37856,"85.37856,27.69912","Landslide at Tinpiple , Kageshwori Manahora Municipality-9",True,True,other,61,7
65495,2023-07-18,29.7171,81.15534,"81.15534,29.7171","Landslide at Kadachaur , Surma Rural Municipality-1",True,True,other,38,12
65500,2023-07-19,28.67399,82.81088,"82.81088,28.67399","Landslide at Saipatung , Putha Uttarganga Rural Municipality-4",True,True,other,31,7
65501,2023-07-19,27.53315,86.53258,"86.53258,27.53315","Landslide at Loding , Solududhakunda Municipality-3",True,True,other,3,7
65510,2023-07-20,29.50844,80.57647,"80.57647,29.50844","Landslide at Jaya Prithvi Highway., Surnaya Rural Municipality-5",True,True,other,73,3
65521,2023-07-21,28.54637,83.48729,"83.48729,28.54637","Landslide at Narchyang - Chotepa, Raghuganga Rural Municipality-8",True,True,other,128,2
65525,2023-07-20,27.2583,87.88871,"87.88871,27.2583","Landslide at Oyem, Yangwarak Rural Municipality-3",True,True,other,4,3
65527,2023-07-20,29.50844,80.57647,"80.57647,29.50844","Landslide at Jaya Prithvi Highway, Surnaya Rural Municipality-5",True,True,other,73,3
65533,2023-07-22,29.18116,80.84086,"80.84086,29.18116","Landslide at Anyaul - Kotkhola, Shikhar Municipality-2",True,True,other,35,6
65535,2023-07-21,29.92362,80.73694,"80.73694,29.92362","Landslide at Airichhena, Apihimal Rural Municipality-6",True,True,nepal_police,48,2
65538,2023-07-22,29.92362,80.73694,"80.73694,29.92362","Landslide at Panebaaj, Apihimal Rural Municipality-6",True,True,other,48,6
65545,2023-07-22,29.50844,80.57647,"80.57647,29.50844","Landslide at Jaya Prithvi Highway, Surnaya Rural Municipality-5",True,True,other,73,6
65548,2023-07-22,28.32432,82.65523,"82.65523,28.32432","Landslide at Bersawang - Sahid Marga, Rolpa Municipality-10",True,True,other,149,6
65552,2023-07-22,28.28362,84.43609,"84.43609,28.28362","Landslide at Chyamche, Marsyangdi Rural Municipality-7",True,True,other,56,6
65556,2023-07-22,28.397,83.56899,"83.56899,28.397","Landslide at Baisari , Raghuganga Rural Municipality-3",True,True,other,8,6
65561,2023-07-23,28.4,82.09154,"82.09154,28.4","Landslide at Tunibot, Sharada Municipality-9",True,True,other,45,5
65565,2023-07-23,28.72977,82.31278,"82.31278,28.72977","Landslide at Pipalchaur, Aathbiskot Municipality-14",True,True,other,5,5
65568,2023-07-24,28.6721,82.22353,"82.22353,28.6721","Landslide at Kalekhola, Chaurjahari Municipality-9",True,True,other,2,8
65569,2023-07-23,27.33592,86.44629,"86.44629,27.33592","Landslide at Tekanpur, Molung Rural Municipality-1",True,True,other,71,5
65572,2023-07-23,28.00638,84.94688,"84.94688,28.00638","Landslide at Gaucharan, Netrawati Dabjong Rural Municipality-1",True,True,other,86,5
65573,2023-07-24,29.50844,80.57647,"80.57647,29.50844","Landslide at Nachanthali / Alugaira , Surnaya Rural Municipality-5",True,True,other,73,8
65574,2023-07-24,29.50844,80.57647,"80.57647,29.50844","Landslide at Bhairahu, Surnaya Rural Municipality-5",True,True,other,73,8
65576,2023-07-24,28.32432,82.65523,"82.65523,28.32432","Landslide at Phuli, Rolpa Municipality-10",True,True,other,149,8
65579,2023-07-23,29.50844,80.57647,"80.57647,29.50844",Landslide at Surnaya Rural Municipality-5,True,True,other,73,5
65585,2023-07-24,27.92448,85.24446,"85.24446,27.92448","Landslide at Okharpauwa Gauri Tole, Suryagadhi Rural Municipality-4",True,True,other,94,8
65586,2023-07-25,29.50421,80.7523,"80.7523,29.50421",Landslide at Sigas Rural Municipality-9,True,True,other,2,10
65587,2023-07-25,28.54637,83.48729,"83.48729,28.54637","Landslide at Baisari , Raghuganga Rural Municipality-8",True,True,other,128,10
65588,2023-07-25,28.1203,82.85541,"82.85541,28.1203","Landslide at Garjeni, Pyuthan Municipality-7",True,True,other,60,10
65589,2023-07-25,27.74194,83.509,"83.509,27.74194","Landslide at Dam Site, Tinau Rural Municipality-3",True,True,other,23,10
65591,2023-07-25,28.32432,82.65523,"82.65523,28.32432","Landslide at Golchaur, Rolpa Municipality-10",True,True,other,149,10
65592,2023-07-24,27.3187,86.49565,"86.49565,27.3187","Landslide at Jibis, Siddhicharan Municipality-12",True,True,other,3,8
65596,2023-07-24,27.33592,86.44629,"86.44629,27.33592","Landslide at Bigutar, Molung Rural Municipality-1",True,True,other,71,8
65602,2023-07-25,27.82173,83.63419,"83.63419,27.82173","Landslide at Lumbas, Mathagadhi Rural Municipality-1",True,True,other,79,10
65603,2023-07-25,28.03286,83.24802,"83.24802,28.03286","Landslide at Simichaur - Baas Kharka, Resunga Municipality-10",True,True,other,2,10
65605,2023-07-25,27.87561,83.4706,"83.4706,27.87561","Landslide at Malmul, Ribdikot Rural Municipality-3",True,True,other,3,10
65606,2023-07-25,28.00638,84.94688,"84.94688,28.00638","Landslide at Khayar Ghari , Netrawati Dabjong Rural Municipality-1",True,True,other,86,10
65610,2023-07-24,28.59597,82.77276,"82.77276,28.59597",Landslide at Putha Uttarganga Rural Municipality-12,True,True,other,2,8
65613,2023-07-25,28.58965,84.30059,"84.30059,28.58965","Landslide at Danakyu, Nashong Rural Municipality-9",True,True,other,2,10
65616,2023-07-26,28.397,83.56899,"83.56899,28.397","Landslide at Baisari , Raghuganga Rural Municipality-3",True,True,other,8,2
65620,2023-07-27,27.60988,87.82613,"87.82613,27.60988","Landslide at Khokse Khola, Phaktanglung Rural Municipality-6",True,True,other,148,1
65625,2023-07-26,28.1203,82.85541,"82.85541,28.1203","Landslide at Khahare Khola , Pyuthan Municipality-7",True,True,other,60,2
65633,2023-07-28,27.69912,85.37856,"85.37856,27.69912","Landslide at Bashnet Tar, Kageshwori Manahora Municipality-9",True,True,other,61,6
65635,2023-07-28,29.5579,81.49045,"81.49045,29.5579","Landslide at Yuna, Gaumul Rural Municipality-1",True,True,other,57,6
65636,2023-07-28,28.32432,82.65523,"82.65523,28.32432",Landslide at Rolpa Municipality-10,True,True,other,149,6
65638,2023-07-28,28.67399,82.81088,"82.81088,28.67399","Landslide at Ugriwang, Putha Uttarganga Rural Municipality-4",True,True,other,31,6
65639,2023-07-28,28.54637,83.48729,"83.48729,28.54637","Landslide at Baisari, Raghuganga Rural Municipality-8",True,True,other,128,6
65653,2023-07-30,28.23757,83.95315,"83.95315,28.23757","Landslide at Miruwa, Pokhara Lekhnath Metropolitan City-18",True,True,other,7,7
65658,2023-07-28,28.52699,82.50891,"82.50891,28.52699","Landslide at Basukidanda, Paribartan Rural Municipality-4",True,True,other,5,6
65659,2023-07-30,28.40683,84.36003,"84.36003,28.40683","Landslide at Rambazar - Kavre Bhir, Marsyangdi Rural Municipality-4",True,True,other,17,7
65661,2023-07-30,27.81183,84.54786,"84.54786,27.81183","Landslide at Narayanghat Muglin Highway, Ichchhyakamana Rural Municipality-6",True,True,other,16,7
65662,2023-07-29,27.60988,87.82613,"87.82613,27.60988","Landslide at Tellok, Phaktanglung Rural Municipality-6",True,True,other,148,1
65667,2023-07-30,28.86981,82.19935,"82.19935,28.86981","Landslide at Kapleti Community Forest., Kuse Rural Municipality-7",True,True,other,66,7
65668,2023-07-30,28.73999,82.43435,"82.43435,28.73999","Landslide at Basthala, Banfikot Rural Municipality-7",True,True,other,3,7
65670,2023-07-30,28.1203,82.85541,"82.85541,28.1203","Landslide at Simalchaur, Pyuthan Municipality-7",True,True,other,60,7
65671,2023-07-31,28.54637,83.48729,"83.48729,28.54637","Landslide at Baisari, Raghuganga Rural Municipality-8",True,True,other,128,2
65672,2023-07-30,28.62278,82.60352,"82.60352,28.62278","Landslide at Korbas, Sisne Rural Municipality-6",True,True,other,3,7
65680,2023-07-31,27.72488,86.68194,"86.68194,27.72488","Landslide at Salme , Khumbupasanglahmu Rural Municipality-3",True,True,other,88,2
65684,2023-08-02,28.397,83.56899,"83.56899,28.397","Landslide at Baisari, Raghuganga Rural Municipality-3",True,True,other,8,2
65688,2023-08-01,27.90711,85.75568,"85.75568,27.90711","Landslide at Neupane, Jugal Rural Municipality-2",True,True,other,86,1
65691,2023-08-02,28.1203,82.85541,"82.85541,28.1203","Landslide at Gargeni, Pyuthan Municipality-7",True,True,other,60,2
65694,2023-08-04,29.1072,80.46442,"80.46442,29.1072","Landslide at Sunkhola , Alital Rural Municipality-8",True,True,other,3,4
65700,2023-08-03,27.78689,86.35008,"86.35008,27.78689","Landslide at Topatar , Gaurishankar Rural Municipality-7",True,True,other,4,3
65701,2023-08-04,29.50844,80.57647,"80.57647,29.50844","Landslide at Dholyamod , Surnaya Rural Municipality-5",True,True,other,73,4
65702,2023-08-03,28.86981,82.19935,"82.19935,28.86981","Landslide at Saaltada, Kuse Rural Municipality-7",True,True,other,66,3
65704,2023-08-03,27.82349,86.22218,"86.22218,27.82349",Landslide at Bigu Rural Municipality-1,True,True,other,62,3
65708,2023-08-04,27.44987,85.22186,"85.22186,27.44987","Landslide at Lamrang, Bakaiya Rural Municipality-12",True,True,other,7,4
65712,2023-08-05,27.81183,84.54786,"84.54786,27.81183","Landslide at Narayanghad Mugling Road., Ichchhyakamana Rural Municipality-6",True,True,other,16,4
65716,2023-08-04,29.50844,80.57647,"80.57647,29.50844","Landslide at Raksaul, Surnaya Rural Municipality-5",True,True,other,73,4
65717,2023-08-05,29.21559,81.74506,"81.74506,29.21559","Landslide at Takulla, Pachaljharana Rural Municipality-3",True,True,other,81,4
65718,2023-08-05,28.32432,82.65523,"82.65523,28.32432","Landslide at Saili Maili Mode, Rolpa Municipality-10",True,True,other,149,4
65720,2023-08-06,28.397,83.56899,"83.56899,28.397","Landslide at Baisari, Raghuganga Rural Municipality-3",True,True,other,8,2
65721,2023-08-05,27.75963,85.28564,"85.28564,27.75963","Landslide at Chwa Gaau - Krishna Temple, Tarakeshwor Municipality-5",True,True,other,1,4
65730,2023-08-07,27.74194,83.509,"83.509,27.74194",Landslide at Tinau Rural Municipality-3,True,True,other,23,8
65731,2023-08-06,28.27943,83.85622,"83.85622,28.27943","Landslide at Dhikurpokhari, Annapurna Rural Municipality-2",True,True,other,2,2
65735,2023-08-07,29.7171,81.15534,"81.15534,29.7171","Landslide at Barugaau, Surma Rural Municipality-1",True,True,other,38,8
65737,2023-08-07,27.8621,82.50943,"82.50943,27.8621",Landslide at Lamahi Municipality-6,True,True,other,1,8
65738,2023-08-07,28.4291,83.69297,"83.69297,28.4291","Landslide at Pokharebagar, Annapurna Rural Municipality-5",True,True,other,2,8
65743,2023-08-08,27.81183,84.54786,"84.54786,27.81183",Landslide at Ichchhyakamana Rural Municipality-6,True,True,other,16,21
65744,2023-08-07,27.41296,85.24376,"85.24376,27.41296","Landslide at Lamrang, Bakaiya Rural Municipality-11",True,True,other,10,8
65745,2023-08-07,27.52387,85.05053,"85.05053,27.52387","Landslide at Jyaltar, Bhimphedi Rural Municipality-2",True,True,other,1,8
65746,2023-08-07,27.92448,85.24446,"85.24446,27.92448","Landslide at Nigale , Suryagadhi Rural Municipality-4",True,True,other,94,8
65750,2023-08-08,27.74194,83.509,"83.509,27.74194","Landslide at Dam Side, Tinau Rural Municipality-3",True,True,other,23,21
65753,2023-08-08,28.23883,83.60925,"83.60925,28.23883","Landslide at Galuwa, Baglung Municipality-10",True,True,other,4,21
65754,2023-08-07,28.88523,80.61128,"80.61128,28.88523","Landslide at Buditola, Godawari_Kailali Municipality-4",True,True,other,2,8
65755,2023-08-08,27.4427,85.08797,"85.08797,27.4427","Landslide at Sikre Dovan, Makawanpurgadhi Rural Municipality-5",True,True,other,52,21
65757,2023-08-08,27.70581,85.38853,"85.38853,27.70581","Landslide at Dhungedhara, Kageshwori Manahora Municipality-7",True,True,other,1,21
65764,2023-08-08,27.69942,85.40972,"85.40972,27.69942","Landslide at Samthali, Changunarayan Municipality-1",True,True,other,1,21
65765,2023-08-08,27.20012,86.01996,"86.01996,27.20012","Landslide at Buduna Khola, Kamalamai Municipality-12",True,True,other,2,21
65766,2023-08-08,27.23683,85.83011,"85.83011,27.23683","Landslide at Majhinidamar, Kamalamai Municipality-1",True,True,other,2,21
65768,2023-08-08,27.69286,85.32096,"85.32096,27.69286","Landslide at Tripureshwor, Kathmandu Metropolitan City-11",True,True,other,1,21
65774,2023-08-08,27.82349,86.22218,"86.22218,27.82349","Landslide at Tuku Tamakoshi , Bigu Rural Municipality-1",True,True,other,62,21
65775,2023-08-08,27.74194,83.509,"83.509,27.74194","Landslide at Dam Side, Tinau Rural Municipality-3",True,True,other,23,21
65779,2023-08-08,28.37457,83.04148,"83.04148,28.37457","Landslide at Jayathumka, Nisikhola Rural Municipality-4",True,True,other,1,21
65781,2023-08-08,27.42496,85.4398,"85.4398,27.42496",Landslide at Khanikhola Rural Municipality-7,True,True,other,1,21
65782,2023-08-08,27.54493,85.63649,"85.63649,27.54493","Landslide at Taaldhunga, Namobuddha Municipality-7",True,True,other,59,21
65786,2023-08-08,28.40394,83.45539,"83.45539,28.40394","Landslide at Babiyachaur, Mangala Rural Municipality-1",True,True,other,2,21
65787,2023-08-08,28.19884,83.91163,"83.91163,28.19884","Landslide at Khalse Dobate, Pokhara Lekhnath Metropolitan City-22",True,True,other,8,21
65788,2023-08-08,27.40611,84.38933,"84.38933,27.40611","Landslide at Kharkatta, Madi Municipality-8",True,True,other,1,21
65792,2023-08-08,27.31099,87.05462,"87.05462,27.31099","Landslide at Tinsanjhe, Shadananda Municipality-9",True,True,other,2,21
65801,2023-08-08,28.06155,84.21301,"84.21301,28.06155","Landslide at Bhalayadanda, Vyas Municipality-6",True,True,other,1,21
65802,2023-08-08,27.62603,85.47907,"85.47907,27.62603","Landslide at Divtole, Banepa Municipality-14",True,True,other,3,21
65808,2023-08-09,28.54637,83.48729,"83.48729,28.54637","Landslide at Baisari, Raghuganga Rural Municipality-8",True,True,other,128,4
65809,2023-08-09,28.397,83.56899,"83.56899,28.397","Landslide at Baisari, Raghuganga Rural Municipality-3",True,True,other,8,4
65811,2023-08-09,27.14773,87.78498,"87.78498,27.14773","Landslide at Bhirgaau Tamakhe, Phidim Municipality-11",True,True,other,83,4
65816,2023-08-10,27.17377,87.09084,"87.09084,27.17377","Landslide at Jhyasinge Jungle, Bhojpur Municipality-11",True,True,other,65,2
65818,2023-08-09,29.92362,80.73694,"80.73694,29.92362","Landslide at Matkhola, Apihimal Rural Municipality-6",True,True,other,48,4
65824,2023-08-10,27.4427,85.08797,"85.08797,27.4427","Landslide at Hetauda Bhaise , Makawanpurgadhi Rural Municipality-5",True,True,other,52,2
65837,2023-08-11,28.32432,82.65523,"82.65523,28.32432","Landslide at Saili Maili Thawang Ghorahi Road Section., Rolpa Municipality-10",True,True,other,149,7
65839,2023-08-11,27.47311,85.41695,"85.41695,27.47311","Landslide at Lamasoti, Mahankal Rural Municipality-5",True,True,other,1,7
65841,2023-08-11,26.64064,87.12722,"87.12722,26.64064","Landslide at Dhansar, Inaruwa Municipality-8",True,True,other,31,7
65842,2023-08-11,27.02309,87.72478,"87.72478,27.02309","Landslide at Rake Rabi Road Section., Falgunanda Rural Municipality-5",True,True,other,3,7
65843,2023-08-12,27.95392,85.18955,"85.18955,27.95392","Landslide at Bhaise - Galchhi - Trishuli, Bidur Municipality-11",True,True,other,2,4
65844,2023-08-11,27.17377,87.09084,"87.09084,27.17377","Landslide at Kholakharka, Bhojpur Municipality-11",True,True,other,65,7
65849,2023-08-11,27.38316,86.62747,"86.62747,27.38316","Landslide at Gurung Danda , Nechasalyan Rural Municipality-2",True,True,other,1,7
65858,2023-08-11,28.27345,84.8101,"84.8101,28.27345","Landslide at Chunchet - Rukse, Dharche Rural Municipality-5",True,True,other,82,7
65860,2023-08-12,28.48158,82.69686,"82.69686,28.48158",Landslide at Thawang Rural Municipality-2,True,True,other,5,4
65861,2023-08-12,27.4427,85.08797,"85.08797,27.4427","Landslide at Bhaise, Makawanpurgadhi Rural Municipality-5",True,True,other,52,4
65862,2023-08-13,26.64064,87.12722,"87.12722,26.64064",Landslide at Inaruwa Municipality-8,True,True,other,31,5
65863,2023-08-13,27.27845,87.08769,"87.08769,27.27845","Landslide at Bihibare, Shadananda Municipality-14",True,True,other,1,5
65871,2023-08-13,27.82349,86.22218,"86.22218,27.82349","Landslide at Gyalbasingh Jungle., Bigu Rural Municipality-1",True,True,other,62,5
65872,2023-08-13,27.90711,85.75568,"85.75568,27.90711","Landslide at Daklang, Jugal Rural Municipality-2",True,True,other,86,5
65875,2023-08-08,28.74013,80.89463,"80.89463,28.74013","Landslide at Budhitola, Gauriganga Municipality-9",True,True,other,15,21
65880,2023-08-12,28.67399,82.81088,"82.81088,28.67399","Landslide at Saipatung , Putha Uttarganga Rural Municipality-4",True,True,other,31,4
65890,2023-08-13,28.30621,82.65393,"82.65393,28.30621","Landslide at Runtawang, Rolpa Municipality-4",True,True,other,2,5
65909,2023-08-15,29.14286,81.36146,"81.36146,29.14286","Landslide at Gajjar , Ramaroshan Rural Municipality-1",True,True,other,1,1
65918,2023-08-16,27.93572,84.24996,"84.24996,27.93572","Landslide at Pulchowk, Rhishing Rural Municipality-1",True,True,other,54,7
65919,2023-08-16,27.81594,85.90376,"85.90376,27.81594","Landslide at Sirise, Barhabise Municipality-5",True,True,other,2,7
65920,2023-08-16,27.17377,87.09084,"87.09084,27.17377","Landslide at Nempang, Bhojpur Municipality-11",True,True,other,65,7
65924,2023-08-16,28.31118,83.85182,"83.85182,28.31118","Landslide at Kotgaau, Machhapuchchhre Rural Municipality-7",True,True,other,2,7
65926,2023-08-16,27.7078,86.46974,"86.46974,27.7078","Landslide at Lyachhebar, Umakunda Rural Municipality-1",True,True,other,1,7
65930,2023-08-16,28.23259,83.8598,"83.8598,28.23259","Landslide at Thulakhet, Pokhara Lekhnath Metropolitan City-23",True,True,other,7,7
65933,2023-08-16,28.2543,83.90601,"83.90601,28.2543",Landslide at Pokhara Lekhnath Metropolitan City-24,True,True,other,7,7
65942,2023-08-17,28.74013,80.89463,"80.89463,28.74013","Landslide at Maitad, Gauriganga Municipality-9",True,True,other,15,2
65949,2023-08-18,28.54637,83.48729,"83.48729,28.54637","Landslide at Danda Gaau, Raghuganga Rural Municipality-8",True,True,other,128,1
65950,2023-08-17,28.1755,85.46091,"85.46091,28.1755","Landslide at Chausadhinga, Gosaikunda Rural Municipality-4",True,True,other,53,2
65953,2023-08-19,28.54637,83.48729,"83.48729,28.54637","Landslide at Phuliwang, Raghuganga Rural Municipality-8",True,True,other,128,3
65964,2023-08-19,28.54637,83.48729,"83.48729,28.54637","Landslide at Arman, Raghuganga Rural Municipality-8",True,True,other,128,3
65968,2023-08-19,28.54637,83.48729,"83.48729,28.54637","Landslide at Phuliwang, Raghuganga Rural Municipality-8",True,True,other,128,3
65977,2023-08-21,28.67399,82.81088,"82.81088,28.67399","Landslide at Khasiwang, Putha Uttarganga Rural Municipality-4",True,True,other,31,1
65979,2023-08-22,27.14773,87.78498,"87.78498,27.14773","Landslide at Aambote, Phidim Municipality-11",True,True,other,83,1
65981,2023-08-20,28.54637,83.48729,"83.48729,28.54637","Landslide at Hidi , Raghuganga Rural Municipality-8",True,True,other,128,1
65985,2023-08-23,26.64064,87.12722,"87.12722,26.64064","Landslide at Dhansar, Inaruwa Municipality-8",True,True,other,31,3
65988,2023-08-23,29.5579,81.49045,"81.49045,29.5579","Landslide at Amkot, Gaumul Rural Municipality-1",True,True,other,57,3
65989,2023-08-23,29.21559,81.74506,"81.74506,29.21559","Landslide at Galze, Pachaljharana Rural Municipality-3",True,True,other,81,3
66006,2023-08-25,27.15572,86.7091,"86.7091,27.15572","Landslide at Ratmate, Halesi Tuwachung Municipality-11",True,True,other,68,3
66008,2023-08-25,29.66355,81.78732,"81.78732,29.66355","Landslide at Gallabada, Tanjakot Rural Municipality-5",True,True,other,1,3
66018,2023-08-26,27.15572,86.7091,"86.7091,27.15572","Landslide at Khidima, Halesi Tuwachung Municipality-11",True,True,other,68,3
66033,2023-08-25,27.54493,85.63649,"85.63649,27.54493","Landslide at Mithini Chhap , Namobuddha Municipality-7",True,True,other,59,3
66039,2023-08-24,28.67399,82.81088,"82.81088,28.67399","Landslide at Ballechaur, Putha Uttarganga Rural Municipality-4",True,True,other,31,1
66040,2023-08-26,27.55401,85.45803,"85.45803,27.55401","Landslide at Mulkhola, Panauti Municipality-12",True,True,other,4,3
66041,2023-08-27,27.77813,86.16436,"86.16436,27.77813","Landslide at Pidule, Bigu Rural Municipality-4",True,True,other,2,5
66045,2023-08-27,27.08205,87.85507,"87.85507,27.08205","Landslide at Lungrupa, Phidim Municipality-14",True,True,other,2,5
66046,2023-08-27,27.11041,86.78851,"86.78851,27.11041","Landslide at Baphlu, Diprung Chuichumma Rural Municipality-2",True,True,other,1,5
66048,2023-08-27,28.8993,82.49285,"82.49285,28.8993","Landslide at Tallu Basnet Gaau, Nalgaad Municipality-12",True,True,other,2,5
66067,2023-08-27,27.38688,87.21569,"87.21569,27.38688","Landslide at Sekhaya, Khandbari Municipality-7",True,True,other,104,5
66068,2023-08-26,28.67399,82.81088,"82.81088,28.67399","Landslide at Ranma, Putha Uttarganga Rural Municipality-4",True,True,other,31,3
66075,2023-08-29,28.10702,83.58177,"83.58177,28.10702","Landslide at Tusarepakha, Jaimini Municipality-8",True,True,other,1,2
66076,2023-08-29,27.35227,86.98494,"86.98494,27.35227","Landslide at Bosepla, Salpasilichho Rural Municipality-6",True,True,other,4,2
66078,2023-08-30,27.89176,83.45381,"83.45381,27.89176","Landslide at Jorte, Ribdikot Rural Municipality-2",True,True,other,2,1
66098,2023-08-31,28.28293,82.55204,"82.55204,28.28293","Landslide at Kareti, Tribeni Rural Municipality-1",True,True,other,1,1
66104,2023-09-01,26.97805,86.98597,"86.98597,26.97805","Landslide at Sipak, Aamchowk Rural Municipality-4",True,True,other,1,1
66117,2023-09-02,27.31099,87.05462,"87.05462,27.31099","Landslide at Kimalung, Shadananda Municipality-9",True,True,other,2,1
66159,2023-09-09,27.77871,87.82755,"87.82755,27.77871","Landslide at Ikhabu, Phaktanglung Rural Municipality-7",True,True,other,1,1
66267,2023-09-22,28.32432,82.65523,"82.65523,28.32432","Landslide at Beri, Rolpa Municipality-10",True,True,other,149,5
66269,2023-09-22,28.20794,82.85389,"82.85389,28.20794","Landslide at Mairamare, Naubahini Rural Municipality-7",True,True,other,5,5
66270,2023-09-22,28.32432,82.65523,"82.65523,28.32432","Landslide at Lekh, Rolpa Municipality-10",True,True,other,149,5
66271,2023-09-22,28.54637,83.48729,"83.48729,28.54637","Landslide at Kotdanda, Raghuganga Rural Municipality-8",True,True,other,128,5
66275,2023-09-22,28.32432,82.65523,"82.65523,28.32432","Landslide at Maddhar, Rolpa Municipality-10",True,True,other,149,5
66295,2023-09-25,28.09255,83.26505,"83.26505,28.09255","Landslide at Bhang Gaau, Resunga Municipality-3",True,True,other,1,2
66297,2023-09-25,28.38141,83.33413,"83.33413,28.38141","Landslide at Phulwang, Malika Rural Municipality-2",True,True,other,5,2
66298,2023-09-24,28.25849,83.51711,"83.51711,28.25849","Landslide at Pidalna, Kanthekhola Rural Municipality-6",True,True,other,2,1
66316,2023-09-26,28.42919,83.31421,"83.31421,28.42919","Landslide at Mahabhir Odar, Malika Rural Municipality-4",True,True,other,3,1
66364,2023-10-03,27.82173,83.63419,"83.63419,27.82173","Landslide at Dobhan, Mathagadhi Rural Municipality-1",True,True,other,79,2
66383,2023-10-03,28.46401,82.60664,"82.60664,28.46401","Landslide at kharibote, Paribartan Rural Municipality-1",True,True,other,2,2
66738,2023-11-10,29.21559,81.74506,"81.74506,29.21559","Landslide at Kalekhola , Pachaljharana Rural Municipality-3",True,True,other,81,1
67016,2023-11-27,27.14773,87.78498,"87.78498,27.14773","Landslide at Aahal Gairi, Phidim Municipality-11",True,True,other,83,1
67041,2023-11-29,27.14773,87.78498,"87.78498,27.14773","Landslide at Prangbung Syaldhapa, Phidim Municipality-11",True,True,other,83,1
67122,2023-12-06,27.94393,83.04234,"83.04234,27.94393","Landslide at Dumping , Bhumekasthan Municipality-7",True,True,other,50,1
67303,2023-12-19,28.00638,84.94688,"84.94688,28.00638","Landslide at Laltin Bazar , Netrawati Dabjong Rural Municipality-1",True,True,other,86,1
67421,2023-12-26,28.9548,83.86811,"83.86811,28.9548",Landslide at Loghekar Damodarkunda Rural Municipality-5,True,True,other,22,1
67439,2023-12-27,28.1755,85.46091,"85.46091,28.1755","Landslide at Jyanglang , Gosaikunda Rural Municipality-4",True,True,other,53,1
67497,2023-12-30,27.14773,87.78498,"87.78498,27.14773","Landslide at Chumlung Chowk , Phidim Municipality-11",True,True,other,83,1
67567,2024-01-04,28.32432,82.65523,"82.65523,28.32432","Landslide at Salleri, Rolpa Municipality-10",True,True,other,149,1
67702,2024-01-15,28.00638,84.94688,"84.94688,28.00638","Landslide at Putalibazar , Netrawati Dabjong Rural Municipality-1",True,True,other,86,2
67709,2024-01-15,27.82349,86.22218,"86.22218,27.82349","Landslide at Deurali , Bigu Rural Municipality-1",True,True,other,62,2
67769,2024-01-18,28.32432,82.65523,"82.65523,28.32432","Landslide at Dyam Khola , Rolpa Municipality-10",True,True,other,149,1
67867,2024-01-26,28.86981,82.19935,"82.19935,28.86981","Landslide at Maluwabhir , Kuse Rural Municipality-7",True,True,other,66,1
67991,2024-02-01,29.7171,81.15534,"81.15534,29.7171","Landslide at Jayaprithvi Rajmarga , Surma Rural Municipality-1",True,True,other,38,1
68021,2024-02-03,27.38688,87.21569,"87.21569,27.38688","Landslide at Naya Basti , Khandbari Municipality-7",True,True,other,104,1
68047,2024-02-05,26.89183,87.59447,"87.59447,26.89183","Landslide at Gumbadada, Miklajung Rural Municipality-7",True,True,nepal_police,6,1
68353,2024-02-24,28.09848,83.31058,"83.31058,28.09848","Landslide at Barlawa- Kaligandaki Corridor, Resunga Municipality-14",True,True,other,90,1
68486,2024-03-01,28.34628,83.99007,"83.99007,28.34628","Landslide at Jaubari , Machhapuchchhre Rural Municipality-2",True,True,other,61,1
68510,2024-03-03,29.21277,83.03833,"83.03833,29.21277","Landslide at Siureni , Shey Phoksundo Rural Municipality-99",True,True,other,32,1
68585,2024-03-07,29.20864,80.48616,"80.48616,29.20864","Landslide at Raduwa, Alital Rural Municipality-3",True,True,other,44,1
68629,2024-03-09,28.09848,83.31058,"83.31058,28.09848","Landslide at Barlawa , Resunga Municipality-14",True,True,other,90,1
68807,2024-03-14,29.92362,80.73694,"80.73694,29.92362","Landslide at Tallo Dumling Salladhar , Apihimal Rural Municipality-6",True,True,other,48,1
68988,2024-03-18,28.86981,82.19935,"82.19935,28.86981","Landslide at Chhedachaur Thalaha Bazar , Kuse Rural Municipality-7",True,True,other,66,1
69173,2024-03-25,26.64064,87.12722,"87.12722,26.64064","Landslide at Dhansar , Inaruwa Municipality-8",True,True,other,31,1
69272,2024-03-30,28.1134,85.18913,"85.18913,28.1134","Landslide at Mailung, Uttargaya Rural Municipality-1",True,True,nepal_police,4,1
69309,2024-03-31,28.1134,85.18913,"85.18913,28.1134","Landslide at Mailumg, Uttargaya Rural Municipality-1",True,True,nepal_police,4,1
69353,2024-04-02,29.32366,81.73067,"81.73067,29.32366","Landslide at Ghatachour, Pachaljharana Rural Municipality-6",True,True,nepal_police,3,1
69865,2024-04-14,26.87152,87.54338,"87.54338,26.87152","Landslide at Kuherea, Chaubise Rural Municipality-1",True,True,nepal_police,4,1
69990,2024-04-19,27.00791,87.36671,"87.36671,27.00791","Landslide at Thumki , Dhankuta Municipality-2",True,True,other,53,1
71254,2024-05-06,28.73884,82.46045,"82.46045,28.73884","Landslide at Dhadsal , Banfikot Rural Municipality-6",True,True,other,44,1
71345,2024-05-09,28.59134,82.55517,"82.55517,28.59134","Landslide at Gorkhani, Musikot Municipality-8",True,True,nepal_police,1,1
71351,2024-05-10,28.09848,83.31058,"83.31058,28.09848","Landslide at Pulkamukh , Resunga Municipality-14",True,True,other,90,2
71363,2024-05-10,27.54796,85.33968,"85.33968,27.54796","Landslide at Karkibas, Konjyosom Rural Municipality-4",True,True,other,105,2
71380,2024-05-12,27.82173,83.63419,"83.63419,27.82173","Landslide at Hiude Khola , Mathagadhi Rural Municipality-1",True,True,other,79,2
71401,2024-05-12,27.72488,86.68194,"86.68194,27.72488","Landslide at Diple Gaau , Khumbupasanglahmu Rural Municipality-3",True,True,other,88,2
71426,2024-05-14,28.00638,84.94688,"84.94688,28.00638","Landslide at Baireni Bazar , Netrawati Dabjong Rural Municipality-1",True,True,other,86,1
71497,2024-05-18,27.18536,85.90753,"85.90753,27.18536","Landslide at Bhaledanda Kukhuretar , Kamalamai Municipality-5",True,True,other,36,2
71500,2024-05-18,27.13741,87.5752,"87.5752,27.13741","Landslide at Malbase , Phedap Rural Municipality-3",True,True,other,53,2
71526,2024-05-20,27.18536,85.90753,"85.90753,27.18536","Landslide at Kudule , Kamalamai Municipality-5",True,True,other,36,1
71553,2024-05-22,29.92362,80.73694,"80.73694,29.92362",Landslide at Apihimal Rural Municipality-6,True,True,other,48,1
71606,2024-05-26,28.27345,84.8101,"84.8101,28.27345",Landslide at Dharche Rural Municipality-5,True,True,other,82,2
71611,2024-05-26,28.73884,82.46045,"82.46045,28.73884",Landslide at Banfikot Rural Municipality-6,True,True,other,44,2
71616,2024-05-27,28.09848,83.31058,"83.31058,28.09848",Landslide at Resunga Municipality-14,True,True,other,90,2
71629,2024-05-27,28.65047,81.50876,"81.50876,28.65047",Landslide at Barahtal Rural Municipality-8,True,True,nepal_police,24,2
71633,2024-05-28,27.68739,84.06217,"84.06217,27.68739",Landslide at Hupsekot Rural Municipality-4,True,True,nepal_police,23,5
71634,2024-05-28,27.68739,84.06217,"84.06217,27.68739",Landslide at Hupsekot Rural Municipality-4,True,True,nepal_police,23,5
71639,2024-05-28,28.00638,84.94688,"84.94688,28.00638",Landslide at Netrawati Dabjong Rural Municipality-1,True,True,other,86,5
71650,2024-05-28,27.54796,85.33968,"85.33968,27.54796",Landslide at Konjyosom Rural Municipality-4,True,True,other,105,5
71651,2024-05-28,29.67916,82.30447,"82.30447,29.67916",Landslide at Mugum Karmarong Rural Municipality-7,True,True,other,26,5
71684,2024-05-30,27.18536,85.90753,"85.90753,27.18536",Landslide at Kamalamai Municipality-5,True,True,other,36,1
71735,2024-05-31,27.82349,86.22218,"86.22218,27.82349",Landslide at Bigu Rural Municipality-1,True,True,other,62,1
71763,2024-06-01,27.97826,84.33696,"84.33696,27.97826",Landslide at Vyas Municipality-12,True,True,other,7,1
71915,2024-06-06,28.31217,84.84381,"84.84381,28.31217","Landslide at Kalabhir, Dharche Rural Municipality-3",True,True,nepal_police,4,1
71937,2024-06-07,27.65319,85.47419,"85.47419,27.65319","Landslide at Sanga Suryamode, Suryabinayak Municipality-10",True,True,other,5,1
71993,2024-06-12,27.60988,87.82613,"87.82613,27.60988",Landslide at Phaktanglung Rural Municipality-6,True,True,other,148,8
72008,2024-06-12,27.38688,87.21569,"87.21569,27.38688",Landslide at Khandbari Municipality-7,True,True,other,104,8
72038,2024-06-12,27.38688,87.21569,"87.21569,27.38688",Landslide at Khandbari Municipality-7,True,True,other,104,8
72039,2024-06-12,27.53318,87.34291,"87.34291,27.53318",Landslide at Makalu Rural Municipality-5,True,True,other,10,8
72050,2024-06-10,28.15753,83.97176,"83.97176,28.15753",Landslide at Pokhara Lekhnath Metropolitan City-21,True,True,other,4,2
72057,2024-06-13,27.44381,87.16165,"87.16165,27.44381",Landslide at Khandbari Municipality-11,True,True,other,2,6
72058,2024-06-12,27.38688,87.21569,"87.21569,27.38688","Landslide at Bhyangkhola , Khandbari Municipality-7",True,True,other,104,8
72065,2024-06-13,27.60988,87.82613,"87.82613,27.60988",Landslide at Phaktanglung Rural Municipality-6,True,True,other,148,6
72073,2024-06-12,27.38688,87.21569,"87.21569,27.38688",Landslide at Khandbari Municipality-7,True,True,other,104,8
72074,2024-06-12,27.38688,87.21569,"87.21569,27.38688",Landslide at Khandbari Municipality-7,True,True,other,104,8
72075,2024-06-12,27.44381,87.16165,"87.16165,27.44381",Landslide at Khandbari Municipality-11,True,True,other,2,8
72078,2024-06-13,27.60988,87.82613,"87.82613,27.60988",Landslide at Phaktanglung Rural Municipality-6,True,True,other,148,6
72079,2024-06-13,27.60988,87.82613,"87.82613,27.60988",Landslide at Phaktanglung Rural Municipality-6,True,True,other,148,6
72084,2024-06-13,27.60988,87.82613,"87.82613,27.60988",Landslide at Phaktanglung Rural Municipality-6,True,True,other,148,6
72103,2024-06-13,27.38688,87.21569,"87.21569,27.38688",Landslide at Khandbari Municipality-7,True,True,other,104,6
72110,2024-06-15,27.60988,87.82613,"87.82613,27.60988",Landslide at Phaktanglung Rural Municipality-6,True,True,other,148,6
72111,2024-06-14,27.38688,87.21569,"87.21569,27.38688",Landslide at Khandbari Municipality-7,True,True,other,104,1
72114,2024-06-16,27.38688,87.21569,"87.21569,27.38688","Landslide at Yaphu , Khandbari Municipality-7",True,True,other,104,8
72115,2024-06-15,27.60988,87.82613,"87.82613,27.60988","Landslide at Mamankhe , Phaktanglung Rural Municipality-6",True,True,other,148,6
72116,2024-06-15,27.60988,87.82613,"87.82613,27.60988",Landslide at Phaktanglung Rural Municipality-6,True,True,other,148,6
72125,2024-06-15,27.14773,87.78498,"87.78498,27.14773",Landslide at Phidim Municipality-11,True,True,other,83,6
72133,2024-06-15,27.40527,87.72875,"87.72875,27.40527","Landslide at Kaflepati , Phungling Municipality-10",True,True,other,4,6
72139,2024-06-16,27.40527,87.72875,"87.72875,27.40527",Landslide at Phungling Municipality-10,True,True,other,4,8
72148,2024-06-17,27.99162,83.56245,"83.56245,27.99162","Landslide at Harmichaur, Kaligandaki Rural Municipality-1",True,True,nepal_police,1,6
72153,2024-06-15,27.60988,87.82613,"87.82613,27.60988","Landslide at Mayur Danda , Phaktanglung Rural Municipality-6",True,True,other,148,6
72159,2024-06-18,28.17551,84.41746,"84.41746,28.17551","Landslide at Udipur, Besishahar Municipality-1",True,True,nepal_police,5,9
72160,2024-06-18,27.79618,84.66706,"84.66706,27.79618","Landslide at Panidhara, Benighat Rorang Rural Municipality-10",True,True,nepal_police,19,9
72161,2024-06-17,27.61645,84.36001,"84.36001,27.61645",Landslide at Bharatpur Metropolitan City-14,True,True,other,39,6
72166,2024-06-16,28.09848,83.31058,"83.31058,28.09848",Landslide at Resunga Municipality-14,True,True,other,90,8
72167,2024-06-16,27.29642,87.94249,"87.94249,27.29642","Landslide at Aankhope, Sidingba Rural Municipality-2",True,True,nepal_police,2,8
72168,2024-06-16,28.09848,83.31058,"83.31058,28.09848",Landslide at Resunga Municipality-14,True,True,other,90,8
72173,2024-06-16,27.60988,87.82613,"87.82613,27.60988",Landslide at Phaktanglung Rural Municipality-6,True,True,other,148,8
72175,2024-06-17,27.61645,84.36001,"84.36001,27.61645",Landslide at Bharatpur Metropolitan City-14,True,True,other,39,6
72177,2024-06-17,26.64064,87.12722,"87.12722,26.64064","Landslide at Dhansare Khola , Inaruwa Municipality-8",True,True,other,31,6
72179,2024-06-18,26.83033,87.60197,"87.60197,26.83033","Landslide at Kolbote, Miklajung Rural Municipality-1",True,True,nepal_police,2,9
72182,2024-06-18,27.2801,86.03268,"86.03268,27.2801","Landslide at Akabera, Golanjor Rural Municipality-6",True,True,nepal_police,4,9
72185,2024-06-18,26.8428,87.18168,"87.18168,26.8428",Landslide at Barah Municipality-1,True,True,nepal_police,12,9
72190,2024-06-18,27.23903,86.94343,"86.94343,27.23903",Landslide at Tyamkemaiyung Rural Municipality-2,True,True,nepal_police,4,9
72194,2024-06-17,27.84743,85.48364,"85.48364,27.84743","Landslide at NIgalea, Melamchi Municipality-4",True,True,nepal_police,2,6
72196,2024-06-18,26.83033,87.60197,"87.60197,26.83033","Landslide at Saleling, Miklajung Rural Municipality-1",True,True,nepal_police,2,9
72199,2024-06-18,26.93377,87.43323,"87.43323,26.93377","Landslide at Odeare, Chaubise Rural Municipality-5",True,True,nepal_police,1,9
72201,2024-06-19,27.18536,85.90753,"85.90753,27.18536",Landslide at Kamalamai Municipality-5,True,True,other,36,7
72203,2024-06-18,27.38688,87.21569,"87.21569,27.38688","Landslide at Seduwa , Khandbari Municipality-7",True,True,other,104,9
72204,2024-06-19,26.93279,86.66463,"86.66463,26.93279","Landslide at Jalkeni , Rautamai Rural Municipality-7",True,True,other,31,7
72213,2024-06-19,26.88507,87.89616,"87.89616,26.88507",Landslide at Illam Municipality-12,True,True,other,71,7
72214,2024-06-19,26.88507,87.89616,"87.89616,26.88507","Landslide at Sirise , Illam Municipality-12",True,True,other,71,7
72223,2024-06-19,27.93572,84.24996,"84.24996,27.93572","Landslide at Kurkuna , Rhishing Rural Municipality-1",True,True,other,54,7
72230,2024-06-19,27.92448,85.24446,"85.24446,27.92448","Landslide at Parthak , Suryagadhi Rural Municipality-4",True,True,other,94,7
72233,2024-06-17,27.60988,87.82613,"87.82613,27.60988","Landslide at Kunjari, Phaktanglung Rural Municipality-6",True,True,other,148,6
72235,2024-06-20,27.82349,86.22218,"86.22218,27.82349","Landslide at Sisneri , Bigu Rural Municipality-1",True,True,other,62,10
72245,2024-06-20,28.54637,83.48729,"83.48729,28.54637","Landslide at Rupsechhara , Raghuganga Rural Municipality-8",True,True,other,128,10
72249,2024-06-19,27.60988,87.82613,"87.82613,27.60988","Landslide at Neruwa , Phaktanglung Rural Municipality-6",True,True,other,148,7
72251,2024-06-20,26.64064,87.12722,"87.12722,26.64064","Landslide at Salghari , Inaruwa Municipality-8",True,True,other,31,10
72252,2024-06-20,26.88507,87.89616,"87.89616,26.88507","Landslide at Patal - , Illam Municipality-12",True,True,other,71,10
72264,2024-06-20,27.38688,87.21569,"87.21569,27.38688","Landslide at Sagsewa , Khandbari Municipality-7",True,True,other,104,10
72266,2024-06-20,27.60988,87.82613,"87.82613,27.60988","Landslide at Khewang , Phaktanglung Rural Municipality-6",True,True,other,148,10
72267,2024-06-20,27.60988,87.82613,"87.82613,27.60988","Landslide at Tapmewa , Phaktanglung Rural Municipality-6",True,True,other,148,10
72281,2024-06-21,28.26379,83.63538,"83.63538,28.26379","Landslide at Sahasradhara Petrol Pump , Kushma Municipality-1",True,True,other,5,4
72282,2024-06-22,27.77921,84.48542,"84.48542,27.77921","Landslide at Simaltal, Bharatpur Metropolitan City-29",True,True,nepal_police,23,6
72284,2024-06-21,27.3887,87.86516,"87.86516,27.3887",Landslide at Sirijangha Rural Municipality-5,True,True,nepal_police,6,4
72286,2024-06-21,27.36033,87.66976,"87.66976,27.36033","Landslide at Bal Mandir, Phungling Municipality-5",True,True,nepal_police,1,4
72287,2024-06-20,28.35962,83.51249,"83.51249,28.35962","Landslide at Thulokhola, Beni Municipality-4",True,True,nepal_police,4,10
72292,2024-06-20,27.6087,87.25413,"87.25413,27.6087","Landslide at Limbadhumsa/Ainden / Gairigaau , Makalu Rural Municipality-2",True,True,nepal_police,2,10
72294,2024-06-22,28.08038,85.32188,"85.32188,28.08038","Landslide at TrisuliKhola, Gosaikunda Rural Municipality-6",True,True,nepal_police,3,6
72299,2024-06-22,28.09321,83.36524,"83.36524,28.09321","Landslide at Bagkhola, Chandrakot Rural Municipality-8",True,True,nepal_police,3,6
72300,2024-06-23,28.17551,84.41746,"84.41746,28.17551","Landslide at Udipur, Besishahar Municipality-1",True,True,nepal_police,5,1
72306,2024-06-22,28.54637,83.48729,"83.48729,28.54637","Landslide at Bangebhir , Raghuganga Rural Municipality-8",True,True,other,128,6
72307,2024-06-21,27.38688,87.21569,"87.21569,27.38688","Landslide at Manegaau , Khandbari Municipality-7",True,True,other,104,4
72309,2024-06-20,27.38688,87.21569,"87.21569,27.38688","Landslide at Gairi Gaau , Khandbari Municipality-7",True,True,other,104,10
72310,2024-06-16,27.52177,88.00157,"88.00157,27.52177",Landslide at Sirijangha Rural Municipality-8,True,True,other,4,8
72311,2024-06-22,28.09848,83.31058,"83.31058,28.09848","Landslide at Sakse , Resunga Municipality-14",True,True,other,90,6
72322,2024-06-22,27.60988,87.82613,"87.82613,27.60988","Landslide at Mamankhe , Phaktanglung Rural Municipality-6",True,True,other,148,6
72337,2024-06-24,27.60988,87.82613,"87.82613,27.60988",Landslide at Phaktanglung Rural Municipality-6,True,True,other,148,1
72339,2024-06-26,28.28362,84.43609,"84.43609,28.28362","Landslide at Bagum , Marsyangdi Rural Municipality-7",True,True,other,56,26
72340,2024-06-26,28.17521,84.05899,"84.05899,28.17521","Landslide at Aarupata, Pokhara Lekhnath Metropolitan City-27",True,True,other,4,26
72341,2024-06-26,28.28362,84.43609,"84.43609,28.28362","Landslide at Dheraini , Marsyangdi Rural Municipality-7",True,True,other,56,26
72342,2024-06-26,27.33592,86.44629,"86.44629,27.33592","Landslide at Thumki , Molung Rural Municipality-1",True,True,other,71,26
72343,2024-06-26,28.34628,83.99007,"83.99007,28.34628","Landslide at Chitepani , Machhapuchchhre Rural Municipality-2",True,True,other,61,26
72357,2024-06-25,26.93279,86.66463,"86.66463,26.93279","Landslide at Shikharmani , Rautamai Rural Municipality-7",True,True,other,31,6
72359,2024-06-25,26.64064,87.12722,"87.12722,26.64064","Landslide at Jalpa Road , Inaruwa Municipality-8",True,True,other,31,6
72367,2024-06-25,27.38688,87.21569,"87.21569,27.38688","Landslide at Mane Gaau , Khandbari Municipality-7",True,True,other,104,6
72378,2024-06-25,27.60988,87.82613,"87.82613,27.60988","Landslide at Surungkhim, Phaktanglung Rural Municipality-6",True,True,other,148,6
72379,2024-06-26,28.22202,84.41793,"84.41793,28.22202",Landslide at Dordi Rural Municipality-9,True,True,nepal_police,1,26
72386,2024-06-26,28.17521,84.05899,"84.05899,28.17521","Landslide at Arghau Khola Dhok, Pokhara Lekhnath Metropolitan City-27",True,True,other,4,26
72392,2024-06-26,28.28757,84.00181,"84.00181,28.28757","Landslide at Keure , Pokhara Lekhnath Metropolitan City-16",True,True,other,6,26
72394,2024-06-25,27.60988,87.82613,"87.82613,27.60988","Landslide at Lokhodin , Phaktanglung Rural Municipality-6",True,True,other,148,6
72396,2024-06-26,27.15572,86.7091,"86.7091,27.15572","Landslide at Sungdel , Halesi Tuwachung Municipality-11",True,True,other,68,26
72397,2024-06-26,28.73884,82.46045,"82.46045,28.73884",Landslide at Banfikot Rural Municipality-6,True,True,other,44,26
72400,2024-06-26,28.28757,84.00181,"84.00181,28.28757","Landslide at Bethekhola , Pokhara Lekhnath Metropolitan City-16",True,True,other,6,26
72401,2024-06-26,28.26358,84.03109,"84.03109,28.26358","Landslide at Bhalam , Pokhara Lekhnath Metropolitan City-20",True,True,other,4,26
72402,2024-06-26,28.28362,84.43609,"84.43609,28.28362","Landslide at Lamagaau , Marsyangdi Rural Municipality-7",True,True,other,56,26
72405,2024-06-26,27.72488,86.68194,"86.68194,27.72488",Landslide at Khumbupasanglahmu Rural Municipality-3,True,True,nepal_police,88,26
72414,2024-06-26,27.72488,86.68194,"86.68194,27.72488","Landslide at Bhattarai Gaau , Khumbupasanglahmu Rural Municipality-3",True,True,other,88,26
72415,2024-06-26,27.72488,86.68194,"86.68194,27.72488","Landslide at Khaling Gaau , Khumbupasanglahmu Rural Municipality-3",True,True,other,88,26
72421,2024-06-26,27.60988,87.82613,"87.82613,27.60988","Landslide at Ambegudin , Phaktanglung Rural Municipality-6",True,True,other,148,26
72422,2024-06-26,27.60988,87.82613,"87.82613,27.60988","Landslide at Tikdu , Phaktanglung Rural Municipality-6",True,True,other,148,26
72423,2024-06-26,27.72488,86.68194,"86.68194,27.72488","Landslide at Beni , Khumbupasanglahmu Rural Municipality-3",True,True,other,88,26
72425,2024-06-26,28.20228,83.69519,"83.69519,28.20228","Landslide at Kaphaldanda , Kushma Municipality-10",True,True,other,56,26
72428,2024-06-26,27.72488,86.68194,"86.68194,27.72488","Landslide at Susta , Khumbupasanglahmu Rural Municipality-3",True,True,other,88,26
72436,2024-06-26,27.13741,87.5752,"87.5752,27.13741",Landslide at Phedap Rural Municipality-3,True,True,other,53,26
72438,2024-06-16,27.60988,87.82613,"87.82613,27.60988",Landslide at Phaktanglung Rural Municipality-6,True,True,other,148,8
72439,2024-06-27,27.72488,86.68194,"86.68194,27.72488","Landslide at Beruju Gaau , Khumbupasanglahmu Rural Municipality-3",True,True,other,88,4
72442,2024-06-26,28.88537,81.67138,"81.67138,28.88537","Landslide at Rum , Mahabu Rural Municipality-2",True,True,other,26,26
72445,2024-06-25,28.18418,83.976,"83.976,28.18418","Landslide at Kolodhap , Pokhara Lekhnath Metropolitan City-17",True,True,other,5,6
72446,2024-06-26,29.50844,80.57647,"80.57647,29.50844","Landslide at Seltada , Surnaya Rural Municipality-5",True,True,other,73,26
72447,2024-06-26,27.60988,87.82613,"87.82613,27.60988",Landslide at Phaktanglung Rural Municipality-6,True,True,other,148,26
72448,2024-06-26,27.33592,86.44629,"86.44629,27.33592","Landslide at Mamkha , Molung Rural Municipality-1",True,True,other,71,26
72450,2024-06-27,27.17377,87.09084,"87.09084,27.17377","Landslide at Kimalung , Bhojpur Municipality-11",True,True,other,65,4
72456,2024-06-27,28.86981,82.19935,"82.19935,28.86981","Landslide at Khamire, Kuse Rural Municipality-7",True,True,other,66,4
72457,2024-06-28,27.60988,87.82613,"87.82613,27.60988","Landslide at Khewang , Phaktanglung Rural Municipality-6",True,True,other,148,8
72458,2024-06-28,28.88537,81.67138,"81.67138,28.88537","Landslide at Paduka & Sagetada , Mahabu Rural Municipality-2",True,True,other,26,8
72472,2024-06-27,27.13741,87.5752,"87.5752,27.13741","Landslide at Harise , Phedap Rural Municipality-3",True,True,other,53,4
72484,2024-06-28,27.60988,87.82613,"87.82613,27.60988",Landslide at Phaktanglung Rural Municipality-6,True,True,other,148,8
72485,2024-06-28,27.60988,87.82613,"87.82613,27.60988",Landslide at Phaktanglung Rural Municipality-6,True,True,other,148,8
72487,2024-06-28,27.60988,87.82613,"87.82613,27.60988","Landslide at Shibu , Phaktanglung Rural Municipality-6",True,True,other,148,8
72492,2024-06-29,28.35288,83.27139,"83.27139,28.35288","Landslide at Bisauna , Dhorpatan Municipality-4",True,True,other,84,17
72497,2024-06-28,28.05026,83.73811,"83.73811,28.05026","Landslide at Bange , Bhirkot Municipality-8",True,True,other,56,8
72499,2024-06-29,28.09848,83.31058,"83.31058,28.09848","Landslide at Kadelpata , Resunga Municipality-14",True,True,other,90,17
72500,2024-06-29,28.19848,83.21708,"83.21708,28.19848","Landslide at Paurani, Isma Rural Municipality-4",True,True,nepal_police,2,17
72501,2024-06-29,28.2543,83.90601,"83.90601,28.2543","Landslide at krkikotahara, Pokhara Lekhnath Metropolitan City-24",True,True,nepal_police,7,17
72502,2024-06-28,27.42903,87.84543,"87.84543,27.42903","Landslide at Khorbari, Sirijangha Rural Municipality-6",True,True,nepal_police,4,8
72503,2024-06-29,28.27333,83.87371,"83.87371,28.27333","Landslide at Naudanda, Annapurna Rural Municipality-1",True,True,nepal_police,6,17
72504,2024-06-29,26.91084,86.72932,"86.72932,26.91084","Landslide at Ranibash, Triyuga Municipality-15",True,True,nepal_police,6,17
72505,2024-06-29,28.12675,83.38824,"83.38824,28.12675","Landslide at Balewang, Chandrakot Rural Municipality-2",True,True,nepal_police,1,17
72506,2024-06-29,28.16619,83.41767,"83.41767,28.16619","Landslide at Sukhaura, Bareng Rural Municipality-5",True,True,nepal_police,1,17
72507,2024-06-29,28.27333,83.87371,"83.87371,28.27333","Landslide at Simpali, Annapurna Rural Municipality-1",True,True,nepal_police,6,17
72510,2024-06-28,29.6365,81.62776,"81.62776,29.6365","Landslide at Kotigau, Himali Rural Municipality-2",True,True,nepal_police,1,8
72511,2024-06-29,28.25526,83.27688,"83.27688,28.25526","Landslide at Naitul, Badigad Rural Municipality-4",True,True,nepal_police,1,17
72514,2024-06-29,29.0778,80.16446,"80.16446,29.0778","Landslide at Hattidhunga, Bhimdatta Municipality-9",True,True,nepal_police,1,17
72515,2024-06-29,28.17559,83.26085,"83.26085,28.17559","Landslide at Ratchour, Musikot Municipality-2",True,True,nepal_police,3,17
72516,2024-06-29,27.17377,87.09084,"87.09084,27.17377",Landslide at Bhojpur Municipality-11,True,True,other,65,17
72518,2024-06-30,28.80191,82.32344,"82.32344,28.80191","Landslide at Gunabhir, Nalgaad Municipality-7",True,True,nepal_police,3,14
72525,2024-06-29,27.50056,86.57367,"86.57367,27.50056","Landslide at Sallari, Solududhakunda Municipality-5",True,True,nepal_police,1,17
72526,2024-06-29,27.56766,86.83177,"86.83177,27.56766","Landslide at Bhuwa, Mahakulung Rural Municipality-2",True,True,nepal_police,1,17
72529,2024-06-29,29.5579,81.49045,"81.49045,29.5579","Landslide at Maitola , Gaumul Rural Municipality-1",True,True,other,57,17
72530,2024-06-29,29.5579,81.49045,"81.49045,29.5579","Landslide at Kailashmandau , Gaumul Rural Municipality-1",True,True,other,57,17
72531,2024-06-30,27.72488,86.68194,"86.68194,27.72488","Landslide at Pahirotham , Khumbupasanglahmu Rural Municipality-3",True,True,other,88,14
72532,2024-06-30,27.72488,86.68194,"86.68194,27.72488","Landslide at Pahirotham , Khumbupasanglahmu Rural Municipality-3",True,True,other,88,14
72533,2024-06-30,27.60988,87.82613,"87.82613,27.60988","Landslide at Thumbedin , Phaktanglung Rural Municipality-6",True,True,other,148,14
72535,2024-06-30,27.72488,86.68194,"86.68194,27.72488",Landslide at Khumbupasanglahmu Rural Municipality-3,True,True,other,88,14
72536,2024-06-30,27.72488,86.68194,"86.68194,27.72488","Landslide at Bachin , Khumbupasanglahmu Rural Municipality-3",True,True,other,88,14
72538,2024-06-30,28.37641,82.67848,"82.67848,28.37641","Landslide at Sunuwang , Rolpa Municipality-10",True,True,other,8,14
72539,2024-06-30,27.27072,87.12601,"87.12601,27.27072","Landslide at Papumla , Shadananda Municipality-13",True,True,other,2,14
72544,2024-06-30,27.72488,86.68194,"86.68194,27.72488","Landslide at Pahiretham / Bhote Bisaune , Khumbupasanglahmu Rural Municipality-3",True,True,other,88,14
72546,2024-06-30,27.16179,87.93504,"87.93504,27.16179","Landslide at Hewa Khola , Falelung Rural Municipality-5",True,True,other,6,14
72548,2024-07-01,28.86981,82.19935,"82.19935,28.86981","Landslide at Ebar , Kuse Rural Municipality-7",True,True,other,66,12
72549,2024-07-01,27.60988,87.82613,"87.82613,27.60988","Landslide at Thumbedin , Phaktanglung Rural Municipality-6",True,True,other,148,12
72550,2024-07-01,27.72488,86.68194,"86.68194,27.72488","Landslide at Chimring , Khumbupasanglahmu Rural Municipality-3",True,True,other,88,12
72551,2024-07-01,27.1809,86.7379,"86.7379,27.1809",Landslide at Diktel Rupakot Majhuwagadhi Municipality-15,True,True,other,1,12
72552,2024-06-30,27.33592,86.44629,"86.44629,27.33592","Landslide at Deshe , Molung Rural Municipality-1",True,True,other,71,14
72555,2024-06-30,27.60988,87.82613,"87.82613,27.60988","Landslide at Dumrise , Phaktanglung Rural Municipality-6",True,True,other,148,14
72559,2024-07-01,27.60988,87.82613,"87.82613,27.60988","Landslide at Telabung , Phaktanglung Rural Municipality-6",True,True,other,148,12
72560,2024-07-01,27.13741,87.5752,"87.5752,27.13741","Landslide at Haku , Phedap Rural Municipality-3",True,True,other,53,12
72561,2024-07-01,27.72488,86.68194,"86.68194,27.72488","Landslide at Pasku , Khumbupasanglahmu Rural Municipality-3",True,True,other,88,12
72562,2024-06-30,27.37643,86.38445,"86.38445,27.37643","Landslide at Pesalgaira , Molung Rural Municipality-6",True,True,other,1,14
72565,2024-07-01,27.17377,87.09084,"87.09084,27.17377","Landslide at Sanggrang , Bhojpur Municipality-11",True,True,other,65,12
72566,2024-07-01,27.72488,86.68194,"86.68194,27.72488","Landslide at Tar , Khumbupasanglahmu Rural Municipality-3",True,True,other,88,12
72567,2024-07-01,26.7425,86.3336,"86.3336,26.7425",Landslide at Golbazar Municipality-13,True,True,other,2,12
72568,2024-06-30,27.60988,87.82613,"87.82613,27.60988","Landslide at Pandelung , Phaktanglung Rural Municipality-6",True,True,other,148,14
72569,2024-07-01,27.72488,86.68194,"86.68194,27.72488","Landslide at Kamaldanda , Khumbupasanglahmu Rural Municipality-3",True,True,other,88,12
72578,2024-07-02,27.33592,86.44629,"86.44629,27.33592","Landslide at Galnasa , Molung Rural Municipality-1",True,True,other,71,13
72579,2024-07-02,27.72488,86.68194,"86.68194,27.72488","Landslide at Rakura , Khumbupasanglahmu Rural Municipality-3",True,True,other,88,13
72580,2024-07-02,27.72488,86.68194,"86.68194,27.72488","Landslide at Zero Point , Khumbupasanglahmu Rural Municipality-3",True,True,other,88,13
72585,2024-07-02,27.72488,86.68194,"86.68194,27.72488","Landslide at Simkharka , Khumbupasanglahmu Rural Municipality-3",True,True,other,88,13
72588,2024-07-02,27.17377,87.09084,"87.09084,27.17377","Landslide at Ghyu Khola , Bhojpur Municipality-11",True,True,other,65,13
72596,2024-07-02,28.32432,82.65523,"82.65523,28.32432","Landslide at Phulbas , Rolpa Municipality-10",True,True,other,149,13
72597,2024-07-02,27.72488,86.68194,"86.68194,27.72488","Landslide at Tar , Khumbupasanglahmu Rural Municipality-3",True,True,other,88,13
72600,2024-07-02,27.60988,87.82613,"87.82613,27.60988","Landslide at Bungrung , Phaktanglung Rural Municipality-6",True,True,other,148,13
72605,2024-07-02,27.72488,86.68194,"86.68194,27.72488","Landslide at Bodhepani , Khumbupasanglahmu Rural Municipality-3",True,True,other,88,13
72607,2024-07-02,28.54637,83.48729,"83.48729,28.54637","Landslide at Baisari , Raghuganga Rural Municipality-8",True,True,other,128,13
72608,2024-07-02,27.33592,86.44629,"86.44629,27.33592","Landslide at Dandakharka , Molung Rural Municipality-1",True,True,other,71,13
72613,2024-07-02,29.21277,83.03833,"83.03833,29.21277",Landslide at Shey Phoksundo Rural Municipality-99,True,True,other,32,13
72615,2024-07-01,27.38688,87.21569,"87.21569,27.38688","Landslide at Poklabung , Khandbari Municipality-7",True,True,other,104,12
72619,2024-07-03,28.37641,82.67848,"82.67848,28.37641","Landslide at Thulogaau , Rolpa Municipality-10",True,True,other,8,8
72620,2024-07-02,29.5579,81.49045,"81.49045,29.5579","Landslide at Gaumul , Gaumul Rural Municipality-1",True,True,other,57,13
72623,2024-07-03,28.23259,83.8598,"83.8598,28.23259","Landslide at Bhatabari , Pokhara Lekhnath Metropolitan City-23",True,True,other,7,8
72624,2024-07-03,28.76437,82.12098,"82.12098,28.76437","Landslide at Mira , Chhedagad Municipality-10",True,True,other,2,8
72625,2024-07-03,28.86981,82.19935,"82.19935,28.86981","Landslide at Chauratha , Kuse Rural Municipality-7",True,True,other,66,8
72627,2024-07-03,27.72488,86.68194,"86.68194,27.72488","Landslide at Nagpokhari , Khumbupasanglahmu Rural Municipality-3",True,True,other,88,8
72630,2024-07-03,29.50844,80.57647,"80.57647,29.50844","Landslide at Taktola , Surnaya Rural Municipality-5",True,True,other,73,8
72635,2024-07-03,27.60988,87.82613,"87.82613,27.60988","Landslide at Babahang Tole , Phaktanglung Rural Municipality-6",True,True,other,148,8
72637,2024-07-03,27.60988,87.82613,"87.82613,27.60988","Landslide at Khewang , Phaktanglung Rural Municipality-6",True,True,other,148,8
72638,2024-07-04,27.82173,83.63419,"83.63419,27.82173","Landslide at Malmul , Mathagadhi Rural Municipality-1",True,True,other,79,9
72650,2024-07-05,29.7171,81.15534,"81.15534,29.7171","Landslide at Malabhir , Surma Rural Municipality-1",True,True,nepal_police,38,13
72651,2024-07-05,27.94393,83.04234,"83.04234,27.94393","Landslide at Lahure Bajar, Bhumekasthan Municipality-7",True,True,nepal_police,50,13
72652,2024-07-04,28.15753,83.97176,"83.97176,28.15753","Landslide at Dopahare , Pokhara Lekhnath Metropolitan City-21",True,True,nepal_police,4,9
72653,2024-07-04,27.72488,86.68194,"86.68194,27.72488","Landslide at Simkharka, Khumbupasanglahmu Rural Municipality-3",True,True,nepal_police,88,9
72654,2024-07-04,27.68739,84.06217,"84.06217,27.68739","Landslide at Pangre , Hupsekot Rural Municipality-4",True,True,nepal_police,23,9
72655,2024-07-04,27.06108,86.37531,"86.37531,27.06108","Landslide at Khani Danda , Katari Municipality-12",True,True,nepal_police,4,9
72656,2024-07-04,29.21559,81.74506,"81.74506,29.21559","Landslide at Bhartadi Bazar, Pachaljharana Rural Municipality-3",True,True,nepal_police,81,9
72657,2024-07-05,29.20864,80.48616,"80.48616,29.20864","Landslide at Sunkhola , Alital Rural Municipality-3",True,True,other,44,13
72659,2024-07-05,28.86981,82.19935,"82.19935,28.86981","Landslide at Gunabhir , Kuse Rural Municipality-7",True,True,other,66,13
72660,2024-07-05,28.09848,83.31058,"83.31058,28.09848","Landslide at Barlawa , Resunga Municipality-14",True,True,other,90,13
72668,2024-07-04,29.5579,81.49045,"81.49045,29.5579","Landslide at Bayalsera, Gaumul Rural Municipality-1",True,True,nepal_police,57,9
72669,2024-07-05,27.60988,87.82613,"87.82613,27.60988","Landslide at Lamatar, Phaktanglung Rural Municipality-6",True,True,nepal_police,148,13
72672,2024-07-05,29.2889,80.76781,"80.76781,29.2889","Landslide at Odar, Shikhar Municipality-10",True,True,nepal_police,2,13
72673,2024-07-04,28.00638,84.94688,"84.94688,28.00638","Landslide at Gopre, Netrawati Dabjong Rural Municipality-1",True,True,nepal_police,86,9
72674,2024-07-05,28.34628,83.99007,"83.99007,28.34628","Landslide at Taprang , Machhapuchchhre Rural Municipality-2",True,True,nepal_police,61,13
72677,2024-07-04,29.60332,80.63335,"80.63335,29.60332","Landslide at Dandakhali , Purchaudi Municipality-9",True,True,nepal_police,2,9
72678,2024-07-05,27.3892,86.66244,"86.66244,27.3892","Landslide at Ambakebote, Thulung Dudhkoshi Rural Municipality-3",True,True,nepal_police,2,13
72687,2024-07-05,29.04292,82.29675,"82.29675,29.04292","Landslide at Tallojiri, Barekot Rural Municipality-4",True,True,nepal_police,3,13
72688,2024-07-05,28.98431,81.45804,"81.45804,28.98431","Landslide at Singaudi, Aathabis Municipality-2",True,True,nepal_police,3,13
72689,2024-07-06,27.16414,86.54315,"86.54315,27.16414","Landslide at Chamsitar, Halesi Tuwachung Municipality-3",True,True,nepal_police,1,58
72691,2024-07-06,27.92334,83.46312,"83.46312,27.92334","Landslide at Kamalpokhari, Tansen Municipality-14",True,True,nepal_police,1,58
72694,2024-07-06,27.69912,85.37856,"85.37856,27.69912",Landslide at Kageshwori Manahora Municipality-9,True,True,other,61,58
72695,2024-07-06,28.32432,82.65523,"82.65523,28.32432","Landslide at Sisne, Rolpa Municipality-10",True,True,nepal_police,149,58
72696,2024-07-06,27.93572,84.24996,"84.24996,27.93572","Landslide at Aina Pahara , Rhishing Rural Municipality-1",True,True,nepal_police,54,58
72697,2024-07-06,27.17377,87.09084,"87.09084,27.17377","Landslide at Okhrang , Bhojpur Municipality-11",True,True,nepal_police,65,58
72698,2024-07-06,27.54493,85.63649,"85.63649,27.54493","Landslide at Narke, Namobuddha Municipality-7",True,True,nepal_police,59,58
72699,2024-07-06,28.05026,83.73811,"83.73811,28.05026","Landslide at Birsikhatole , Bhirkot Municipality-8",True,True,nepal_police,56,58
72700,2024-07-06,27.94393,83.04234,"83.04234,27.94393","Landslide at Kopta, Bhumekasthan Municipality-7",True,True,nepal_police,50,58
72701,2024-07-06,27.4427,85.08797,"85.08797,27.4427","Landslide at Ratomate, Makawanpurgadhi Rural Municipality-5",True,True,nepal_police,52,58
72702,2024-07-06,27.94393,83.04234,"83.04234,27.94393","Landslide at Sitapur, Bhumekasthan Municipality-7",True,True,nepal_police,50,58
72703,2024-07-06,27.4427,85.08797,"85.08797,27.4427","Landslide at Mahadevtar, Makawanpurgadhi Rural Municipality-5",True,True,nepal_police,52,58
72704,2024-07-06,28.05026,83.73811,"83.73811,28.05026","Landslide at Kaure , Bhirkot Municipality-8",True,True,nepal_police,56,58
72705,2024-07-06,28.09848,83.31058,"83.31058,28.09848","Landslide at Thatipauwa , Resunga Municipality-14",True,True,nepal_police,90,58
72706,2024-07-06,28.05026,83.73811,"83.73811,28.05026","Landslide at Syangdi Majkot , Bhirkot Municipality-8",True,True,nepal_police,56,58
72710,2024-07-06,28.05026,83.73811,"83.73811,28.05026","Landslide at Pidikhola , Bhirkot Municipality-8",True,True,nepal_police,56,58
72714,2024-07-06,27.82173,83.63419,"83.63419,27.82173","Landslide at Asardi , Mathagadhi Rural Municipality-1",True,True,nepal_police,79,58
72715,2024-07-06,27.82173,83.63419,"83.63419,27.82173","Landslide at Madhukot , Mathagadhi Rural Municipality-1",True,True,nepal_police,79,58
72716,2024-07-06,28.09848,83.31058,"83.31058,28.09848","Landslide at Thulo Lumpek , Resunga Municipality-14",True,True,nepal_police,90,58
72717,2024-07-06,28.05026,83.73811,"83.73811,28.05026","Landslide at Devisthan, Bhirkot Municipality-8",True,True,nepal_police,56,58
72718,2024-07-06,28.32432,82.65523,"82.65523,28.32432","Landslide at Bhangobari , Rolpa Municipality-10",True,True,nepal_police,149,58
72719,2024-07-06,29.7171,81.15534,"81.15534,29.7171","Landslide at Malabhir , Surma Rural Municipality-1",True,True,nepal_police,38,58
72720,2024-07-06,29.31929,81.24641,"81.24641,29.31929","Landslide at Budhabagar , Sanphebagar Municipality-13",True,True,nepal_police,1,58
72721,2024-07-06,28.0318,82.45528,"82.45528,28.0318","Landslide at Sarra , Ghorahi Submetropolitan City-16",True,True,nepal_police,1,58
72722,2024-07-06,29.21559,81.74506,"81.74506,29.21559","Landslide at Chheka , Pachaljharana Rural Municipality-3",True,True,nepal_police,81,58
72723,2024-07-06,27.90711,85.75568,"85.75568,27.90711","Landslide at Khalde , Jugal Rural Municipality-2",True,True,nepal_police,86,58
72724,2024-07-06,27.93572,84.24996,"84.24996,27.93572","Landslide at Tekre , Rhishing Rural Municipality-1",True,True,nepal_police,54,58
72725,2024-07-06,27.82173,83.63419,"83.63419,27.82173","Landslide at Malmul, Mathagadhi Rural Municipality-1",True,True,nepal_police,79,58
72727,2024-07-06,27.93572,84.24996,"84.24996,27.93572","Landslide at Jaupani, Rhishing Rural Municipality-1",True,True,nepal_police,54,58
72728,2024-07-06,27.69912,85.37856,"85.37856,27.69912","Landslide at Jitpurphedi , Kageshwori Manahora Municipality-9",True,True,nepal_police,61,58
72729,2024-07-06,28.09848,83.31058,"83.31058,28.09848","Landslide at Birbas , Resunga Municipality-14",True,True,nepal_police,90,58
72734,2024-07-06,28.1203,82.85541,"82.85541,28.1203","Landslide at Aamdanda , Pyuthan Municipality-7",True,True,nepal_police,60,58
72738,2024-07-06,27.72488,86.68194,"86.68194,27.72488","Landslide at Khiraule , Khumbupasanglahmu Rural Municipality-3",True,True,nepal_police,88,58
72740,2024-07-06,28.12357,84.10491,"84.10491,28.12357","Landslide at Dandagaau , Pokhara Lekhnath Metropolitan City-32",True,True,nepal_police,3,58
72742,2024-07-06,27.72488,86.68194,"86.68194,27.72488",Landslide at Khumbupasanglahmu Rural Municipality-3,True,True,nepal_police,88,58
72743,2024-07-06,29.21559,81.74506,"81.74506,29.21559","Landslide at Birtamod, Pachaljharana Rural Municipality-3",True,True,nepal_police,81,58
72745,2024-07-06,27.69912,85.37856,"85.37856,27.69912",Landslide at Kageshwori Manahora Municipality-9,True,True,nepal_police,61,58
72748,2024-07-06,28.20228,83.69519,"83.69519,28.20228","Landslide at Karkineta , Kushma Municipality-10",True,True,other,56,58
72749,2024-07-06,27.93572,84.24996,"84.24996,27.93572","Landslide at Kaure , Rhishing Rural Municipality-1",True,True,other,54,58
72750,2024-07-05,28.05026,83.73811,"83.73811,28.05026","Landslide at Shyangdi Majhkot , Bhirkot Municipality-8",True,True,other,56,13
72753,2024-07-06,28.05026,83.73811,"83.73811,28.05026","Landslide at Jyamire, Bhirkot Municipality-8",True,True,other,56,58
72757,2024-07-06,27.94393,83.04234,"83.04234,27.94393","Landslide at Gorthum , Bhumekasthan Municipality-7",True,True,other,50,58
72764,2024-07-06,27.80072,83.07075,"83.07075,27.80072","Landslide at Ghaseni , Sitganga Municipality-12",True,True,other,6,58
72773,2024-07-06,26.93279,86.66463,"86.66463,26.93279","Landslide at Sukultar , Rautamai Rural Municipality-7",True,True,other,31,58
72775,2024-07-06,28.32432,82.65523,"82.65523,28.32432","Landslide at Okharbot , Rolpa Municipality-10",True,True,other,149,58
72780,2024-07-05,27.3187,86.49565,"86.49565,27.3187",Landslide at Siddhicharan Municipality-12,True,True,other,3,13
72784,2024-07-06,27.82173,83.63419,"83.63419,27.82173","Landslide at Tari , Mathagadhi Rural Municipality-1",True,True,other,79,58
72785,2024-07-06,29.50844,80.57647,"80.57647,29.50844",Landslide at Surnaya Rural Municipality-5,True,True,other,73,58
72786,2024-07-06,27.15572,86.7091,"86.7091,27.15572",Landslide at Halesi Tuwachung Municipality-11,True,True,other,68,58
72788,2024-07-06,27.93572,84.24996,"84.24996,27.93572","Landslide at Jhaputar , Rhishing Rural Municipality-1",True,True,other,54,58
72789,2024-07-06,28.4,82.09154,"82.09154,28.4","Landslide at Kharkhare , Sharada Municipality-9",True,True,other,45,58
72801,2024-07-06,28.20228,83.69519,"83.69519,28.20228","Landslide at Thadapakha , Kushma Municipality-10",True,True,other,56,58
72805,2024-07-06,29.06417,81.30663,"81.30663,29.06417","Landslide at Sutara , Kamalbazar Municipality-7",True,True,other,19,58
72806,2024-07-06,29.06417,81.30663,"81.30663,29.06417","Landslide at Duni, Kamalbazar Municipality-7",True,True,other,19,58
72807,2024-07-06,27.93572,84.24996,"84.24996,27.93572",Landslide at Rhishing Rural Municipality-1,True,True,other,54,58
72808,2024-07-06,27.93572,84.24996,"84.24996,27.93572","Landslide at Jalaudi , Rhishing Rural Municipality-1",True,True,other,54,58
72811,2024-07-07,28.00441,83.75868,"83.75868,28.00441","Landslide at Gaajani , Waling Municipality-11",True,True,other,1,27
72814,2024-07-06,28.05026,83.73811,"83.73811,28.05026","Landslide at Ukhubari , Bhirkot Municipality-8",True,True,other,56,58
72823,2024-07-06,27.53685,86.18811,"86.18811,27.53685","Landslide at Ghekhor , Gokulganga Rural Municipality-4",True,True,other,49,58
72824,2024-07-07,29.21559,81.74506,"81.74506,29.21559","Landslide at Mudikatiya , Pachaljharana Rural Municipality-3",True,True,other,81,27
72825,2024-07-07,28.54637,83.48729,"83.48729,28.54637","Landslide at Bhaiwang , Raghuganga Rural Municipality-8",True,True,other,128,27
72826,2024-07-07,29.21559,81.74506,"81.74506,29.21559","Landslide at Timure , Pachaljharana Rural Municipality-3",True,True,other,81,27
72828,2024-07-07,27.82173,83.63419,"83.63419,27.82173","Landslide at Baidhye Danda , Mathagadhi Rural Municipality-1",True,True,other,79,27
72829,2024-07-07,27.72488,86.68194,"86.68194,27.72488","Landslide at Kamere Kholsa , Khumbupasanglahmu Rural Municipality-3",True,True,other,88,27
72830,2024-07-07,27.00791,87.36671,"87.36671,27.00791","Landslide at Baluwakhani , Dhankuta Municipality-2",True,True,other,53,27
72836,2024-07-06,28.18418,83.976,"83.976,28.18418","Landslide at Belghari , Pokhara Lekhnath Metropolitan City-17",True,True,other,5,58
72837,2024-07-07,27.33592,86.44629,"86.44629,27.33592","Landslide at Paire, Molung Rural Municipality-1",True,True,other,71,27
72839,2024-07-07,28.65047,81.50876,"81.50876,28.65047","Landslide at Kharigaira , Barahtal Rural Municipality-8",True,True,other,24,27
72842,2024-07-07,27.82173,83.63419,"83.63419,27.82173","Landslide at Dhapdanda , Mathagadhi Rural Municipality-1",True,True,other,79,27
72847,2024-07-07,27.67418,85.44123,"85.44123,27.67418","Landslide at Naya Gaau , Bhaktapur Municipality-9",True,True,other,31,27
72848,2024-07-07,27.17377,87.09084,"87.09084,27.17377","Landslide at Jaubari , Bhojpur Municipality-11",True,True,other,65,27
72850,2024-07-07,27.17377,87.09084,"87.09084,27.17377","Landslide at Balaute , Bhojpur Municipality-11",True,True,other,65,27
72852,2024-07-07,27.97537,83.71366,"83.71366,27.97537","Landslide at Pathekhola , Waling Municipality-13",True,True,other,4,27
72853,2024-07-07,29.18116,80.84086,"80.84086,29.18116","Landslide at Ruwaskanda , Shikhar Municipality-2",True,True,other,35,27
72856,2024-07-07,28.05231,85.18138,"85.18138,28.05231","Landslide at Deurali , Uttargaya Rural Municipality-2",True,True,other,1,27
72873,2024-07-07,28.08337,83.75926,"83.75926,28.08337","Landslide at Simalchour, Arjunchaupari Rural Municipality-1",True,True,nepal_police,1,27
72874,2024-07-07,27.34004,86.53545,"86.53545,27.34004","Landslide at Chuplu, Siddhicharan Municipality-5",True,True,nepal_police,1,27
72876,2024-07-07,29.26575,81.07223,"81.07223,29.26575","Landslide at Sanagau, Purbichauki Rural Municipality-4",True,True,nepal_police,2,27
72877,2024-07-07,27.85087,83.55788,"83.55788,27.85087","Landslide at Kokaranga, Tansen Municipality-6",True,True,nepal_police,1,27
72878,2024-07-07,29.31985,80.93484,"80.93484,29.31985","Landslide at Chasi, Aadarsha Rural Municipality-1",True,True,nepal_police,1,27
72880,2024-07-07,27.35985,87.68455,"87.68455,27.35985","Landslide at Bebare, Phungling Municipality-6",True,True,nepal_police,1,27
72882,2024-07-07,29.57625,80.80399,"80.80399,29.57625","Landslide at Kirmili, Bungal Municipality-11",True,True,nepal_police,4,27
72894,2024-07-07,27.9736,83.92946,"83.92946,27.9736","Landslide at Bakhrikhor, Harinas Rural Municipality-5",True,True,nepal_police,1,27
72895,2024-07-07,27.978,83.9681,"83.9681,27.978","Landslide at Ramche, Harinas Rural Municipality-4",True,True,nepal_police,3,27
72902,2024-07-08,28.64186,82.16579,"82.16579,28.64186","Landslide at Kastara , Bheri Municipality-12",True,True,other,1,16
72907,2024-07-08,28.05026,83.73811,"83.73811,28.05026","Landslide at Chhyangchhyangdi , Bhirkot Municipality-8",True,True,other,56,16
72910,2024-07-07,29.18116,80.84086,"80.84086,29.18116","Landslide at Tikha , Shikhar Municipality-2",True,True,other,35,27
72917,2024-07-08,30.02618,81.88546,"81.88546,30.02618","Landslide at Kharpel Gaau , Simkot Rural Municipality-3",True,True,other,36,16
72918,2024-07-08,29.20864,80.48616,"80.48616,29.20864","Landslide at Rantapala , Alital Rural Municipality-3",True,True,other,44,16
72919,2024-07-07,27.33592,86.44629,"86.44629,27.33592","Landslide at Lampate , Molung Rural Municipality-1",True,True,other,71,27
72922,2024-07-08,29.50844,80.57647,"80.57647,29.50844","Landslide at Bunga , Surnaya Rural Municipality-5",True,True,other,73,16
72926,2024-07-08,29.5579,81.49045,"81.49045,29.5579","Landslide at Bahun Gaau , Gaumul Rural Municipality-1",True,True,other,57,16
72930,2024-07-08,27.17377,87.09084,"87.09084,27.17377",Landslide at Bhojpur Municipality-11,True,True,other,65,16
72932,2024-07-08,29.5579,81.49045,"81.49045,29.5579","Landslide at Saga , Gaumul Rural Municipality-1",True,True,other,57,16
72934,2024-07-08,29.06417,81.30663,"81.30663,29.06417","Landslide at Jabla , Kamalbazar Municipality-7",True,True,other,19,16
72936,2024-07-08,27.17377,87.09084,"87.09084,27.17377","Landslide at Sawa Tole , Bhojpur Municipality-11",True,True,other,65,16
72938,2024-07-08,29.21277,83.03833,"83.03833,29.21277","Landslide at Ghattekhola , Shey Phoksundo Rural Municipality-99",True,True,other,32,16
72945,2024-07-08,28.4,82.09154,"82.09154,28.4","Landslide at Gairagaau , Sharada Municipality-9",True,True,other,45,16
72948,2024-07-09,28.67399,82.81088,"82.81088,28.67399","Landslide at Salli Bissaini , Putha Uttarganga Rural Municipality-4",True,True,other,31,19
72953,2024-07-08,28.00638,84.94688,"84.94688,28.00638","Landslide at Rapa Gobre , Netrawati Dabjong Rural Municipality-1",True,True,other,86,16
72955,2024-07-09,26.88507,87.89616,"87.89616,26.88507","Landslide at Bagmara , Illam Municipality-12",True,True,other,71,19
72958,2024-07-09,27.06108,86.37531,"86.37531,27.06108","Landslide at Baseri Bisauna , Katari Municipality-12",True,True,other,4,19
72967,2024-07-09,26.84611,87.25023,"87.25023,26.84611","Landslide at Bhanjyang , Dharan Submetropolitan City-20",True,True,other,2,19
72968,2024-07-09,26.91084,86.72932,"86.72932,26.91084","Landslide at Toribari , Triyuga Municipality-15",True,True,other,6,19
72973,2024-07-09,27.17377,87.09084,"87.09084,27.17377","Landslide at Dummana, Bhojpur Municipality-11",True,True,other,65,19
72974,2024-07-09,26.93279,86.66463,"86.66463,26.93279","Landslide at Samabesi Tole , Rautamai Rural Municipality-7",True,True,other,31,19
72976,2024-07-09,27.94393,83.04234,"83.04234,27.94393","Landslide at Sana Agul , Bhumekasthan Municipality-7",True,True,other,50,19
72978,2024-07-08,27.62682,82.96838,"82.96838,27.62682","Landslide at Chorkhola , Buddhabhumi Municipality-8",True,True,other,7,16
72979,2024-07-08,29.67916,82.30447,"82.30447,29.67916","Landslide at Zero Point , Mugum Karmarong Rural Municipality-7",True,True,other,26,16
72980,2024-07-10,28.17521,84.05899,"84.05899,28.17521","Landslide at Sahelpata , Pokhara Lekhnath Metropolitan City-27",True,True,other,4,14
72982,2024-07-09,27.17377,87.09084,"87.09084,27.17377","Landslide at Malbase , Bhojpur Municipality-11",True,True,other,65,19
72984,2024-07-09,26.93279,86.66463,"86.66463,26.93279","Landslide at Ghare Phul Chowk , Rautamai Rural Municipality-7",True,True,other,31,19
72985,2024-07-09,27.17377,87.09084,"87.09084,27.17377","Landslide at Chuhar , Bhojpur Municipality-11",True,True,other,65,19
72986,2024-07-09,27.72488,86.68194,"86.68194,27.72488","Landslide at Bakhor , Khumbupasanglahmu Rural Municipality-3",True,True,other,88,19
72987,2024-07-09,27.72488,86.68194,"86.68194,27.72488","Landslide at Thapa Tole, Khumbupasanglahmu Rural Municipality-3",True,True,other,88,19
72991,2024-07-09,27.17377,87.09084,"87.09084,27.17377","Landslide at Boksetar , Bhojpur Municipality-11",True,True,other,65,19
72994,2024-07-09,27.13741,87.5752,"87.5752,27.13741","Landslide at Sukrabare , Phedap Rural Municipality-3",True,True,other,53,19
72997,2024-07-09,27.17377,87.09084,"87.09084,27.17377","Landslide at Huge , Bhojpur Municipality-11",True,True,other,65,19
73007,2024-07-09,27.00791,87.36671,"87.36671,27.00791","Landslide at Guthitar , Dhankuta Municipality-2",True,True,other,53,19
73009,2024-07-10,28.54637,83.48729,"83.48729,28.54637","Landslide at Mandredhunga , Raghuganga Rural Municipality-8",True,True,other,128,14
73016,2024-07-10,27.15572,86.7091,"86.7091,27.15572",Landslide at Halesi Tuwachung Municipality-11,True,True,other,68,14
73017,2024-07-10,27.69912,85.37856,"85.37856,27.69912","Landslide at Jhor , Kageshwori Manahora Municipality-9",True,True,other,61,14
73026,2024-07-06,26.91084,86.72932,"86.72932,26.91084","Landslide at Tallo Ranibas , Triyuga Municipality-15",True,True,other,6,58
73029,2024-07-10,28.18418,83.976,"83.976,28.18418","Landslide at Chhorepatan , Pokhara Lekhnath Metropolitan City-17",True,True,other,5,14
73030,2024-07-11,28.35288,83.27139,"83.27139,28.35288","Landslide at Titaure , Dhorpatan Municipality-4",True,True,other,84,20
73034,2024-07-11,28.20228,83.69519,"83.69519,28.20228","Landslide at Bhyaple , Kushma Municipality-10",True,True,other,56,20
73035,2024-07-10,27.90711,85.75568,"85.75568,27.90711","Landslide at Jalbire River , Jugal Rural Municipality-2",True,True,other,86,14
73036,2024-07-10,27.14773,87.78498,"87.78498,27.14773","Landslide at Kabeli River , Phidim Municipality-11",True,True,other,83,14
73038,2024-07-10,27.90711,85.75568,"85.75568,27.90711","Landslide at Ramche , Jugal Rural Municipality-2",True,True,other,86,14
73042,2024-07-10,29.7171,81.15534,"81.15534,29.7171",Landslide at Surma Rural Municipality-1,True,True,other,38,14
73043,2024-07-10,28.08821,84.37147,"84.37147,28.08821","Landslide at Talloghale Chhap , Bhanu Municipality-12",True,True,other,1,14
73044,2024-07-10,28.54637,83.48729,"83.48729,28.54637","Landslide at Chimkhola , Raghuganga Rural Municipality-8",True,True,other,128,14
73046,2024-07-10,28.34628,83.99007,"83.99007,28.34628","Landslide at Karuwa , Machhapuchchhre Rural Municipality-2",True,True,other,61,14
73055,2024-07-11,29.92362,80.73694,"80.73694,29.92362","Landslide at Chausil , Apihimal Rural Municipality-6",True,True,other,48,20
73056,2024-07-11,28.22871,83.73122,"83.73122,28.22871","Landslide at Pakuwa , Kushma Municipality-11",True,True,other,2,20
73060,2024-07-11,27.14773,87.78498,"87.78498,27.14773","Landslide at Thoklimba , Phidim Municipality-11",True,True,other,83,20
73061,2024-07-11,28.35288,83.27139,"83.27139,28.35288","Landslide at Tityang Thapaghar , Dhorpatan Municipality-4",True,True,other,84,20
73064,2024-07-11,27.15572,86.7091,"86.7091,27.15572","Landslide at Dahregauda , Halesi Tuwachung Municipality-11",True,True,other,68,20
73068,2024-07-11,28.28362,84.43609,"84.43609,28.28362","Landslide at Bhayalkharka , Marsyangdi Rural Municipality-7",True,True,other,56,20
73071,2024-07-10,28.54637,83.48729,"83.48729,28.54637","Landslide at Roke Gaau , Raghuganga Rural Municipality-8",True,True,other,128,14
73072,2024-07-10,28.20228,83.69519,"83.69519,28.20228",Landslide at Kushma Municipality-10,True,True,other,56,14
73074,2024-07-11,27.77921,84.48542,"84.48542,27.77921","Landslide at 17 Kilo, Bharatpur Metropolitan City-29",True,True,nepal_police,23,20
73075,2024-07-12,28.24341,84.13357,"84.13357,28.24341","Landslide at Tallotaple, Madi Rural Municipality-11",True,True,nepal_police,1,24
73076,2024-07-12,28.12357,84.10491,"84.10491,28.12357","Landslide at Chainpur, Pokhara Lekhnath Metropolitan City-32",True,True,nepal_police,3,24
73077,2024-07-11,28.291,83.95624,"83.95624,28.291","Landslide at Talkot, Pokhara Lekhnath Metropolitan City-19",True,True,nepal_police,5,20
73079,2024-07-11,28.47237,83.35841,"83.35841,28.47237",Landslide at Dhaulagiri Rural Municipality-7,True,True,nepal_police,1,20
73080,2024-07-11,27.93572,84.24996,"84.24996,27.93572","Landslide at Damping , Rhishing Rural Municipality-1",True,True,other,54,20
73082,2024-07-11,28.28362,84.43609,"84.43609,28.28362","Landslide at Prakendi , Marsyangdi Rural Municipality-7",True,True,other,56,20
73093,2024-07-11,27.00791,87.36671,"87.36671,27.00791","Landslide at Mangdine Tole , Dhankuta Municipality-2",True,True,other,53,20
73097,2024-07-11,28.28362,84.43609,"84.43609,28.28362","Landslide at Thulodhimire , Marsyangdi Rural Municipality-7",True,True,other,56,20
73098,2024-07-11,30.02618,81.88546,"81.88546,30.02618","Landslide at Madana , Simkot Rural Municipality-3",True,True,other,36,20
73099,2024-07-08,28.27345,84.8101,"84.8101,28.27345","Landslide at Lakshmibazar , Dharche Rural Municipality-5",True,True,other,82,16
73103,2024-07-12,27.93021,84.54237,"84.54237,27.93021","Landslide at Simal Gairi , Gorkha Municipality-13",True,True,other,2,24
73105,2024-07-11,28.54637,83.48729,"83.48729,28.54637","Landslide at Chimkhola , Raghuganga Rural Municipality-8",True,True,other,128,20
73106,2024-07-12,28.27345,84.8101,"84.8101,28.27345","Landslide at Jarebar , Dharche Rural Municipality-5",True,True,other,82,24
73107,2024-07-12,28.27345,84.8101,"84.8101,28.27345","Landslide at Danda Gaau , Dharche Rural Municipality-5",True,True,other,82,24
73109,2024-07-12,28.34628,83.99007,"83.99007,28.34628","Landslide at Titepani , Machhapuchchhre Rural Municipality-2",True,True,other,61,24
73111,2024-07-12,27.93572,84.24996,"84.24996,27.93572","Landslide at Simaltar , Rhishing Rural Municipality-1",True,True,other,54,24
73114,2024-07-12,27.68739,84.06217,"84.06217,27.68739","Landslide at Gurautar , Hupsekot Rural Municipality-4",True,True,other,23,24
73115,2024-07-12,27.15572,86.7091,"86.7091,27.15572",Landslide at Halesi Tuwachung Municipality-11,True,True,nepal_police,68,24
73116,2024-07-12,28.34628,83.99007,"83.99007,28.34628","Landslide at Birethati , Machhapuchchhre Rural Municipality-2",True,True,nepal_police,61,24
73121,2024-07-12,27.93572,84.24996,"84.24996,27.93572","Landslide at Tallotar , Rhishing Rural Municipality-1",True,True,nepal_police,54,24
73123,2024-07-12,30.02618,81.88546,"81.88546,30.02618","Landslide at Satthi , Simkot Rural Municipality-3",True,True,nepal_police,36,24
73124,2024-07-11,28.54637,83.48729,"83.48729,28.54637","Landslide at Kamerepani Maraka Tole , Raghuganga Rural Municipality-8",True,True,nepal_police,128,20
73127,2024-07-12,27.82572,84.00752,"84.00752,27.82572","Landslide at Kwang Deurali , Nisdi Rural Municipality-1",True,True,nepal_police,1,24
73132,2024-07-12,27.77921,84.48542,"84.48542,27.77921","Landslide at Narayanghad Mugling Road Section - Simaltal , Bharatpur Metropolitan City-29",True,True,nepal_police,23,24
73134,2024-07-12,27.69912,85.37856,"85.37856,27.69912","Landslide at Dallu - Nunari Aani Gumba , Kageshwori Manahora Municipality-9",True,True,other,61,24
73135,2024-07-13,28.74013,80.89463,"80.89463,28.74013",Landslide at Gauriganga Municipality-9,True,True,nepal_police,15,4
73136,2024-07-12,28.46471,83.61126,"83.61126,28.46471","Landslide at Maroka Tole Kamerepani , Annapurna Rural Municipality-1",True,True,nepal_police,1,24
73137,2024-07-12,27.93572,84.24996,"84.24996,27.93572","Landslide at Aambote , Rhishing Rural Municipality-1",True,True,nepal_police,54,24
73138,2024-07-12,27.33592,86.44629,"86.44629,27.33592","Landslide at Asine , Molung Rural Municipality-1",True,True,nepal_police,71,24
73140,2024-07-11,27.56839,83.27857,"83.27857,27.56839",Landslide at Gaidahawa Rural Municipality-4,True,True,nepal_police,1,20
73141,2024-07-12,27.86446,84.97207,"84.97207,27.86446","Landslide at Syaldanda, Neelakantha Municipality-5",True,True,nepal_police,1,24
73142,2024-07-12,26.96729,85.57183,"85.57183,26.96729","Landslide at Bahadurpur , Haripur Municipality-3",True,True,nepal_police,4,24
73143,2024-07-12,28.28757,84.00181,"84.00181,28.28757","Landslide at Bhattekhola , Pokhara Lekhnath Metropolitan City-16",True,True,nepal_police,6,24
73144,2024-07-12,28.28362,84.43609,"84.43609,28.28362","Landslide at Bhoj , Marsyangdi Rural Municipality-7",True,True,nepal_police,56,24
73146,2024-07-12,26.7425,86.3336,"86.3336,26.7425","Landslide at Kasaha Tole , Golbazar Municipality-13",True,True,nepal_police,2,24
73147,2024-07-13,28.34628,83.99007,"83.99007,28.34628","Landslide at Sudame , Machhapuchchhre Rural Municipality-2",True,True,nepal_police,61,4
73148,2024-07-11,27.09703,86.76385,"86.76385,27.09703","Landslide at Buikhuwa , Diprung Chuichumma Rural Municipality-3",True,True,nepal_police,2,20
73157,2024-07-13,29.21559,81.74506,"81.74506,29.21559",Landslide at Pachaljharana Rural Municipality-3,True,True,other,81,4
73162,2024-07-13,28.50291,83.84147,"83.84147,28.50291","Landslide at Ghandruk , Annapurna Rural Municipality-11",True,True,other,5,4
73164,2024-07-14,27.14773,87.78498,"87.78498,27.14773","Landslide at Deurali , Phidim Municipality-11",True,True,other,83,9
73168,2024-07-12,28.1755,85.46091,"85.46091,28.1755",Landslide at Gosaikunda Rural Municipality-4,True,True,other,53,24
73172,2024-07-14,27.15572,86.7091,"86.7091,27.15572","Landslide at Hattisude , Halesi Tuwachung Municipality-11",True,True,other,68,9
73177,2024-07-14,27.84518,85.37655,"85.37655,27.84518",Landslide at Shivapuri Rural Municipality-5,True,True,other,1,9
73178,2024-07-14,27.69912,85.37856,"85.37856,27.69912",Landslide at Kageshwori Manahora Municipality-9,True,True,other,61,9
73183,2024-07-14,29.21559,81.74506,"81.74506,29.21559","Landslide at Laphabazar , Pachaljharana Rural Municipality-3",True,True,other,81,9
73185,2024-07-14,27.60988,87.82613,"87.82613,27.60988","Landslide at Pedang , Phaktanglung Rural Municipality-6",True,True,other,148,9
73193,2024-07-15,28.32432,82.65523,"82.65523,28.32432","Landslide at Putlachaur , Rolpa Municipality-10",True,True,other,149,7
73194,2024-07-15,29.7171,81.15534,"81.15534,29.7171","Landslide at Sunkada , Surma Rural Municipality-1",True,True,other,38,7
73195,2024-07-15,29.7171,81.15534,"81.15534,29.7171",Landslide at Surma Rural Municipality-1,True,True,other,38,7
73199,2024-07-15,28.74013,80.89463,"80.89463,28.74013","Landslide at Khairela , Gauriganga Municipality-9",True,True,other,15,7
73203,2024-07-15,29.23923,82.21605,"82.21605,29.23923","Landslide at Barikhet , Guthichaur Rural Municipality-5",True,True,other,7,7
73204,2024-07-15,29.21559,81.74506,"81.74506,29.21559","Landslide at Saraga , Pachaljharana Rural Municipality-3",True,True,other,81,7
73209,2024-07-14,28.1755,85.46091,"85.46091,28.1755","Landslide at Grang , Gosaikunda Rural Municipality-4",True,True,other,53,9
73210,2024-07-14,28.04998,85.22571,"85.22571,28.04998","Landslide at Grang , Kalika Rural Municipality-1",True,True,other,2,9
73217,2024-07-14,28.1755,85.46091,"85.46091,28.1755",Landslide at Gosaikunda Rural Municipality-4,True,True,other,53,9
73225,2024-07-16,27.38688,87.21569,"87.21569,27.38688","Landslide at Biluwa Dhovan , Khandbari Municipality-7",True,True,other,104,11
73229,2024-07-16,28.1755,85.46091,"85.46091,28.1755",Landslide at Gosaikunda Rural Municipality-4,True,True,other,53,11
73230,2024-07-16,28.1755,85.46091,"85.46091,28.1755","Landslide at Grang , Gosaikunda Rural Municipality-4",True,True,other,53,11
73239,2024-07-16,27.17377,87.09084,"87.09084,27.17377","Landslide at Damthala , Bhojpur Municipality-11",True,True,other,65,11
73241,2024-07-16,27.41486,86.96293,"86.96293,27.41486","Landslide at Bakhumma , Salpasilichho Rural Municipality-5",True,True,other,1,11
73244,2024-07-16,28.86981,82.19935,"82.19935,28.86981","Landslide at Dallena , Kuse Rural Municipality-7",True,True,other,66,11
73250,2024-07-16,27.90711,85.75568,"85.75568,27.90711","Landslide at Maramchi , Jugal Rural Municipality-2",True,True,other,86,11
73252,2024-07-16,27.17377,87.09084,"87.09084,27.17377","Landslide at Malima , Bhojpur Municipality-11",True,True,other,65,11
73253,2024-07-16,28.1203,82.85541,"82.85541,28.1203","Landslide at Barthan , Pyuthan Municipality-7",True,True,other,60,11
73254,2024-07-16,28.73884,82.46045,"82.46045,28.73884","Landslide at Chhing , Banfikot Rural Municipality-6",True,True,other,44,11
73255,2024-07-17,28.20228,83.69519,"83.69519,28.20228","Landslide at Sadhane , Kushma Municipality-10",True,True,other,56,7
73258,2024-07-16,27.72488,86.68194,"86.68194,27.72488","Landslide at Deku , Khumbupasanglahmu Rural Municipality-3",True,True,other,88,11
73263,2024-07-17,28.1755,85.46091,"85.46091,28.1755","Landslide at Lahare, Gosaikunda Rural Municipality-4",True,True,other,53,7
73268,2024-07-17,27.69912,85.37856,"85.37856,27.69912","Landslide at Goldhunga Devisthan , Kageshwori Manahora Municipality-9",True,True,other,61,7
73269,2024-07-17,29.5579,81.49045,"81.49045,29.5579","Landslide at Raneda Tole , Gaumul Rural Municipality-1",True,True,other,57,7
73270,2024-07-17,29.92362,80.73694,"80.73694,29.92362","Landslide at Lyawoti , Apihimal Rural Municipality-6",True,True,other,48,7
73272,2024-07-17,29.5579,81.49045,"81.49045,29.5579","Landslide at Laya , Gaumul Rural Municipality-1",True,True,other,57,7
73277,2024-07-09,27.60988,87.82613,"87.82613,27.60988",Landslide at Phaktanglung Rural Municipality-6,True,True,other,148,19
73282,2024-07-19,27.69912,85.37856,"85.37856,27.69912","Landslide at Kavresthali , Kageshwori Manahora Municipality-9",True,True,other,61,10
73285,2024-07-18,28.67399,82.81088,"82.81088,28.67399","Landslide at Pachhawang , Putha Uttarganga Rural Municipality-4",True,True,other,31,10
73290,2024-07-18,27.17377,87.09084,"87.09084,27.17377","Landslide at Badumla , Bhojpur Municipality-11",True,True,other,65,10
73293,2024-07-18,27.47132,86.47515,"86.47515,27.47132","Landslide at Dendi Sherpa , Solududhakunda Municipality-10",True,True,other,2,10
73295,2024-07-17,29.7171,81.15534,"81.15534,29.7171","Landslide at Mallesi , Surma Rural Municipality-1",True,True,other,38,7
73297,2024-07-18,29.50844,80.57647,"80.57647,29.50844","Landslide at Dholya Kathach Tole , Surnaya Rural Municipality-5",True,True,other,73,10
73298,2024-07-18,29.50844,80.57647,"80.57647,29.50844","Landslide at Swal , Surnaya Rural Municipality-5",True,True,other,73,10
73301,2024-07-18,26.88507,87.89616,"87.89616,26.88507","Landslide at Guphathumki , Illam Municipality-12",True,True,other,71,10
73302,2024-07-18,29.2889,80.76781,"80.76781,29.2889","Landslide at Bandungrisain , Shikhar Municipality-10",True,True,other,2,10
73305,2024-07-18,27.60988,87.82613,"87.82613,27.60988","Landslide at Temba , Phaktanglung Rural Municipality-6",True,True,other,148,10
73306,2024-07-19,29.92362,80.73694,"80.73694,29.92362","Landslide at Chaurigaau , Apihimal Rural Municipality-6",True,True,other,48,10
73307,2024-07-19,29.92362,80.73694,"80.73694,29.92362","Landslide at Chhipang , Apihimal Rural Municipality-6",True,True,other,48,10
73308,2024-07-18,27.60988,87.82613,"87.82613,27.60988","Landslide at Tapethok , Phaktanglung Rural Municipality-6",True,True,other,148,10
73310,2024-07-18,27.69912,85.37856,"85.37856,27.69912","Landslide at Behind Teaching Hospital , Kageshwori Manahora Municipality-9",True,True,other,61,10
73312,2024-07-19,27.60988,87.82613,"87.82613,27.60988",Landslide at Phaktanglung Rural Municipality-6,True,True,other,148,10
73317,2024-07-19,27.90711,85.75568,"85.75568,27.90711","Landslide at Bolde , Jugal Rural Municipality-2",True,True,other,86,10
73318,2024-07-19,27.93572,84.24996,"84.24996,27.93572","Landslide at Lahareni , Rhishing Rural Municipality-1",True,True,other,54,10
73321,2024-07-19,27.92448,85.24446,"85.24446,27.92448","Landslide at Kukhure , Suryagadhi Rural Municipality-4",True,True,other,94,10
73329,2024-07-20,29.18116,80.84086,"80.84086,29.18116","Landslide at Pipalkunda , Shikhar Municipality-2",True,True,other,35,3
73337,2024-07-19,28.32432,82.65523,"82.65523,28.32432","Landslide at Maisthan , Rolpa Municipality-10",True,True,other,149,10
73340,2024-06-10,27.15572,86.7091,"86.7091,27.15572","Landslide at Dhirkutrung , Halesi Tuwachung Municipality-11",True,True,other,68,2
73343,2024-07-21,28.54637,83.48729,"83.48729,28.54637","Landslide at Mahabhir, Raghuganga Rural Municipality-8",True,True,other,128,4
73344,2024-07-21,27.60717,85.42429,"85.42429,27.60717","Landslide at Lakuribhanjyang, Mahalaxmi Municipality-10",True,True,other,1,4
73345,2024-07-21,27.69912,85.37856,"85.37856,27.69912","Landslide at Aryalgaau , Kageshwori Manahora Municipality-9",True,True,other,61,4
73351,2024-07-20,29.7171,81.15534,"81.15534,29.7171","Landslide at Bacha chauka , Surma Rural Municipality-1",True,True,other,38,3
73352,2024-07-21,30.02618,81.88546,"81.88546,30.02618","Landslide at Seradil , Simkot Rural Municipality-3",True,True,other,36,4
73353,2024-07-20,27.60988,87.82613,"87.82613,27.60988","Landslide at Iswa , Phaktanglung Rural Municipality-6",True,True,other,148,3
73354,2024-07-09,26.88507,87.89616,"87.89616,26.88507","Landslide at Goldhapbesi , Illam Municipality-12",True,True,other,71,19
73355,2024-07-19,27.17377,87.09084,"87.09084,27.17377","Landslide at Matel, Bhojpur Municipality-11",True,True,other,65,10
73362,2024-07-19,29.21559,81.74506,"81.74506,29.21559","Landslide at Balupata , Pachaljharana Rural Municipality-3",True,True,other,81,10
73363,2024-07-22,28.32432,82.65523,"82.65523,28.32432","Landslide at Babiyachaur , Rolpa Municipality-10",True,True,other,149,4
73377,2024-07-23,27.92448,85.24446,"85.24446,27.92448","Landslide at Archale , Suryagadhi Rural Municipality-4",True,True,other,94,6
73380,2024-07-22,27.17377,87.09084,"87.09084,27.17377","Landslide at Nempang , Bhojpur Municipality-11",True,True,other,65,4
73381,2024-07-23,27.90711,85.75568,"85.75568,27.90711","Landslide at Sindhukot , Jugal Rural Municipality-2",True,True,other,86,6
73386,2024-07-23,29.21559,81.74506,"81.74506,29.21559","Landslide at Lalighat , Pachaljharana Rural Municipality-3",True,True,other,81,6
73392,2024-07-22,28.67399,82.81088,"82.81088,28.67399","Landslide at Gorjalu , Putha Uttarganga Rural Municipality-4",True,True,other,31,4
73393,2024-07-23,27.48854,87.13921,"87.13921,27.48854","Landslide at Tumme, Silichong Rural Municipality-4",True,True,other,5,6
73398,2024-07-23,28.64561,82.37198,"82.37198,28.64561","Landslide at Rupendra Khada , Sani Bheri Rural Municipality-9",True,True,other,1,6
73399,2024-07-23,28.73884,82.46045,"82.46045,28.73884","Landslide at Sarkidera , Banfikot Rural Municipality-6",True,True,other,44,6
73404,2024-07-25,28.1755,85.46091,"85.46091,28.1755","Landslide at Banuwaghumti , Gosaikunda Rural Municipality-4",True,True,other,53,7
73408,2024-07-24,28.88537,81.67138,"81.67138,28.88537","Landslide at Pipal Chautara, Mahabu Rural Municipality-2",True,True,other,26,4
73409,2024-07-24,27.54796,85.33968,"85.33968,27.54796","Landslide at Khahare Buspark , Konjyosom Rural Municipality-4",True,True,other,105,4
73411,2024-07-24,28.88537,81.67138,"81.67138,28.88537","Landslide at Rokaya Tole, Mahabu Rural Municipality-2",True,True,other,26,4
73412,2024-07-25,27.82349,86.22218,"86.22218,27.82349","Landslide at Balitar , Bigu Rural Municipality-1",True,True,other,62,7
73415,2024-07-24,28.73884,82.46045,"82.46045,28.73884","Landslide at Pakherol , Banfikot Rural Municipality-6",True,True,other,44,4
73416,2024-07-25,27.69912,85.37856,"85.37856,27.69912",Landslide at Kageshwori Manahora Municipality-9,True,True,other,61,7
73418,2024-07-25,27.17377,87.09084,"87.09084,27.17377","Landslide at Dobhane , Bhojpur Municipality-11",True,True,other,65,7
73424,2024-07-25,28.86981,82.19935,"82.19935,28.86981","Landslide at Chhedachaur , Kuse Rural Municipality-7",True,True,other,66,7
73426,2024-07-25,27.53685,86.18811,"86.18811,27.53685","Landslide at Pharpu, Gokulganga Rural Municipality-4",True,True,nepal_police,49,7
73427,2024-07-26,27.90711,85.75568,"85.75568,27.90711","Landslide at Daklang , Jugal Rural Municipality-2",True,True,other,86,2
73432,2024-07-22,27.38688,87.21569,"87.21569,27.38688",Landslide at Khandbari Municipality-7,True,True,other,104,4
73433,2024-07-25,29.7171,81.15534,"81.15534,29.7171","Landslide at Dhalaun , Surma Rural Municipality-1",True,True,other,38,7
73437,2024-07-28,27.90711,85.75568,"85.75568,27.90711","Landslide at Jure, Jugal Rural Municipality-2",True,True,other,86,5
73443,2024-07-28,28.27345,84.8101,"84.8101,28.27345","Landslide at Resha , Dharche Rural Municipality-5",True,True,other,82,5
73445,2024-07-27,29.20864,80.48616,"80.48616,29.20864","Landslide at Nimtola , Alital Rural Municipality-3",True,True,other,44,2
73447,2024-07-28,27.4427,85.08797,"85.08797,27.4427","Landslide at Kalopahiro , Makawanpurgadhi Rural Municipality-5",True,True,other,52,5
73451,2024-07-15,27.38688,87.21569,"87.21569,27.38688",Landslide at Khandbari Municipality-7,True,True,other,104,7
73457,2024-07-28,27.69912,85.37856,"85.37856,27.69912","Landslide at Aathmile , Kageshwori Manahora Municipality-9",True,True,other,61,5
73462,2024-07-27,27.4427,85.08797,"85.08797,27.4427","Landslide at Baguwa , Makawanpurgadhi Rural Municipality-5",True,True,other,52,2
73469,2024-07-29,29.5579,81.49045,"81.49045,29.5579",Landslide at Gaumul Rural Municipality-1,True,True,other,57,4
73470,2024-07-29,28.28362,84.43609,"84.43609,28.28362","Landslide at Tamu - Gauri Tole , Marsyangdi Rural Municipality-7",True,True,other,56,4
73473,2024-07-29,28.73884,82.46045,"82.46045,28.73884","Landslide at Namhardi , Banfikot Rural Municipality-6",True,True,other,44,4
73488,2024-07-26,28.54637,83.48729,"83.48729,28.54637","Landslide at Das , Raghuganga Rural Municipality-8",True,True,other,128,2
73491,2024-07-29,29.50844,80.57647,"80.57647,29.50844","Landslide at Bhuneshwor Tole , Surnaya Rural Municipality-5",True,True,other,73,4
73492,2024-07-28,27.33592,86.44629,"86.44629,27.33592","Landslide at Holpu , Molung Rural Municipality-1",True,True,other,71,5
73500,2024-07-30,28.88537,81.67138,"81.67138,28.88537",Landslide at Mahabu Rural Municipality-2,True,True,other,26,2
73513,2024-07-31,27.69912,85.37856,"85.37856,27.69912","Landslide at Phutung Naagpokhari , Kageshwori Manahora Municipality-9",True,True,other,61,16
73521,2024-07-31,27.76026,85.8609,"85.8609,27.76026","Landslide at Jure , Balefi Rural Municipality-8",True,True,other,2,16
73527,2024-07-31,27.92448,85.24446,"85.24446,27.92448","Landslide at Jimwal Tole , Suryagadhi Rural Municipality-4",True,True,other,94,16
73528,2024-07-31,27.33592,86.44629,"86.44629,27.33592","Landslide at Shree Chaur , Molung Rural Municipality-1",True,True,other,71,16
73529,2024-07-31,27.42044,86.58843,"86.58843,27.42044","Landslide at Kami Gaau , Nechasalyan Rural Municipality-6",True,True,other,18,16
73531,2024-07-31,27.68338,85.35564,"85.35564,27.68338",Landslide at Kathmandu Metropolitan City-32,True,True,other,1,16
73532,2024-07-31,27.33592,86.44629,"86.44629,27.33592","Landslide at Salleri Kaflepani , Molung Rural Municipality-1",True,True,other,71,16
73538,2024-07-31,27.33592,86.44629,"86.44629,27.33592","Landslide at Phalate , Molung Rural Municipality-1",True,True,other,71,16
73548,2024-07-31,27.42044,86.58843,"86.58843,27.42044","Landslide at Belidanda , Nechasalyan Rural Municipality-6",True,True,other,18,16
73549,2024-07-30,27.15572,86.7091,"86.7091,27.15572","Landslide at Sisne , Halesi Tuwachung Municipality-11",True,True,other,68,2
73552,2024-07-31,27.72488,86.68194,"86.68194,27.72488","Landslide at Thalakhum , Khumbupasanglahmu Rural Municipality-3",True,True,other,88,16
73555,2024-07-31,27.91654,84.33952,"84.33952,27.91654","Landslide at Keshavtar , Vyas Municipality-14",True,True,other,2,16
73559,2024-07-31,27.53685,86.18811,"86.18811,27.53685","Landslide at Satbhai Tole , Gokulganga Rural Municipality-4",True,True,other,49,16
73560,2024-07-31,27.81294,85.59097,"85.59097,27.81294","Landslide at Baguwa , Melamchi Municipality-10",True,True,other,1,16
73562,2024-07-31,28.00638,84.94688,"84.94688,28.00638","Landslide at Thalakhum , Netrawati Dabjong Rural Municipality-1",True,True,other,86,16
73570,2024-07-31,27.15572,86.7091,"86.7091,27.15572","Landslide at Diktelbari , Halesi Tuwachung Municipality-11",True,True,other,68,16
73590,2024-08-01,28.64795,81.69158,"81.69158,28.64795","Landslide at Kanchi Bazar , Birendranagar Municipality-15",True,True,other,1,8
73592,2024-07-31,27.53685,86.18811,"86.18811,27.53685","Landslide at Bhalukhop , Gokulganga Rural Municipality-4",True,True,other,49,16
73594,2024-08-01,29.92362,80.73694,"80.73694,29.92362","Landslide at Golekudi , Apihimal Rural Municipality-6",True,True,other,48,8
73597,2024-08-01,28.34628,83.99007,"83.99007,28.34628","Landslide at Majhgaau , Machhapuchchhre Rural Municipality-2",True,True,other,61,8
73599,2024-08-02,29.92362,80.73694,"80.73694,29.92362","Landslide at Madungara , Apihimal Rural Municipality-6",True,True,other,48,6
73604,2024-08-02,28.66201,81.60935,"81.60935,28.66201","Landslide at Matakharka , Birendranagar Municipality-14",True,True,other,2,6
73606,2024-08-02,27.60988,87.82613,"87.82613,27.60988",Landslide at Phaktanglung Rural Municipality-6,True,True,other,148,6
73608,2024-08-01,27.21259,86.72413,"86.72413,27.21259",Landslide at Diktel Rupakot Majhuwagadhi Municipality-14,True,True,other,1,8
73609,2024-08-01,27.53685,86.18811,"86.18811,27.53685","Landslide at Gadiyalo , Gokulganga Rural Municipality-4",True,True,other,49,8
73612,2024-08-01,27.15055,87.80224,"87.80224,27.15055","Landslide at Tritiya Patle , Phidim Municipality-11",True,True,other,5,8
73613,2024-08-01,27.60988,87.82613,"87.82613,27.60988","Landslide at Bagale Gaau , Phaktanglung Rural Municipality-6",True,True,other,148,8
73614,2024-08-01,27.82349,86.22218,"86.22218,27.82349","Landslide at Maludanda, Bigu Rural Municipality-1",True,True,other,62,8
73618,2024-08-02,28.32432,82.65523,"82.65523,28.32432","Landslide at Kamidanda , Rolpa Municipality-10",True,True,other,149,6
73627,2024-08-02,28.73884,82.46045,"82.46045,28.73884","Landslide at Lasunbari , Banfikot Rural Municipality-6",True,True,other,44,6
73629,2024-08-02,28.73884,82.46045,"82.46045,28.73884","Landslide at Udimdhunga , Banfikot Rural Municipality-6",True,True,other,44,6
73662,2024-08-05,28.00638,84.94688,"84.94688,28.00638","Landslide at Pokharekhola , Netrawati Dabjong Rural Municipality-1",True,True,other,86,6
73666,2024-08-05,27.15572,86.7091,"86.7091,27.15572","Landslide at Bhirkharka , Halesi Tuwachung Municipality-11",True,True,other,68,6
73672,2024-08-06,28.35288,83.27139,"83.27139,28.35288","Landslide at Balghas , Dhorpatan Municipality-4",True,True,other,84,13
73673,2024-08-06,28.09848,83.31058,"83.31058,28.09848","Landslide at Bisauna , Resunga Municipality-14",True,True,other,90,13
73677,2024-08-04,29.7171,81.15534,"81.15534,29.7171","Landslide at Tuti , Surma Rural Municipality-1",True,True,other,38,1
73678,2024-08-06,27.67726,85.7069,"85.7069,27.67726",Landslide at Chautara SangachokGadhi Municipality-11,True,True,other,3,13
73680,2024-08-06,27.00791,87.36671,"87.36671,27.00791","Landslide at Arkhole, Dhankuta Municipality-2",True,True,other,53,13
73681,2024-08-06,28.23883,83.60925,"83.60925,28.23883","Landslide at Dablyang , Baglung Municipality-10",True,True,other,4,13
73682,2024-08-06,27.15572,86.7091,"86.7091,27.15572","Landslide at Baksila , Halesi Tuwachung Municipality-11",True,True,other,68,13
73683,2024-08-05,27.53685,86.18811,"86.18811,27.53685","Landslide at Kharsubayan , Gokulganga Rural Municipality-4",True,True,other,49,6
73684,2024-08-06,27.69912,85.37856,"85.37856,27.69912","Landslide at Basbari Drinking Water Office, Kageshwori Manahora Municipality-9",True,True,other,61,13
73686,2024-08-06,27.69912,85.37856,"85.37856,27.69912","Landslide at Chiplegauda Chowk , Kageshwori Manahora Municipality-9",True,True,other,61,13
73687,2024-08-06,27.67418,85.44123,"85.44123,27.67418","Landslide at Nagarkot , Bhaktapur Municipality-9",True,True,other,31,13
73688,2024-08-06,27.69912,85.37856,"85.37856,27.69912","Landslide at Manbahadur Marga , Kageshwori Manahora Municipality-9",True,True,other,61,13
73689,2024-08-05,29.5579,81.49045,"81.49045,29.5579","Landslide at Gadada  Tole , Gaumul Rural Municipality-1",True,True,other,57,6
73690,2024-08-06,28.26923,83.12227,"83.12227,28.26923","Landslide at Aarupata, Badigad Rural Municipality-10",True,True,other,3,13
73691,2024-08-06,28.35288,83.27139,"83.27139,28.35288","Landslide at Darling Kabhrakharka , Dhorpatan Municipality-4",True,True,other,84,13
73692,2024-08-05,27.33592,86.44629,"86.44629,27.33592","Landslide at Sisneri , Molung Rural Municipality-1",True,True,other,71,6
73693,2024-08-05,27.33592,86.44629,"86.44629,27.33592","Landslide at Bharyang , Molung Rural Municipality-1",True,True,other,71,6
73697,2024-08-07,28.09848,83.31058,"83.31058,28.09848","Landslide at Darling , Resunga Municipality-14",True,True,other,90,11
73702,2024-08-07,29.7171,81.15534,"81.15534,29.7171","Landslide at Panalta , Surma Rural Municipality-1",True,True,other,38,11
73705,2024-08-07,27.54796,85.33968,"85.33968,27.54796","Landslide at Guna Cinema Hall , Konjyosom Rural Municipality-4",True,True,other,105,11
73706,2024-08-07,28.32432,82.65523,"82.65523,28.32432","Landslide at Khasre, Rolpa Municipality-10",True,True,other,149,11
73708,2024-08-06,27.33592,86.44629,"86.44629,27.33592","Landslide at Salpu , Molung Rural Municipality-1",True,True,other,71,13
73716,2024-08-07,27.15572,86.7091,"86.7091,27.15572","Landslide at Bamrang , Halesi Tuwachung Municipality-11",True,True,other,68,11
73718,2024-08-07,27.00791,87.36671,"87.36671,27.00791","Landslide at Dhode , Dhankuta Municipality-2",True,True,other,53,11
73719,2024-08-07,27.72488,86.68194,"86.68194,27.72488","Landslide at Patlekharka , Khumbupasanglahmu Rural Municipality-3",True,True,other,88,11
73725,2024-08-07,26.93279,86.66463,"86.66463,26.93279","Landslide at Ramite , Rautamai Rural Municipality-7",True,True,other,31,11
73727,2024-08-07,27.33592,86.44629,"86.44629,27.33592","Landslide at Balkhu , Molung Rural Municipality-1",True,True,other,71,11
73728,2024-08-07,27.60988,87.82613,"87.82613,27.60988",Landslide at Phaktanglung Rural Municipality-6,True,True,other,148,11
73741,2024-08-07,29.7171,81.15534,"81.15534,29.7171",Landslide at Surma Rural Municipality-1,True,True,other,38,11
73744,2024-08-08,27.00791,87.36671,"87.36671,27.00791","Landslide at Pakhribas , Dhankuta Municipality-2",True,True,other,53,2
73745,2024-08-08,27.00791,87.36671,"87.36671,27.00791","Landslide at Manbene Dhode , Dhankuta Municipality-2",True,True,other,53,2
73758,2024-08-10,28.54637,83.48729,"83.48729,28.54637","Landslide at Katunje , Raghuganga Rural Municipality-8",True,True,other,128,6
73760,2024-08-10,29.5579,81.49045,"81.49045,29.5579","Landslide at Baudi-Thiku , Gaumul Rural Municipality-1",True,True,other,57,6
73765,2024-08-10,29.21277,83.03833,"83.03833,29.21277","Landslide at Narku , Shey Phoksundo Rural Municipality-99",True,True,other,32,6
73766,2024-08-10,28.32432,82.65523,"82.65523,28.32432","Landslide at Chapka , Rolpa Municipality-10",True,True,other,149,6
73769,2024-08-11,27.82173,83.63419,"83.63419,27.82173","Landslide at Chandithan , Mathagadhi Rural Municipality-1",True,True,other,79,11
73771,2024-08-11,29.50844,80.57647,"80.57647,29.50844","Landslide at Badaukhola , Surnaya Rural Municipality-5",True,True,other,73,11
73772,2024-08-10,27.60988,87.82613,"87.82613,27.60988","Landslide at Tellabung Pakha Gaau , Phaktanglung Rural Municipality-6",True,True,other,148,6
73773,2024-08-11,27.70769,85.3338,"85.3338,27.70769","Landslide at Gyaneshwor , Kathmandu Metropolitan City-30",True,True,other,1,11
73774,2024-08-11,27.69912,85.37856,"85.37856,27.69912","Landslide at Dhapasi , Kageshwori Manahora Municipality-9",True,True,other,61,11
73780,2024-08-11,28.6228,82.4129,"82.4129,28.6228","Landslide at Kaphalbot , Musikot Municipality-13",True,True,other,2,11
73781,2024-08-11,26.93279,86.66463,"86.66463,26.93279","Landslide at Baseri , Rautamai Rural Municipality-7",True,True,other,31,11
73782,2024-08-11,27.33592,86.44629,"86.44629,27.33592","Landslide at Bigutar , Molung Rural Municipality-1",True,True,other,71,11
73786,2024-08-11,27.64748,85.30997,"85.30997,27.64748","Landslide at Nakkhudole , Lalitpur Metropolitan City-25",True,True,other,2,11
73790,2024-08-10,28.1755,85.46091,"85.46091,28.1755","Landslide at Jongthali Danda , Gosaikunda Rural Municipality-4",True,True,other,53,6
73791,2024-08-11,28.54637,83.48729,"83.48729,28.54637",Landslide at Raghuganga Rural Municipality-8,True,True,other,128,11
73797,2024-08-12,27.68739,84.06217,"84.06217,27.68739","Landslide at Daunne , Hupsekot Rural Municipality-4",True,True,other,23,5
73800,2024-08-12,27.33592,86.44629,"86.44629,27.33592","Landslide at Jyamire, Molung Rural Municipality-1",True,True,other,71,5
73803,2024-08-12,28.4,82.09154,"82.09154,28.4","Landslide at Karagaau , Sharada Municipality-9",True,True,other,45,5
73804,2024-08-11,28.1755,85.46091,"85.46091,28.1755","Landslide at Bhorle Buspark , Gosaikunda Rural Municipality-4",True,True,other,53,11
73805,2024-08-12,28.73884,82.46045,"82.46045,28.73884","Landslide at Jhija , Banfikot Rural Municipality-6",True,True,other,44,5
73807,2024-08-12,29.7171,81.15534,"81.15534,29.7171","Landslide at Silangi , Surma Rural Municipality-1",True,True,other,38,5
73809,2024-08-13,29.92362,80.73694,"80.73694,29.92362","Landslide at Dumling Ghattekhola , Apihimal Rural Municipality-6",True,True,other,48,10
73811,2024-08-13,28.4,82.09154,"82.09154,28.4","Landslide at Khalanga , Sharada Municipality-9",True,True,other,45,10
73815,2024-08-13,27.08412,86.39622,"86.39622,27.08412","Landslide at Hardeni , Katari Municipality-11",True,True,other,7,10
73816,2024-08-11,27.42044,86.58843,"86.58843,27.42044","Landslide at Salme , Nechasalyan Rural Municipality-6",True,True,other,18,11
73822,2024-08-13,27.69912,85.37856,"85.37856,27.69912","Landslide at Manakamana Tole , Kageshwori Manahora Municipality-9",True,True,other,61,10
73834,2024-08-13,27.33592,86.44629,"86.44629,27.33592","Landslide at Rawa , Molung Rural Municipality-1",True,True,other,71,10
73837,2024-08-14,26.61037,87.46726,"87.46726,26.61037","Landslide at Kerabari-Okhre, Belbari Municipality-8",True,True,other,5,2
73842,2024-08-13,27.60988,87.82613,"87.82613,27.60988","Landslide at Itahari , Phaktanglung Rural Municipality-6",True,True,other,148,10
73844,2024-08-09,29.21559,81.74506,"81.74506,29.21559",Landslide at Pachaljharana Rural Municipality-3,True,True,other,81,1
73845,2024-08-13,27.60988,87.82613,"87.82613,27.60988","Landslide at Pakhebari , Phaktanglung Rural Municipality-6",True,True,other,148,10
73846,2024-08-13,29.21559,81.74506,"81.74506,29.21559",Landslide at Pachaljharana Rural Municipality-3,True,True,other,81,10
73847,2024-08-13,27.33592,86.44629,"86.44629,27.33592","Landslide at Saunera Lipukhola , Molung Rural Municipality-1",True,True,other,71,10
73849,2024-08-13,27.60988,87.82613,"87.82613,27.60988","Landslide at Bhote Gaau , Phaktanglung Rural Municipality-6",True,True,other,148,10
73856,2024-08-14,27.33592,86.44629,"86.44629,27.33592","Landslide at Aash Bahadur Rai , Molung Rural Municipality-1",True,True,other,71,2
73857,2024-08-15,27.00791,87.36671,"87.36671,27.00791","Landslide at Malbase , Dhankuta Municipality-2",True,True,other,53,9
73861,2024-08-15,27.15572,86.7091,"86.7091,27.15572",Landslide at Halesi Tuwachung Municipality-11,True,True,other,68,9
73863,2024-08-15,27.38688,87.21569,"87.21569,27.38688","Landslide at Haitar , Khandbari Municipality-7",True,True,other,104,9
73865,2024-08-15,27.14773,87.78498,"87.78498,27.14773",Landslide at Phidim Municipality-11,True,True,other,83,9
73867,2024-08-15,27.13741,87.5752,"87.5752,27.13741",Landslide at Phedap Rural Municipality-3,True,True,other,53,9
73871,2024-08-15,27.17377,87.09084,"87.09084,27.17377","Landslide at Dumma , Bhojpur Municipality-11",True,True,other,65,9
73875,2024-08-15,28.32432,82.65523,"82.65523,28.32432","Landslide at Uma , Rolpa Municipality-10",True,True,other,149,9
73880,2024-08-16,27.72488,86.68194,"86.68194,27.72488","Landslide at Kartike , Khumbupasanglahmu Rural Municipality-3",True,True,other,88,5
73881,2024-08-16,27.72488,86.68194,"86.68194,27.72488","Landslide at Ramche , Khumbupasanglahmu Rural Municipality-3",True,True,other,88,5
73883,2024-08-15,27.17377,87.09084,"87.09084,27.17377","Landslide at Chiurebote , Bhojpur Municipality-11",True,True,other,65,9
73887,2024-08-15,27.14773,87.78498,"87.78498,27.14773","Landslide at Kerabari , Phidim Municipality-11",True,True,other,83,9
73888,2024-08-16,27.14773,87.78498,"87.78498,27.14773","Landslide at Lumbadin , Phidim Municipality-11",True,True,other,83,5
73890,2024-08-17,27.60988,87.82613,"87.82613,27.60988",Landslide at Phaktanglung Rural Municipality-6,True,True,other,148,1
73893,2024-08-16,27.33592,86.44629,"86.44629,27.33592","Landslide at Ubu , Molung Rural Municipality-1",True,True,other,71,5
73897,2024-08-16,27.33592,86.44629,"86.44629,27.33592","Landslide at Palapu , Molung Rural Municipality-1",True,True,other,71,5
73901,2024-08-18,28.32432,82.65523,"82.65523,28.32432","Landslide at Mulpani , Rolpa Municipality-10",True,True,other,149,11
73910,2024-08-18,27.33592,86.44629,"86.44629,27.33592","Landslide at Taluwa Bhorle , Molung Rural Municipality-1",True,True,other,71,11
73914,2024-08-18,27.69912,85.37856,"85.37856,27.69912","Landslide at Bidari Magar Gaau , Kageshwori Manahora Municipality-9",True,True,other,61,11
73916,2024-08-18,28.1755,85.46091,"85.46091,28.1755","Landslide at Naubise , Gosaikunda Rural Municipality-4",True,True,other,53,11
73920,2024-08-18,28.88537,81.67138,"81.67138,28.88537","Landslide at Rakam Bajar , Mahabu Rural Municipality-2",True,True,other,26,11
73923,2024-08-18,28.32432,82.65523,"82.65523,28.32432","Landslide at Silwali , Rolpa Municipality-10",True,True,other,149,11
73924,2024-08-18,28.32432,82.65523,"82.65523,28.32432","Landslide at Thumpaki , Rolpa Municipality-10",True,True,other,149,11
73933,2024-08-19,29.58195,80.8341,"80.8341,29.58195","Landslide at Tumeda , Bungal Municipality-10",True,True,other,1,6
73937,2024-08-18,28.88537,81.67138,"81.67138,28.88537",Landslide at Mahabu Rural Municipality-2,True,True,other,26,11
73939,2024-08-18,28.32432,82.65523,"82.65523,28.32432","Landslide at Yari , Rolpa Municipality-10",True,True,other,149,11
73941,2024-08-18,27.69912,85.37856,"85.37856,27.69912","Landslide at Maharajganj , Kageshwori Manahora Municipality-9",True,True,other,61,11
73951,2024-08-19,28.86981,82.19935,"82.19935,28.86981","Landslide at Dandagaau , Kuse Rural Municipality-7",True,True,other,66,6
73953,2024-08-19,27.92448,85.24446,"85.24446,27.92448","Landslide at Ranipauwa Tallobazar , Suryagadhi Rural Municipality-4",True,True,other,94,6
73956,2024-08-18,29.32238,81.27281,"81.27281,29.32238","Landslide at  Badeda , Budhiganga Municipality-10",True,True,other,2,11
73957,2024-08-19,27.90711,85.75568,"85.75568,27.90711","Landslide at Baskharka , Jugal Rural Municipality-2",True,True,other,86,6
73963,2024-08-19,27.15572,86.7091,"86.7091,27.15572","Landslide at Gilkha , Halesi Tuwachung Municipality-11",True,True,other,68,6
73965,2024-08-19,27.67418,85.44123,"85.44123,27.67418","Landslide at Telkot , Bhaktapur Municipality-9",True,True,other,31,6
73968,2024-08-20,27.76969,85.79306,"85.79306,27.76969",Landslide at Balefi Rural Municipality-4,True,True,other,1,10
73969,2024-08-20,27.82173,83.63419,"83.63419,27.82173","Landslide at Mathillo Siddhababa, Mathagadhi Rural Municipality-1",True,True,nepal_police,79,10
73970,2024-08-20,28.41264,83.58614,"83.58614,28.41264","Landslide at Upallo Baisari, Raghuganga Rural Municipality-2",True,True,nepal_police,6,10
73972,2024-08-20,27.80337,83.15273,"83.15273,27.80337","Landslide at Bhangala, Sitganga Municipality-13",True,True,nepal_police,2,10
73979,2024-08-20,28.25573,85.33342,"85.33342,28.25573","Landslide at Rasuwagadhi , Gosaikunda Rural Municipality-1",True,True,other,3,10
73982,2024-08-20,29.92362,80.73694,"80.73694,29.92362","Landslide at Sirad , Apihimal Rural Municipality-6",True,True,other,48,10
73984,2024-08-20,28.1203,82.85541,"82.85541,28.1203","Landslide at Kurtiwang Ligha , Pyuthan Municipality-7",True,True,other,60,10
73986,2024-08-20,27.93572,84.24996,"84.24996,27.93572","Landslide at Katanchhap , Rhishing Rural Municipality-1",True,True,other,54,10
73994,2024-08-20,27.13741,87.5752,"87.5752,27.13741","Landslide at Samdu , Phedap Rural Municipality-3",True,True,other,53,10
73995,2024-08-20,28.05026,83.73811,"83.73811,28.05026","Landslide at Jayapate , Bhirkot Municipality-8",True,True,other,56,10
73998,2024-08-21,29.7171,81.15534,"81.15534,29.7171","Landslide at Sainedi , Surma Rural Municipality-1",True,True,other,38,9
74001,2024-08-21,27.13741,87.5752,"87.5752,27.13741","Landslide at Old Village , Phedap Rural Municipality-3",True,True,other,53,9
74002,2024-08-21,27.13741,87.5752,"87.5752,27.13741","Landslide at Khamlalung , Phedap Rural Municipality-3",True,True,other,53,9
74007,2024-08-21,27.00791,87.36671,"87.36671,27.00791","Landslide at Mathillo Khalde , Dhankuta Municipality-2",True,True,other,53,9
74014,2024-08-21,27.77921,84.48542,"84.48542,27.77921","Landslide at Mugling Narayangadh Road Section 17 Kilo, Bharatpur Metropolitan City-29",True,True,other,23,9
74016,2024-08-21,27.69912,85.37856,"85.37856,27.69912","Landslide at Ratemate, Kageshwori Manahora Municipality-9",True,True,other,61,9
74018,2024-08-21,27.13741,87.5752,"87.5752,27.13741","Landslide at Sadakpur , Phedap Rural Municipality-3",True,True,other,53,9
74025,2024-08-21,27.38688,87.21569,"87.21569,27.38688","Landslide at Bala Chirkhuwa , Khandbari Municipality-7",True,True,other,104,9
74033,2024-08-21,27.67418,85.44123,"85.44123,27.67418","Landslide at Tathali Gothalechaur , Bhaktapur Municipality-9",True,True,other,31,9
74043,2024-08-22,29.7171,81.15534,"81.15534,29.7171","Landslide at Ballekh , Surma Rural Municipality-1",True,True,other,38,8
74045,2024-08-22,27.33592,86.44629,"86.44629,27.33592","Landslide at Tekanpur , Molung Rural Municipality-1",True,True,other,71,8
74047,2024-08-22,27.33592,86.44629,"86.44629,27.33592","Landslide at Champadevi Kakani Temple , Molung Rural Municipality-1",True,True,other,71,8
74048,2024-08-22,27.54493,85.63649,"85.63649,27.54493","Landslide at Charsayabesi , Namobuddha Municipality-7",True,True,other,59,8
74049,2024-08-22,28.1755,85.46091,"85.46091,28.1755","Landslide at Grang , Gosaikunda Rural Municipality-4",True,True,other,53,8
74055,2024-08-22,28.1755,85.46091,"85.46091,28.1755","Landslide at Rimche , Gosaikunda Rural Municipality-4",True,True,other,53,8
74064,2024-08-22,26.88507,87.89616,"87.89616,26.88507","Landslide at Tapewa , Illam Municipality-12",True,True,other,71,8
74072,2024-08-23,27.33592,86.44629,"86.44629,27.33592","Landslide at Soureni , Molung Rural Municipality-1",True,True,other,71,1
74078,2024-08-22,27.00791,87.36671,"87.36671,27.00791","Landslide at Okhre , Dhankuta Municipality-2",True,True,other,53,8
74092,2024-08-25,27.53685,86.18811,"86.18811,27.53685","Landslide at Lekhkharka , Gokulganga Rural Municipality-4",True,True,other,49,6
74113,2024-08-24,27.60988,87.82613,"87.82613,27.60988","Landslide at Jaubari , Phaktanglung Rural Municipality-6",True,True,other,148,3
74115,2024-08-24,27.60988,87.82613,"87.82613,27.60988","Landslide at Khundruke , Phaktanglung Rural Municipality-6",True,True,other,148,3
74119,2024-08-24,28.54637,83.48729,"83.48729,28.54637","Landslide at Thado Banda , Raghuganga Rural Municipality-8",True,True,other,128,3
74124,2024-08-25,28.54637,83.48729,"83.48729,28.54637","Landslide at Anandabagar , Raghuganga Rural Municipality-8",True,True,other,128,6
74130,2024-08-25,28.1203,82.85541,"82.85541,28.1203","Landslide at Naubhaini Ga. Pa. 3 and 4, Pyuthan Municipality-7",True,True,other,60,6
74133,2024-08-25,27.92448,85.24446,"85.24446,27.92448","Landslide at Okharpauwa , Suryagadhi Rural Municipality-4",True,True,other,94,6
74136,2024-08-25,27.60988,87.82613,"87.82613,27.60988","Landslide at Santhakra , Phaktanglung Rural Municipality-6",True,True,other,148,6
74154,2024-08-26,27.69912,85.37856,"85.37856,27.69912","Landslide at Chutraghari Chaimale , Kageshwori Manahora Municipality-9",True,True,other,61,2
74159,2024-08-25,27.92448,85.24446,"85.24446,27.92448","Landslide at Ratoswara , Suryagadhi Rural Municipality-4",True,True,other,94,6
74166,2024-08-26,27.5929,85.7105,"85.7105,27.5929","Landslide at Debithan , Panchkhal Municipality-13",True,True,other,1,2
74167,2024-08-27,27.69912,85.37856,"85.37856,27.69912","Landslide at Chutraghari Chaimale , Kageshwori Manahora Municipality-9",True,True,other,61,1
74186,2024-08-28,29.21559,81.74506,"81.74506,29.21559","Landslide at Dahi Khola , Pachaljharana Rural Municipality-3",True,True,other,81,1
74204,2024-08-30,29.5579,81.49045,"81.49045,29.5579","Landslide at Rumdi , Gaumul Rural Municipality-1",True,True,other,57,1
74224,2024-09-01,27.69912,85.37856,"85.37856,27.69912","Landslide at Ishan Bal Hospital , Kageshwori Manahora Municipality-9",True,True,other,61,5
74230,2024-09-01,28.73884,82.46045,"82.46045,28.73884","Landslide at Sahare , Banfikot Rural Municipality-6",True,True,other,44,5
74234,2024-09-01,27.18536,85.90753,"85.90753,27.18536","Landslide at Swara , Kamalamai Municipality-5",True,True,other,36,5
74239,2024-09-01,27.33592,86.44629,"86.44629,27.33592","Landslide at Charkhu Sauthe , Molung Rural Municipality-1",True,True,other,71,5
74247,2024-09-02,27.72488,86.68194,"86.68194,27.72488",Landslide at Khumbupasanglahmu Rural Municipality-3,True,True,other,88,3
74249,2024-09-02,29.50844,80.57647,"80.57647,29.50844","Landslide at Khaula Bajar , Surnaya Rural Municipality-5",True,True,other,73,3
74250,2024-09-01,29.50844,80.57647,"80.57647,29.50844","Landslide at Bisauna New - Basti , Surnaya Rural Municipality-5",True,True,other,73,5
74258,2024-09-03,27.69912,85.37856,"85.37856,27.69912","Landslide at Golphutar , Kageshwori Manahora Municipality-9",True,True,other,61,3
74263,2024-09-02,29.5579,81.49045,"81.49045,29.5579","Landslide at Basala , Gaumul Rural Municipality-1",True,True,other,57,3
74264,2024-09-03,27.14773,87.78498,"87.78498,27.14773","Landslide at Hangde , Phidim Municipality-11",True,True,other,83,3
74271,2024-09-03,28.1755,85.46091,"85.46091,28.1755","Landslide at Tatopani , Gosaikunda Rural Municipality-4",True,True,other,53,3
74277,2024-09-04,27.33592,86.44629,"86.44629,27.33592","Landslide at Khiji Bajar , Molung Rural Municipality-1",True,True,other,71,3
74290,2024-09-05,27.15572,86.7091,"86.7091,27.15572","Landslide at Radhamba , Halesi Tuwachung Municipality-11",True,True,other,68,7
74292,2024-09-04,27.15572,86.7091,"86.7091,27.15572","Landslide at Chapkharka , Halesi Tuwachung Municipality-11",True,True,other,68,3
74293,2024-09-05,27.72488,86.68194,"86.68194,27.72488","Landslide at Diyali , Khumbupasanglahmu Rural Municipality-3",True,True,other,88,7
74294,2024-09-05,27.15572,86.7091,"86.7091,27.15572",Landslide at Halesi Tuwachung Municipality-11,True,True,other,68,7
74295,2024-09-04,27.33592,86.44629,"86.44629,27.33592","Landslide at Katunje , Molung Rural Municipality-1",True,True,other,71,3
74296,2024-09-05,27.15572,86.7091,"86.7091,27.15572",Landslide at Halesi Tuwachung Municipality-11,True,True,other,68,7
74297,2024-09-05,27.15572,86.7091,"86.7091,27.15572","Landslide at Nerpa , Halesi Tuwachung Municipality-11",True,True,other,68,7
74298,2024-09-05,27.15572,86.7091,"86.7091,27.15572","Landslide at Sisne , Halesi Tuwachung Municipality-11",True,True,other,68,7
74306,2024-09-06,28.54637,83.48729,"83.48729,28.54637","Landslide at Pakhare, Raghuganga Rural Municipality-8",True,True,other,128,13
74307,2024-09-05,27.33592,86.44629,"86.44629,27.33592","Landslide at Thulachhap Keureni , Molung Rural Municipality-1",True,True,other,71,7
74308,2024-09-06,28.20331,84.1567,"84.1567,28.20331","Landslide at Lipepani , Madi Rural Municipality-12",True,True,other,2,13
74309,2024-09-06,27.9672,82.44665,"82.44665,27.9672","Landslide at Lamidar , Ghorahi Submetropolitan City-5",True,True,other,14,13
74310,2024-09-06,27.42044,86.58843,"86.58843,27.42044","Landslide at Baspura , Nechasalyan Rural Municipality-6",True,True,other,18,13
74312,2024-09-06,27.00791,87.36671,"87.36671,27.00791","Landslide at Lingeshwori , Dhankuta Municipality-2",True,True,other,53,13
74313,2024-09-06,27.68464,85.26966,"85.26966,27.68464","Landslide at Tinthana Bishnudevi Temple , Chandragiri Municipality-15",True,True,other,2,13
74315,2024-09-06,28.54637,83.48729,"83.48729,28.54637","Landslide at Khawang , Raghuganga Rural Municipality-8",True,True,other,128,13
74316,2024-09-06,28.35288,83.27139,"83.27139,28.35288","Landslide at Dhiri Syala , Dhorpatan Municipality-4",True,True,other,84,13
74319,2024-09-06,27.15572,86.7091,"86.7091,27.15572","Landslide at Chokhane , Halesi Tuwachung Municipality-11",True,True,other,68,13
74320,2024-09-06,27.15572,86.7091,"86.7091,27.15572",Landslide at Halesi Tuwachung Municipality-11,True,True,other,68,13
74321,2024-09-06,28.73884,82.46045,"82.46045,28.73884","Landslide at Patukhola , Banfikot Rural Municipality-6",True,True,other,44,13
74329,2024-09-06,27.09703,86.76385,"86.76385,27.09703","Landslide at Yangshok , Diprung Chuichumma Rural Municipality-3",True,True,other,2,13
74336,2024-09-07,29.18116,80.84086,"80.84086,29.18116","Landslide at Aagar , Shikhar Municipality-2",True,True,other,35,2
74337,2024-09-07,28.86981,82.19935,"82.19935,28.86981","Landslide at Tallo Tole Dhum , Kuse Rural Municipality-7",True,True,other,66,2
74349,2024-09-06,27.13741,87.5752,"87.5752,27.13741","Landslide at Maatigaau , Phedap Rural Municipality-3",True,True,other,53,13
74386,2024-09-12,28.08233,82.31709,"82.31709,28.08233","Landslide at Phachkalawa, Tulsipur Submetropolitan City-16",True,True,other,1,3
74389,2024-09-12,29.18116,80.84086,"80.84086,29.18116","Landslide at Kuntada , Shikhar Municipality-2",True,True,other,35,3
74394,2024-09-12,27.72488,86.68194,"86.68194,27.72488",Landslide at Khumbupasanglahmu Rural Municipality-3,True,True,other,88,3
74398,2024-09-13,29.18116,80.84086,"80.84086,29.18116",Landslide at Shikhar Municipality-2,True,True,other,35,12
74399,2024-09-13,29.18116,80.84086,"80.84086,29.18116","Landslide at Godada , Shikhar Municipality-2",True,True,other,35,12
74400,2024-09-13,29.20864,80.48616,"80.48616,29.20864","Landslide at Pujakot , Alital Rural Municipality-3",True,True,other,44,12
74402,2024-09-13,29.18116,80.84086,"80.84086,29.18116","Landslide at Bhatgaau , Shikhar Municipality-2",True,True,other,35,12
74408,2024-09-13,29.50844,80.57647,"80.57647,29.50844","Landslide at Hataranga , Surnaya Rural Municipality-5",True,True,other,73,12
74409,2024-09-13,29.50844,80.57647,"80.57647,29.50844",Landslide at Surnaya Rural Municipality-5,True,True,other,73,12
74413,2024-09-13,29.20864,80.48616,"80.48616,29.20864","Landslide at Ranidhara , Alital Rural Municipality-3",True,True,other,44,12
74428,2024-09-13,28.88537,81.67138,"81.67138,28.88537",Landslide at Mahabu Rural Municipality-2,True,True,other,26,12
74432,2024-09-13,29.18116,80.84086,"80.84086,29.18116","Landslide at Nakurada , Shikhar Municipality-2",True,True,other,35,12
74433,2024-09-13,29.18116,80.84086,"80.84086,29.18116","Landslide at Garadigaau , Shikhar Municipality-2",True,True,other,35,12
74434,2024-09-13,29.18116,80.84086,"80.84086,29.18116","Landslide at Chokhalgaau , Shikhar Municipality-2",True,True,other,35,12
74441,2024-09-15,27.81183,84.54786,"84.54786,27.81183","Landslide at Narayangadh Mugling Road Section. , Ichchhyakamana Rural Municipality-6",True,True,other,16,4
74442,2024-09-15,27.69912,85.37856,"85.37856,27.69912","Landslide at Youtiki , Kageshwori Manahora Municipality-9",True,True,other,61,4
74443,2024-09-14,29.18116,80.84086,"80.84086,29.18116","Landslide at Kaphali , Shikhar Municipality-2",True,True,other,35,1
74446,2024-09-15,29.18116,80.84086,"80.84086,29.18116","Landslide at Kuntada Timle Tole , Shikhar Municipality-2",True,True,other,35,4
74449,2024-09-15,27.06108,86.37531,"86.37531,27.06108","Landslide at Khaniyakhola Gaau , Katari Municipality-12",True,True,other,4,4
74450,2024-09-13,29.18116,80.84086,"80.84086,29.18116","Landslide at Junetha Gothali , Shikhar Municipality-2",True,True,other,35,12
74456,2024-09-16,27.60988,87.82613,"87.82613,27.60988","Landslide at Khesewa , Phaktanglung Rural Municipality-6",True,True,other,148,1
74465,2024-09-17,27.72488,86.68194,"86.68194,27.72488",Landslide at Khumbupasanglahmu Rural Municipality-3,True,True,other,88,1
74469,2024-09-18,29.5579,81.49045,"81.49045,29.5579","Landslide at Dagatadi , Gaumul Rural Municipality-1",True,True,other,57,1
74559,2024-09-26,28.86981,82.19935,"82.19935,28.86981","Landslide at Debal Tole , Kuse Rural Municipality-7",True,True,other,66,3
74560,2024-09-25,29.50844,80.57647,"80.57647,29.50844","Landslide at Jokhalli , Surnaya Rural Municipality-5",True,True,other,73,1
74565,2024-09-26,28.00638,84.94688,"84.94688,28.00638","Landslide at Chiraudi , Netrawati Dabjong Rural Municipality-1",True,True,other,86,3
74568,2024-09-26,26.88507,87.89616,"87.89616,26.88507","Landslide at Gauri , Illam Municipality-12",True,True,other,71,3
74572,2024-09-27,27.00791,87.36671,"87.36671,27.00791","Landslide at Majhi Gaau , Dhankuta Municipality-2",True,True,other,53,22
74576,2024-09-27,27.68464,85.26966,"85.26966,27.68464","Landslide at Tinthana , Chandragiri Municipality-15",True,True,other,2,22
74582,2024-09-27,27.14773,87.78498,"87.78498,27.14773","Landslide at Lamphabung , Phidim Municipality-11",True,True,other,83,22
74587,2024-09-27,27.54493,85.63649,"85.63649,27.54493","Landslide at Chyalti , Namobuddha Municipality-7",True,True,other,59,22
74590,2024-09-28,28.00638,84.94688,"84.94688,28.00638","Landslide at Jhyaplekhola , Netrawati Dabjong Rural Municipality-1",True,True,other,86,167
74597,2024-09-28,27.00791,87.36671,"87.36671,27.00791","Landslide at Guranse Devithan , Dhankuta Municipality-2",True,True,other,53,167
74599,2024-09-27,28.00638,84.94688,"84.94688,28.00638","Landslide at Gumba Danda , Netrawati Dabjong Rural Municipality-1",True,True,other,86,22
74600,2024-09-28,27.14773,87.78498,"87.78498,27.14773","Landslide at Chisapani , Phidim Municipality-11",True,True,other,83,167
74601,2024-09-28,27.68364,85.32327,"85.32327,27.68364","Landslide at Takhel , Lalitpur Metropolitan City-10",True,True,other,1,167
74606,2024-09-27,26.88507,87.89616,"87.89616,26.88507",Landslide at Illam Municipality-12,True,True,other,71,22
74625,2024-09-27,27.16275,87.03122,"87.03122,27.16275",Landslide at Bhojpur Municipality-6,True,True,other,1,22
74627,2024-09-27,27.69912,85.37856,"85.37856,27.69912","Landslide at Sanimahal , Kageshwori Manahora Municipality-9",True,True,other,61,22
74638,2024-09-27,27.34425,86.27221,"86.27221,27.34425","Landslide at Raniban , Champadevi Rural Municipality-10",True,True,other,1,22
74643,2024-09-27,26.88507,87.89616,"87.89616,26.88507","Landslide at Maidane , Illam Municipality-12",True,True,other,71,22
74645,2024-09-27,27.6211,85.30295,"85.30295,27.6211","Landslide at Bumati Buspark , Lalitpur Metropolitan City-22",True,True,other,1,22
74650,2024-09-28,27.55077,85.73038,"85.73038,27.55077",Landslide at Temal Rural Municipality-2,True,True,other,2,167
74652,2024-09-28,27.55401,85.45803,"85.45803,27.55401","Landslide at Kolati , Panauti Municipality-12",True,True,other,4,167
74653,2024-09-28,27.62603,85.47907,"85.47907,27.62603","Landslide at Thalchowk , Banepa Municipality-14",True,True,other,3,167
74654,2024-09-28,28.00638,84.94688,"84.94688,28.00638","Landslide at Mahadevbesi Bajar , Netrawati Dabjong Rural Municipality-1",True,True,other,86,167
74655,2024-09-28,27.14773,87.78498,"87.78498,27.14773","Landslide at Sangebote , Phidim Municipality-11",True,True,other,83,167
74656,2024-09-28,27.54796,85.33968,"85.33968,27.54796",Landslide at Konjyosom Rural Municipality-4,True,True,other,105,167
74657,2024-09-28,27.54796,85.33968,"85.33968,27.54796","Landslide at Chunkhel , Konjyosom Rural Municipality-4",True,True,other,105,167
74658,2024-09-28,27.92448,85.24446,"85.24446,27.92448","Landslide at Keuripani , Suryagadhi Rural Municipality-4",True,True,other,94,167
74660,2024-09-28,27.00791,87.36671,"87.36671,27.00791","Landslide at Kalibhir , Dhankuta Municipality-2",True,True,other,53,167
74664,2024-09-28,27.00791,87.36671,"87.36671,27.00791","Landslide at Zeropoint , Dhankuta Municipality-2",True,True,other,53,167
74665,2024-09-28,27.00791,87.36671,"87.36671,27.00791","Landslide at Niraula Tole , Dhankuta Municipality-2",True,True,other,53,167
74667,2024-09-28,27.53685,86.18811,"86.18811,27.53685","Landslide at Jyamire, Gokulganga Rural Municipality-4",True,True,other,49,167
74668,2024-09-28,27.90711,85.75568,"85.75568,27.90711",Landslide at Jugal Rural Municipality-2,True,True,other,86,167
74669,2024-09-28,27.4427,85.08797,"85.08797,27.4427","Landslide at Tekar , Makawanpurgadhi Rural Municipality-5",True,True,other,52,167
74670,2024-09-28,27.54493,85.63649,"85.63649,27.54493","Landslide at Khatrigaau , Namobuddha Municipality-7",True,True,other,59,167
74671,2024-09-28,27.54493,85.63649,"85.63649,27.54493","Landslide at Shyampati , Namobuddha Municipality-7",True,True,other,59,167
74672,2024-09-28,27.54796,85.33968,"85.33968,27.54796","Landslide at Mathillo Gotikhel , Konjyosom Rural Municipality-4",True,True,other,105,167
74673,2024-09-28,27.64748,85.30997,"85.30997,27.64748","Landslide at Talim Kendra , Lalitpur Metropolitan City-25",True,True,other,2,167
74675,2024-09-28,27.28599,86.8135,"86.8135,27.28599","Landslide at Hurlang , Diktel Rupakot Majhuwagadhi Municipality-11",True,True,other,1,167
74676,2024-09-28,27.15572,86.7091,"86.7091,27.15572","Landslide at Khutta , Halesi Tuwachung Municipality-11",True,True,other,68,167
74677,2024-09-28,27.54796,85.33968,"85.33968,27.54796",Landslide at Konjyosom Rural Municipality-4,True,True,other,105,167
74678,2024-09-28,27.90711,85.75568,"85.75568,27.90711","Landslide at Baphal , Jugal Rural Municipality-2",True,True,other,86,167
74679,2024-09-28,27.13741,87.5752,"87.5752,27.13741","Landslide at Roteping Danda , Phedap Rural Municipality-3",True,True,other,53,167
74680,2024-09-28,27.67418,85.44123,"85.44123,27.67418","Landslide at Gundu Dhobikhola , Bhaktapur Municipality-9",True,True,other,31,167
74681,2024-09-28,28.09848,83.31058,"83.31058,28.09848","Landslide at Dumaikhola , Resunga Municipality-14",True,True,other,90,167
74683,2024-09-28,27.4427,85.08797,"85.08797,27.4427","Landslide at Lekhpandrang , Makawanpurgadhi Rural Municipality-5",True,True,other,52,167
74688,2024-09-27,27.13741,87.5752,"87.5752,27.13741",Landslide at Phedap Rural Municipality-3,True,True,other,53,22
74689,2024-09-28,27.69912,85.37856,"85.37856,27.69912","Landslide at Masine , Kageshwori Manahora Municipality-9",True,True,other,61,167
74690,2024-09-28,27.54493,85.63649,"85.63649,27.54493","Landslide at Thare , Namobuddha Municipality-7",True,True,other,59,167
74691,2024-09-28,27.90711,85.75568,"85.75568,27.90711","Landslide at Larcha , Jugal Rural Municipality-2",True,True,other,86,167
74692,2024-09-28,27.00791,87.36671,"87.36671,27.00791",Landslide at Dhankuta Municipality-2,True,True,other,53,167
74693,2024-09-28,27.63481,85.50979,"85.50979,27.63481",Landslide at Banepa Municipality-10,True,True,other,1,167
74699,2024-09-28,27.93572,84.24996,"84.24996,27.93572","Landslide at Chisapani , Rhishing Rural Municipality-1",True,True,other,54,167
74700,2024-09-28,27.18536,85.90753,"85.90753,27.18536","Landslide at Nepalthok , Kamalamai Municipality-5",True,True,other,36,167
74702,2024-09-28,27.13741,87.5752,"87.5752,27.13741","Landslide at Panchakanya , Phedap Rural Municipality-3",True,True,other,53,167
74706,2024-09-28,27.17377,87.09084,"87.09084,27.17377","Landslide at Gairi Gaau , Bhojpur Municipality-11",True,True,other,65,167
74707,2024-09-28,27.93572,84.24996,"84.24996,27.93572","Landslide at Milanchowk , Rhishing Rural Municipality-1",True,True,other,54,167
74708,2024-09-28,28.32432,82.65523,"82.65523,28.32432","Landslide at Dharamkhola , Rolpa Municipality-10",True,True,other,149,167
74709,2024-09-28,28.32432,82.65523,"82.65523,28.32432","Landslide at Budhagaau , Rolpa Municipality-10",True,True,other,149,167
74710,2024-09-28,26.88507,87.89616,"87.89616,26.88507","Landslide at Dharmadwar , Illam Municipality-12",True,True,other,71,167
74713,2024-09-28,27.54493,85.63649,"85.63649,27.54493","Landslide at Darimbot, Namobuddha Municipality-7",True,True,other,59,167
74714,2024-09-28,28.00638,84.94688,"84.94688,28.00638","Landslide at Jhyaplekhola , Netrawati Dabjong Rural Municipality-1",True,True,other,86,167
74715,2024-09-28,27.47132,86.47515,"86.47515,27.47132","Landslide at Sailun, Solududhakunda Municipality-10",True,True,other,2,167
74719,2024-09-28,27.72488,86.68194,"86.68194,27.72488","Landslide at Chhebar Danda , Khumbupasanglahmu Rural Municipality-3",True,True,other,88,167
74720,2024-09-28,27.82349,86.22218,"86.22218,27.82349",Landslide at Bigu Rural Municipality-1,True,True,other,62,167
74721,2024-09-28,27.98567,86.18239,"86.18239,27.98567","Landslide at Lamabagar , Bigu Rural Municipality-1",True,True,other,3,167
74722,2024-09-28,27.59987,85.43875,"85.43875,27.59987","Landslide at Singe , Panauti Municipality-1",True,True,other,1,167
74723,2024-09-28,27.70281,85.65903,"85.65903,27.70281",Landslide at Mandandeupur Municipality-10,True,True,other,3,167
74724,2024-09-28,27.59323,85.5578,"85.5578,27.59323",Landslide at Dhulikhel Municipality-10,True,True,other,1,167
74725,2024-09-28,27.54493,85.63649,"85.63649,27.54493","Landslide at Bohore , Namobuddha Municipality-7",True,True,other,59,167
74726,2024-09-28,27.69912,85.37856,"85.37856,27.69912","Landslide at Makkhu Besi , Kageshwori Manahora Municipality-9",True,True,other,61,167
74727,2024-09-28,27.69912,85.37856,"85.37856,27.69912","Landslide at Talku , Kageshwori Manahora Municipality-9",True,True,other,61,167
74729,2024-09-27,27.14773,87.78498,"87.78498,27.14773","Landslide at Majite , Phidim Municipality-11",True,True,other,83,22
74730,2024-09-28,27.54796,85.33968,"85.33968,27.54796","Landslide at Sisneri Thakurigaau , Konjyosom Rural Municipality-4",True,True,other,105,167
74731,2024-09-28,27.54493,85.63649,"85.63649,27.54493","Landslide at Pale Tole , Namobuddha Municipality-7",True,True,other,59,167
74732,2024-09-28,27.67418,85.44123,"85.44123,27.67418","Landslide at Aashapuri Naichal , Bhaktapur Municipality-9",True,True,other,31,167
74734,2024-09-28,27.69912,85.37856,"85.37856,27.69912","Landslide at Ikshyangunarayan Temple , Kageshwori Manahora Municipality-9",True,True,other,61,167
74735,2024-09-28,27.54796,85.33968,"85.33968,27.54796","Landslide at Bhusel , Konjyosom Rural Municipality-4",True,True,other,105,167
74736,2024-09-28,27.56715,85.35064,"85.35064,27.56715","Landslide at Lele, Godawari_Lalitpur Municipality-5",True,True,other,1,167
74737,2024-09-28,27.5894,85.33132,"85.33132,27.5894","Landslide at Neupane Gaau , Godawari_Lalitpur Municipality-10",True,True,other,2,167
74738,2024-09-28,27.54796,85.33968,"85.33968,27.54796","Landslide at Dalchouki , Konjyosom Rural Municipality-4",True,True,other,105,167
74739,2024-09-28,27.54796,85.33968,"85.33968,27.54796","Landslide at Sakhadevi Nepal Chowk , Konjyosom Rural Municipality-4",True,True,other,105,167
74744,2024-09-28,27.54796,85.33968,"85.33968,27.54796","Landslide at Tikabhairab , Konjyosom Rural Municipality-4",True,True,other,105,167
74745,2024-09-28,27.54796,85.33968,"85.33968,27.54796","Landslide at Devichaur , Konjyosom Rural Municipality-4",True,True,other,105,167
74747,2024-09-27,26.96729,85.57183,"85.57183,26.96729","Landslide at Sakraul Tole , Haripur Municipality-3",True,True,other,4,22
74750,2024-09-28,28.00638,84.94688,"84.94688,28.00638","Landslide at Ghartigaau , Netrawati Dabjong Rural Municipality-1",True,True,other,86,167
74753,2024-09-28,27.4427,85.08797,"85.08797,27.4427","Landslide at Angare , Makawanpurgadhi Rural Municipality-5",True,True,other,52,167
74754,2024-09-28,28.00638,84.94688,"84.94688,28.00638","Landslide at Adamara , Netrawati Dabjong Rural Municipality-1",True,True,other,86,167
74755,2024-09-28,27.54493,85.63649,"85.63649,27.54493","Landslide at Lidekhola , Namobuddha Municipality-7",True,True,other,59,167
74756,2024-09-28,27.90711,85.75568,"85.75568,27.90711","Landslide at Aalung , Jugal Rural Municipality-2",True,True,other,86,167
74757,2024-09-28,27.13741,87.5752,"87.5752,27.13741","Landslide at Kopche Tole , Phedap Rural Municipality-3",True,True,other,53,167
74761,2024-09-28,27.53685,86.18811,"86.18811,27.53685","Landslide at Lakhanpur , Gokulganga Rural Municipality-4",True,True,other,49,167
74763,2024-09-28,27.86736,83.52912,"83.52912,27.86736","Landslide at Kailashnagar , Tansen Municipality-5",True,True,other,3,167
74768,2024-09-28,27.13741,87.5752,"87.5752,27.13741","Landslide at Tambung , Phedap Rural Municipality-3",True,True,other,53,167
74770,2024-09-28,27.13741,87.5752,"87.5752,27.13741",Landslide at Phedap Rural Municipality-3,True,True,other,53,167
74771,2024-09-28,28.4,82.09154,"82.09154,28.4",Landslide at Sharada Municipality-9,True,True,other,45,167
74772,2024-09-28,27.17377,87.09084,"87.09084,27.17377","Landslide at Sirise Pragati Tole , Bhojpur Municipality-11",True,True,other,65,167
74777,2024-09-28,27.72488,86.68194,"86.68194,27.72488",Landslide at Khumbupasanglahmu Rural Municipality-3,True,True,other,88,167
74779,2024-09-28,27.23591,86.43834,"86.43834,27.23591",Landslide at Manebhanjyang Rural Municipality-9,True,True,other,1,167
74780,2024-09-21,27.90711,85.75568,"85.75568,27.90711","Landslide at Kamaldanda, Jugal Rural Municipality-2",True,True,other,86,1
74781,2024-09-28,28.05026,83.73811,"83.73811,28.05026","Landslide at Padera , Bhirkot Municipality-8",True,True,other,56,167
74787,2024-09-28,28.27345,84.8101,"84.8101,28.27345",Landslide at Dharche Rural Municipality-5,True,True,other,82,167
74791,2024-09-28,27.00791,87.36671,"87.36671,27.00791",Landslide at Dhankuta Municipality-2,True,True,other,53,167
74793,2024-09-28,27.92448,85.24446,"85.24446,27.92448",Landslide at Suryagadhi Rural Municipality-4,True,True,other,94,167
74800,2024-09-28,27.00791,87.36671,"87.36671,27.00791",Landslide at Dhankuta Municipality-2,True,True,other,53,167
74802,2024-09-28,27.10083,86.44126,"86.44126,27.10083",Landslide at Katari Municipality-10,True,True,other,1,167
74803,2024-09-28,27.92448,85.24446,"85.24446,27.92448","Landslide at Taruka Check Post , Suryagadhi Rural Municipality-4",True,True,other,94,167
74809,2024-09-27,27.4427,85.08797,"85.08797,27.4427","Landslide at Sukkha Salleri , Makawanpurgadhi Rural Municipality-5",True,True,other,52,22
74810,2024-09-28,27.55401,85.45803,"85.45803,27.55401","Landslide at Kolati , Panauti Municipality-12",True,True,other,4,167
74811,2024-09-28,27.54493,85.63649,"85.63649,27.54493","Landslide at Durlungkhala , Namobuddha Municipality-7",True,True,other,59,167
74812,2024-09-28,27.54493,85.63649,"85.63649,27.54493","Landslide at Dariyal Pakha , Namobuddha Municipality-7",True,True,other,59,167
74815,2024-09-28,27.6809,85.64278,"85.64278,27.6809","Landslide at Bhatpol, Mandandeupur Municipality-11",True,True,other,2,167
74816,2024-09-30,27.54493,85.63649,"85.63649,27.54493","Landslide at Golkot , Namobuddha Municipality-7",True,True,other,59,3
74817,2024-09-28,27.54493,85.63649,"85.63649,27.54493","Landslide at Singhe, Namobuddha Municipality-7",True,True,other,59,167
74818,2024-09-28,27.54312,85.50831,"85.50831,27.54312","Landslide at Simle, Bethanchowk Rural Municipality-4",True,True,other,3,167
74819,2024-09-29,27.54493,85.63649,"85.63649,27.54493","Landslide at Moktan Tole , Namobuddha Municipality-7",True,True,other,59,19
74820,2024-09-28,27.54796,85.33968,"85.33968,27.54796","Landslide at Bhalukhola , Konjyosom Rural Municipality-4",True,True,other,105,167
74821,2024-09-28,27.54796,85.33968,"85.33968,27.54796","Landslide at Sisneri / Lubhu Khola , Konjyosom Rural Municipality-4",True,True,other,105,167
74822,2024-09-28,27.54796,85.33968,"85.33968,27.54796","Landslide at Ghusel , Konjyosom Rural Municipality-4",True,True,other,105,167
74824,2024-09-28,27.42044,86.58843,"86.58843,27.42044","Landslide at Salme , Nechasalyan Rural Municipality-6",True,True,other,18,167
74825,2024-09-28,27.55401,85.45803,"85.45803,27.55401",Landslide at Panauti Municipality-12,True,True,other,4,167
74826,2024-09-29,27.67418,85.44123,"85.44123,27.67418","Landslide at Naichal , Bhaktapur Municipality-9",True,True,other,31,19
74828,2024-09-28,27.54493,85.63649,"85.63649,27.54493","Landslide at Chalalganesh , Namobuddha Municipality-7",True,True,other,59,167
74830,2024-09-28,27.54493,85.63649,"85.63649,27.54493","Landslide at Dumbar , Namobuddha Municipality-7",True,True,other,59,167
74833,2024-09-28,27.82349,86.22218,"86.22218,27.82349","Landslide at Mangaau , Bigu Rural Municipality-1",True,True,other,62,167
74834,2024-09-28,27.54493,85.63649,"85.63649,27.54493","Landslide at Shikhar Aambote , Namobuddha Municipality-7",True,True,other,59,167
74835,2024-09-28,27.15572,86.7091,"86.7091,27.15572","Landslide at Sarki Gaau , Halesi Tuwachung Municipality-11",True,True,other,68,167
74836,2024-09-27,27.59934,85.60178,"85.60178,27.59934","Landslide at Danda Gaau , Dhulikhel Municipality-11",True,True,other,6,22
74843,2024-09-28,27.44987,85.22186,"85.22186,27.44987","Landslide at Simat , Bakaiya Rural Municipality-12",True,True,other,7,167
74845,2024-09-28,27.14773,87.78498,"87.78498,27.14773","Landslide at Bhote Gaau , Phidim Municipality-11",True,True,other,83,167
74848,2024-09-28,27.90711,85.75568,"85.75568,27.90711","Landslide at Chyane , Jugal Rural Municipality-2",True,True,other,86,167
74850,2024-09-28,27.54493,85.63649,"85.63649,27.54493","Landslide at Torikhuriya , Namobuddha Municipality-7",True,True,other,59,167
74851,2024-09-28,27.54493,85.63649,"85.63649,27.54493","Landslide at Sidarechaur , Namobuddha Municipality-7",True,True,other,59,167
74852,2024-09-28,27.54493,85.63649,"85.63649,27.54493","Landslide at Chalal Ganesh , Namobuddha Municipality-7",True,True,other,59,167
74854,2024-09-28,27.54646,85.54501,"85.54501,27.54646","Landslide at Thumki /Ladkepauwa , Panauti Municipality-11",True,True,other,1,167
74855,2024-09-30,27.33592,86.44629,"86.44629,27.33592","Landslide at Khanigaau , Molung Rural Municipality-1",True,True,other,71,3
74858,2024-09-29,27.54493,85.63649,"85.63649,27.54493","Landslide at Salla Phedimulkhola , Namobuddha Municipality-7",True,True,other,59,19
74859,2024-09-28,27.44672,85.72061,"85.72061,27.44672","Landslide at Balting , Roshi Rural Municipality-10",True,True,other,1,167
74860,2024-09-28,27.47254,85.71878,"85.71878,27.47254","Landslide at Rajbas , Roshi Rural Municipality-9",True,True,other,3,167
74861,2024-09-28,27.54493,85.63649,"85.63649,27.54493","Landslide at Patikharka , Namobuddha Municipality-7",True,True,other,59,167
74862,2024-09-28,27.67813,85.67712,"85.67712,27.67813","Landslide at Mandandeupur , Mandandeupur Municipality-12",True,True,other,1,167
74865,2024-09-28,27.54493,85.63649,"85.63649,27.54493","Landslide at Chalalganesh , Namobuddha Municipality-7",True,True,other,59,167
74866,2024-09-28,27.54796,85.33968,"85.33968,27.54796","Landslide at Manikhel Lakshyabas , Konjyosom Rural Municipality-4",True,True,other,105,167
74867,2024-09-28,27.54796,85.33968,"85.33968,27.54796","Landslide at Gotikhel Thosne , Konjyosom Rural Municipality-4",True,True,other,105,167
74869,2024-09-29,26.61037,87.46726,"87.46726,26.61037","Landslide at Sombare , Belbari Municipality-8",True,True,other,5,19
74872,2024-09-29,27.13741,87.5752,"87.5752,27.13741","Landslide at Newang , Phedap Rural Municipality-3",True,True,other,53,19
74873,2024-09-29,27.14773,87.78498,"87.78498,27.14773","Landslide at Jaibari , Phidim Municipality-11",True,True,other,83,19
74874,2024-09-28,27.54796,85.33968,"85.33968,27.54796","Landslide at Thosne Khola , Konjyosom Rural Municipality-4",True,True,other,105,167
74876,2024-09-28,27.14773,87.78498,"87.78498,27.14773","Landslide at Kholsapari , Phidim Municipality-11",True,True,other,83,167
74877,2024-09-28,26.93279,86.66463,"86.66463,26.93279","Landslide at Sisauli , Rautamai Rural Municipality-7",True,True,other,31,167
74882,2024-09-28,28.25573,85.33342,"85.33342,28.25573","Landslide at Thuman , Gosaikunda Rural Municipality-1",True,True,other,3,167
74889,2024-09-29,27.13741,87.5752,"87.5752,27.13741",Landslide at Phedap Rural Municipality-3,True,True,other,53,19
74890,2024-09-27,27.15572,86.7091,"86.7091,27.15572","Landslide at Damaku , Halesi Tuwachung Municipality-11",True,True,other,68,22
74893,2024-09-28,27.13744,86.7124,"86.7124,27.13744","Landslide at Sanne , Halesi Tuwachung Municipality-11",True,True,other,2,167
74894,2024-09-29,27.15572,86.7091,"86.7091,27.15572","Landslide at Buidel , Halesi Tuwachung Municipality-11",True,True,other,68,19
74895,2024-09-28,27.15572,86.7091,"86.7091,27.15572","Landslide at Beshi Tole , Halesi Tuwachung Municipality-11",True,True,other,68,167
74899,2024-09-28,28.1755,85.46091,"85.46091,28.1755","Landslide at Thuman , Gosaikunda Rural Municipality-4",True,True,other,53,167
74902,2024-09-28,27.90711,85.75568,"85.75568,27.90711","Landslide at Tega , Jugal Rural Municipality-2",True,True,other,86,167
74903,2024-09-28,27.13741,87.5752,"87.5752,27.13741",Landslide at Phedap Rural Municipality-3,True,True,other,53,167
74908,2024-09-29,27.13741,87.5752,"87.5752,27.13741","Landslide at Hangsung , Phedap Rural Municipality-3",True,True,other,53,19
74909,2024-09-29,27.00791,87.36671,"87.36671,27.00791",Landslide at Dhankuta Municipality-2,True,True,other,53,19
74914,2024-09-29,27.00791,87.36671,"87.36671,27.00791","Landslide at Mallang , Dhankuta Municipality-2",True,True,other,53,19
74921,2024-09-28,27.14773,87.78498,"87.78498,27.14773","Landslide at Samacha , Phidim Municipality-11",True,True,other,83,167
74922,2024-09-28,27.82173,83.63419,"83.63419,27.82173","Landslide at Thuli Udang , Mathagadhi Rural Municipality-1",True,True,other,79,167
74923,2024-09-29,27.13741,87.5752,"87.5752,27.13741","Landslide at Surke , Phedap Rural Municipality-3",True,True,other,53,19
74925,2024-09-29,27.69912,85.37856,"85.37856,27.69912",Landslide at Kageshwori Manahora Municipality-9,True,True,other,61,19
74926,2024-09-28,26.88507,87.89616,"87.89616,26.88507","Landslide at Chisebi , Illam Municipality-12",True,True,other,71,167
74929,2024-09-29,27.13741,87.5752,"87.5752,27.13741",Landslide at Phedap Rural Municipality-3,True,True,other,53,19
74941,2024-09-28,27.54493,85.63649,"85.63649,27.54493","Landslide at Chalal Ganesh , Namobuddha Municipality-7",True,True,other,59,167
74942,2024-09-28,27.57008,85.71476,"85.71476,27.57008",Landslide at Temal Rural Municipality-1,True,True,other,1,167
74946,2024-09-27,27.11717,86.35668,"86.35668,27.11717","Landslide at Mamyankhu , Katari Municipality-13",True,True,other,2,22
74947,2024-10-01,27.54796,85.33968,"85.33968,27.54796","Landslide at Ekudole Nakedanda , Konjyosom Rural Municipality-4",True,True,other,105,3
74950,2024-10-02,28.1755,85.46091,"85.46091,28.1755","Landslide at Timure , Gosaikunda Rural Municipality-4",True,True,other,53,2
74951,2024-09-28,26.88507,87.89616,"87.89616,26.88507","Landslide at Suryodaya Tole , Illam Municipality-12",True,True,other,71,167
74953,2024-09-27,27.33592,86.44629,"86.44629,27.33592",Landslide at Molung Rural Municipality-1,True,True,other,71,22
74956,2024-09-27,27.11717,86.35668,"86.35668,27.11717","Landslide at Mamyankhu , Katari Municipality-13",True,True,other,2,22
74958,2024-09-28,27.69912,85.37856,"85.37856,27.69912",Landslide at Kageshwori Manahora Municipality-9,True,True,other,61,167
74959,2024-09-28,27.69152,85.33523,"85.33523,27.69152","Landslide at T.U.  & ward 8 Gaushala , Kathmandu Metropolitan City-10",True,True,other,1,167
74961,2024-09-28,27.54796,85.33968,"85.33968,27.54796","Landslide at Anandaban , Konjyosom Rural Municipality-4",True,True,other,105,167
74962,2024-09-28,27.54796,85.33968,"85.33968,27.54796","Landslide at Gotikhel , Konjyosom Rural Municipality-4",True,True,other,105,167
74968,2024-10-01,27.18536,85.90753,"85.90753,27.18536","Landslide at Bakhreni , Kamalamai Municipality-5",True,True,other,36,3
74969,2024-09-28,27.54493,85.63649,"85.63649,27.54493","Landslide at Sidrechaur , Namobuddha Municipality-7",True,True,other,59,167
74970,2024-09-28,27.59934,85.60178,"85.60178,27.59934",Landslide at Dhulikhel Municipality-11,True,True,other,6,167
74971,2024-09-28,27.54493,85.63649,"85.63649,27.54493","Landslide at Majhuwa , Namobuddha Municipality-7",True,True,other,59,167
74972,2024-09-28,27.70281,85.65903,"85.65903,27.70281","Landslide at Teendhara , Mandandeupur Municipality-10",True,True,other,3,167
74973,2024-09-28,27.43403,85.74575,"85.74575,27.43403","Landslide at Mamti, Roshi Rural Municipality-11",True,True,other,7,167
74974,2024-09-28,28.1755,85.46091,"85.46091,28.1755","Landslide at Goljung Mane Gung , Gosaikunda Rural Municipality-4",True,True,other,53,167
74975,2024-09-28,28.1755,85.46091,"85.46091,28.1755","Landslide at Jambra , Gosaikunda Rural Municipality-4",True,True,other,53,167
74979,2024-09-27,27.33592,86.44629,"86.44629,27.33592","Landslide at Buktel , Molung Rural Municipality-1",True,True,other,71,22
74982,2024-09-28,27.56706,85.53985,"85.53985,27.56706",Landslide at Panauti Municipality-10,True,True,other,3,167
74985,2024-09-28,27.82349,86.22218,"86.22218,27.82349","Landslide at Phorande Dhade , Bigu Rural Municipality-1",True,True,other,62,167
74986,2024-09-30,27.18536,85.90753,"85.90753,27.18536","Landslide at Ramtar , Kamalamai Municipality-5",True,True,other,36,3
74987,2024-10-02,27.54493,85.63649,"85.63649,27.54493","Landslide at Thakle , Namobuddha Municipality-7",True,True,other,59,2
74988,2024-09-28,28.1755,85.46091,"85.46091,28.1755","Landslide at Goljung , Gosaikunda Rural Municipality-4",True,True,other,53,167
74991,2024-09-29,27.00791,87.36671,"87.36671,27.00791","Landslide at Hamden , Dhankuta Municipality-2",True,True,other,53,19
74992,2024-09-29,27.00791,87.36671,"87.36671,27.00791",Landslide at Dhankuta Municipality-2,True,True,other,53,19
74996,2024-09-28,27.54796,85.33968,"85.33968,27.54796",Landslide at Konjyosom Rural Municipality-4,True,True,other,105,167
74997,2024-09-28,27.65307,85.31881,"85.31881,27.65307","Landslide at Nakkhipot , Lalitpur Metropolitan City-14",True,True,other,2,167
74998,2024-09-28,27.54796,85.33968,"85.33968,27.54796",Landslide at Konjyosom Rural Municipality-4,True,True,other,105,167
74999,2024-09-28,27.54493,85.63649,"85.63649,27.54493","Landslide at All , Namobuddha Municipality-7",True,True,other,59,167
75000,2024-09-28,27.90711,85.75568,"85.75568,27.90711","Landslide at All , Jugal Rural Municipality-2",True,True,other,86,167
75002,2024-09-27,28.00638,84.94688,"84.94688,28.00638","Landslide at All , Netrawati Dabjong Rural Municipality-1",True,True,other,86,22
75003,2024-09-28,28.09848,83.31058,"83.31058,28.09848","Landslide at Purtighat , Resunga Municipality-14",True,True,other,90,167
75004,2024-09-29,27.53685,86.18811,"86.18811,27.53685","Landslide at Kalleri , Gokulganga Rural Municipality-4",True,True,other,49,19
75005,2024-09-28,27.82349,86.22218,"86.22218,27.82349","Landslide at Simpani (All), Bigu Rural Municipality-1",True,True,other,62,167
75006,2024-09-28,27.14773,87.78498,"87.78498,27.14773","Landslide at All, Phidim Municipality-11",True,True,other,83,167
75007,2024-09-28,27.14773,87.78498,"87.78498,27.14773",Landslide at Phidim Municipality-11,True,True,other,83,167
75008,2024-10-01,26.88507,87.89616,"87.89616,26.88507",Landslide at Illam Municipality-12,True,True,nepal_police,71,3
75009,2024-10-04,27.17377,87.09084,"87.09084,27.17377","Landslide at Pyauli , Bhojpur Municipality-11",True,True,nepal_police,65,2
75019,2024-09-28,27.13741,87.5752,"87.5752,27.13741","Landslide at Narkate, Phedap Rural Municipality-3",True,True,nepal_police,53,167
75021,2024-10-03,27.39535,85.19438,"85.19438,27.39535",Landslide at Makawanpurgadhi Rural Municipality-1,True,True,nepal_police,1,3
75023,2024-09-29,26.88507,87.89616,"87.89616,26.88507","Landslide at Bardambasi , Illam Municipality-12",True,True,nepal_police,71,19
75024,2024-09-28,27.54493,85.63649,"85.63649,27.54493",Landslide at Namobuddha Municipality-7,True,True,nepal_police,59,167
75026,2024-10-05,26.88507,87.89616,"87.89616,26.88507",Landslide at Illam Municipality-12,True,True,nepal_police,71,1
75028,2024-10-03,27.42044,86.58843,"86.58843,27.42044","Landslide at Peknasa , Nechasalyan Rural Municipality-6",True,True,other,18,3
75030,2024-09-28,26.86678,87.80628,"87.80628,26.86678","Landslide at Shreekhumba , Deumai Municipality-9",True,True,other,1,167
75031,2024-10-04,27.33592,86.44629,"86.44629,27.33592","Landslide at Kopche , Molung Rural Municipality-1",True,True,other,71,2
75036,2024-10-03,27.42044,86.58843,"86.58843,27.42044","Landslide at Peknasa , Nechasalyan Rural Municipality-6",True,True,other,18,3
75037,2024-09-28,27.14773,87.78498,"87.78498,27.14773",Landslide at Phidim Municipality-11,True,True,other,83,167
75041,2024-09-29,27.00791,87.36671,"87.36671,27.00791",Landslide at Dhankuta Municipality-2,True,True,other,53,19
75043,2024-09-28,27.33592,86.44629,"86.44629,27.33592",Landslide at Molung Rural Municipality-1,True,True,other,71,167
75044,2024-09-28,27.15572,86.7091,"86.7091,27.15572",Landslide at Halesi Tuwachung Municipality-11,True,True,other,68,167
75048,2024-09-28,27.54493,85.63649,"85.63649,27.54493",Landslide at Namobuddha Municipality-7,True,True,other,59,167
75049,2024-09-28,27.54493,85.63649,"85.63649,27.54493","Landslide at Nobel , Namobuddha Municipality-7",True,True,other,59,167
75050,2024-09-28,27.54493,85.63649,"85.63649,27.54493","Landslide at Salmechakal (Ref. No. 338), Namobuddha Municipality-7",True,True,other,59,167
75051,2024-10-06,27.00791,87.36671,"87.36671,27.00791","Landslide at Kharbari Tole , Dhankuta Municipality-2",True,True,other,53,1
75074,2024-10-08,27.30569,86.77836,"86.77836,27.30569","Landslide at Satarka , Diktel Rupakot Majhuwagadhi Municipality-12",True,True,other,3,1
75081,2024-09-28,27.54493,85.63649,"85.63649,27.54493",Landslide at Namobuddha Municipality-7,True,True,other,59,167
75088,2024-10-14,27.15572,86.7091,"86.7091,27.15572","Landslide at Merla , Halesi Tuwachung Municipality-11",True,True,other,68,1
75105,2024-10-12,27.00791,87.36671,"87.36671,27.00791","Landslide at Marek , Dhankuta Municipality-2",True,True,other,53,1
75124,2024-10-17,27.18536,85.90753,"85.90753,27.18536","Landslide at Morangedanda , Kamalamai Municipality-5",True,True,other,36,1
75144,2024-09-28,27.00791,87.36671,"87.36671,27.00791",Landslide at Dhankuta Municipality-2,True,True,other,53,167
75173,2024-10-24,27.82349,86.22218,"86.22218,27.82349",Landslide at Bigu Rural Municipality-1,True,True,other,62,1
75193,2024-10-26,27.60988,87.82613,"87.82613,27.60988","Landslide at Gahiri Pakha , Phaktanglung Rural Municipality-6",True,True,other,148,1
75195,2024-09-28,27.54493,85.63649,"85.63649,27.54493",Landslide at Namobuddha Municipality-7,True,True,other,59,167
75302,2024-11-04,27.59934,85.60178,"85.60178,27.59934","Landslide at Pathlekhet, Dhulikhel Municipality-11",True,True,nepal_police,6,1
75618,2024-12-01,28.34597,82.88132,"82.88132,28.34597","Landslide at Bahiri Gaam , Sunchhahari Rural Municipality-3",True,True,other,1,1
75849,2024-12-17,29.29054,81.82781,"81.82781,29.29054",Landslide at Palata Rural Municipality-7,True,True,other,1,2
75864,2024-12-17,27.60988,87.82613,"87.82613,27.60988",Landslide at Phaktanglung Rural Municipality-6,True,True,other,148,2
75966,2024-12-24,28.00638,84.94688,"84.94688,28.00638","Landslide at Ratomate , Netrawati Dabjong Rural Municipality-1",True,True,other,86,1
75994,2024-12-27,27.1116,87.71204,"87.71204,27.1116","Landslide at Lumphabung , Phidim Municipality-9",True,True,other,1,1
76089,2025-01-01,29.47137,81.73169,"81.73169,29.47137",Landslide at Swami Kartik Rural Municipality-4,True,True,nepal_police,2,1
76192,2025-01-07,27.15555,87.1897,"87.1897,27.15555","Landslide at Phalitang, Arun Rural Municipality-5",True,True,nepal_police,1,1
76257,2025-01-10,29.77478,81.95751,"81.95751,29.77478",Landslide at Sarkegad Rural Municipality-4,True,True,other,2,1
76350,2025-01-17,27.72896,85.10488,"85.10488,27.72896",Landslide at Thakre Rural Municipality-7,True,True,other,2,1
76391,2025-01-19,27.83135,85.55807,"85.55807,27.83135",Landslide at Melamchi Municipality-11,True,True,other,2,1
76459,2025-01-24,29.92362,80.73694,"80.73694,29.92362",Landslide at Apihimal Rural Municipality-6,True,True,nepal_police,48,1
76722,2025-02-08,30.02618,81.88546,"81.88546,30.02618",Landslide at Simkot Rural Municipality-3,True,True,other,36,1
76744,2025-02-09,29.06417,81.30663,"81.30663,29.06417",Landslide at Kamalbazar Municipality-7,True,True,other,19,1
76864,2025-02-17,28.67399,82.81088,"82.81088,28.67399","Landslide at Ranikot , Putha Uttarganga Rural Municipality-4",True,True,other,31,1
76940,2025-02-21,26.8739,87.39076,"87.39076,26.8739",Landslide at Sangurigadhi Rural Municipality-5,True,True,other,12,1
77010,2025-02-24,27.68551,87.3542,"87.3542,27.68551",Landslide at Bhotkhola Rural Municipality-4,True,True,nepal_police,6,1
77078,2025-02-27,27.54493,85.63649,"85.63649,27.54493","Landslide at Kanakot, Namobuddha Municipality-7",True,True,other,59,1
77121,2025-03-01,29.32366,81.73067,"81.73067,29.32366","Landslide at Taitukhola, Pachaljharana Rural Municipality-6",True,True,nepal_police,3,1
77162,2025-03-02,29.34285,81.71576,"81.71576,29.34285",Landslide at Jagannath Rural Municipality-6,True,True,nepal_police,3,1
77195,2025-03-03,29.91107,80.94015,"80.94015,29.91107","Landslide at Luncha, Apihimal Rural Municipality-1",True,True,nepal_police,2,1
77378,2025-03-12,27.94582,83.42173,"83.42173,27.94582",Landslide at Ruru Rural Municipality-1,True,True,nepal_police,3,1
77625,2025-03-19,27.00791,87.36671,"87.36671,27.00791","Landslide at Khani Than , Dhankuta Municipality-2",True,True,nepal_police,53,1
77731,2025-03-20,29.57926,82.65359,"82.65359,29.57926","Landslide at Dolphu, Mugum Karmarong Rural Municipality-1",True,True,nepal_police,1,1
77748,2025-03-23,26.8739,87.39076,"87.39076,26.8739","Landslide at Odhare , Sangurigadhi Rural Municipality-5",True,True,nepal_police,12,1
77801,2025-03-24,28.40683,84.36003,"84.36003,28.40683",Landslide at Marsyangdi Rural Municipality-4,True,True,nepal_police,17,1
78671,2025-04-10,28.70176,82.42349,"82.42349,28.70176",Landslide at Banfikot Rural Municipality-8,True,True,nepal_police,2,3
78747,2025-04-10,28.94669,81.48168,"81.48168,28.94669","Landslide at Sisne , Aathabis Municipality-1",True,True,nepal_police,2,3
78748,2025-04-10,27.59751,83.84238,"83.84238,27.59751","Landslide at Daunne , Binayee Tribeni Rural Municipality-2",True,True,nepal_police,4,3
78844,2025-04-13,27.35003,87.64183,"87.64183,27.35003","Landslide at Debung, Phungling Municipality-3",True,True,nepal_police,1,1
78920,2025-04-17,27.65041,85.66272,"85.66272,27.65041",Landslide at Panchkhal Municipality-8,True,True,nepal_police,2,4
78921,2025-04-17,29.63616,81.84871,"81.84871,29.63616",Landslide at Adanchuli Rural Municipality-1,True,True,nepal_police,1,4
78933,2025-04-17,28.23368,82.34877,"82.34877,28.23368",Landslide at Kapurkot Rural Municipality-3,True,True,nepal_police,7,4
78936,2025-04-17,29.68344,81.90301,"81.90301,29.68344",Landslide at Adanchuli Rural Municipality-3,True,True,nepal_police,1,4
78964,2025-04-19,28.98431,81.45804,"81.45804,28.98431",Landslide at Aathabis Municipality-2,True,True,nepal_police,3,3
78967,2025-04-19,29.92362,80.73694,"80.73694,29.92362",Landslide at Apihimal Rural Municipality-6,True,True,nepal_police,48,3
78969,2025-04-19,30.02618,81.88546,"81.88546,30.02618",Landslide at Simkot Rural Municipality-3,True,True,nepal_police,36,3
79088,2025-04-23,27.61176,87.31716,"87.31716,27.61176","Landslide at Dharmaduar, Makalu Rural Municipality-3",True,True,nepal_police,12,1
79100,2025-04-24,27.85995,85.22639,"85.22639,27.85995","Landslide at Tharpubashi, Kakani Rural Municipality-7",True,True,nepal_police,1,2
79108,2025-04-24,26.8739,87.39076,"87.39076,26.8739","Landslide at Lumphajung, Sangurigadhi Rural Municipality-5",True,True,nepal_police,12,2
79190,2025-04-25,29.72505,81.97319,"81.97319,29.72505","Landslide at Khachha , Sarkegad Rural Municipality-1",True,True,nepal_police,4,1
79325,2025-05-01,27.82531,85.04128,"85.04128,27.82531","Landslide at Kaurini, Belkotgadhi Municipality-5",True,True,nepal_police,3,1
79336,2025-04-30,29.72505,81.97319,"81.97319,29.72505","Landslide at Khaccha, Sarkegad Rural Municipality-1",True,True,nepal_police,4,1
79344,2025-05-02,27.33419,87.68754,"87.68754,27.33419","Landslide at Sunargaau , Phungling Municipality-8",True,True,nepal_police,3,2
79403,2025-05-02,29.72505,81.97319,"81.97319,29.72505","Landslide at Khachha , Sarkegad Rural Municipality-1",True,True,nepal_police,4,2
79420,2025-05-03,27.68739,84.06217,"84.06217,27.68739","Landslide at Hiude Khola , Hupsekot Rural Municipality-4",True,True,nepal_police,23,1
79434,2025-05-04,27.54796,85.33968,"85.33968,27.54796",Landslide at Konjyosom Rural Municipality-4,True,True,nepal_police,105,2
79438,2025-05-04,28.21207,85.1021,"85.1021,28.21207",Landslide at Rubi Valley Rural Municipality-4,True,True,nepal_police,1,2
79461,2025-05-05,28.32432,82.65523,"82.65523,28.32432",Landslide at Rolpa Municipality-10,True,True,nepal_police,149,1
79496,2025-05-07,28.23368,82.34877,"82.34877,28.23368","Landslide at Chorkhola , Kapurkot Rural Municipality-3",True,True,nepal_police,7,1
79525,2025-05-10,28.65733,82.15453,"82.15453,28.65733","Landslide at Rawat Gaau , Bheri Municipality-11",True,True,nepal_police,2,1
79608,2025-05-12,28.32432,82.65523,"82.65523,28.32432",Landslide at Rolpa Municipality-10,True,True,nepal_police,149,1
79661,2025-05-15,28.54144,83.6164,"83.6164,28.54144","Landslide at Guithevir, Annapurna Rural Municipality-3",True,True,nepal_police,15,1
79672,2025-05-17,27.31859,86.62271,"86.62271,27.31859",Landslide at Chisankhugadhi Rural Municipality-5,True,True,nepal_police,2,3
79673,2025-05-17,28.05026,83.73811,"83.73811,28.05026",Landslide at Bhirkot Municipality-8,True,True,nepal_police,56,3
79691,2025-05-17,27.76025,85.24224,"85.24224,27.76025","Landslide at Gauthali Bhir , Dhunibesi Municipality-1",True,True,nepal_police,1,3
79752,2025-05-16,30.02618,81.88546,"81.88546,30.02618",Landslide at Simkot Rural Municipality-3,True,True,other,36,2
79767,2025-05-16,28.54637,83.48729,"83.48729,28.54637",Landslide at Raghuganga Rural Municipality-8,True,True,other,128,2
79837,2025-05-18,29.67916,82.30447,"82.30447,29.67916","Landslide at Maha Gaau , Mugum Karmarong Rural Municipality-7",True,True,other,26,1
79898,2025-05-20,28.00638,84.94688,"84.94688,28.00638",Landslide at Netrawati Dabjong Rural Municipality-1,True,True,nepal_police,86,1
79927,2025-05-24,28.86981,82.19935,"82.19935,28.86981",Landslide at Kuse Rural Municipality-7,True,True,nepal_police,66,1
79938,2025-05-23,28.54637,83.48729,"83.48729,28.54637",Landslide at Raghuganga Rural Municipality-8,True,True,nepal_police,128,1
79955,2025-05-25,27.65319,85.47419,"85.47419,27.65319",Landslide at Suryabinayak Municipality-10,True,True,nepal_police,5,1
79978,2025-05-26,28.1203,82.85541,"82.85541,28.1203",Landslide at Pyuthan Municipality-7,True,True,nepal_police,60,1
80009,2025-05-28,28.63815,82.10439,"82.10439,28.63815","Landslide at Rautgau, Bheri Municipality-10",True,True,nepal_police,1,1
80020,2025-05-29,27.97909,82.83663,"82.83663,27.97909",Landslide at Sarumarani Rural Municipality-4,True,True,other,14,1
80047,2025-05-31,26.80006,87.83638,"87.83638,26.80006",Landslide at Mai Municipality-1,True,True,other,1,2
80054,2025-05-31,26.8739,87.39076,"87.39076,26.8739",Landslide at Sangurigadhi Rural Municipality-5,True,True,other,12,2
80091,2025-06-01,27.27485,86.99839,"86.99839,27.27485",Landslide at Tyamkemaiyung Rural Municipality-1,True,True,nepal_police,2,1
80137,2025-06-03,27.38688,87.21569,"87.21569,27.38688","Landslide at Subedi Gaau , Khandbari Municipality-7",True,True,nepal_police,104,1
80150,2025-06-04,28.65733,82.15453,"82.15453,28.65733",Landslide at Bheri Municipality-11,True,True,nepal_police,2,2
80152,2025-06-04,28.54637,83.48729,"83.48729,28.54637",Landslide at Raghuganga Rural Municipality-8,True,True,nepal_police,128,2
80201,2025-06-06,26.93279,86.66463,"86.66463,26.93279",Landslide at Rautamai Rural Municipality-7,True,True,nepal_police,31,1
80246,2025-06-11,28.1203,82.85541,"82.85541,28.1203",Landslide at Pyuthan Municipality-7,True,True,nepal_police,60,3
80270,2025-06-11,27.94393,83.04234,"83.04234,27.94393",Landslide at Bhumekasthan Municipality-7,True,True,other,50,3
80283,2025-06-12,29.18116,80.84086,"80.84086,29.18116",Landslide at Shikhar Municipality-2,True,True,other,35,1
80464,2025-06-15,27.00791,87.36671,"87.36671,27.00791","Landslide at Lamphajung , Dhankuta Municipality-2",True,True,other,53,6
80465,2025-06-15,27.4427,85.08797,"85.08797,27.4427",Landslide at Makawanpurgadhi Rural Municipality-5,True,True,other,52,6
80467,2025-06-15,27.54796,85.33968,"85.33968,27.54796","Landslide at Chhapeli , Konjyosom Rural Municipality-4",True,True,other,105,6
80473,2025-06-15,27.19868,86.68049,"86.68049,27.19868","Landslide at Bijule, Halesi Tuwachung Municipality-10",True,True,nepal_police,2,6
80479,2025-06-15,28.81395,81.83578,"81.83578,28.81395","Landslide at Sidar, Bhagawatimai Rural Municipality-2",True,True,nepal_police,1,6
80499,2025-06-16,28.19884,83.91163,"83.91163,28.19884","Landslide at swara, Pokhara Lekhnath Metropolitan City-22",True,True,nepal_police,8,5
80500,2025-06-16,28.1134,85.18913,"85.18913,28.1134","Landslide at Mailung, Uttargaya Rural Municipality-1",True,True,nepal_police,4,5
80507,2025-06-15,28.28344,83.83234,"83.83234,28.28344","Landslide at Gosdanda, Annapurna Rural Municipality-3",True,True,nepal_police,4,6
80513,2025-06-17,29.92362,80.73694,"80.73694,29.92362",Landslide at Apihimal Rural Municipality-6,True,True,other,48,4
80515,2025-06-17,27.15572,86.7091,"86.7091,27.15572","Landslide at Bayakata , Halesi Tuwachung Municipality-11",True,True,other,68,4
80520,2025-06-17,27.84506,84.58205,"84.58205,27.84506",Landslide at Ichchhyakamana Rural Municipality-5,True,True,other,15,4
80522,2025-06-16,28.19583,84.04393,"84.04393,28.19583",Landslide at Pokhara Lekhnath Metropolitan City-26,True,True,other,3,5
80523,2025-06-16,28.67399,82.81088,"82.81088,28.67399",Landslide at Putha Uttarganga Rural Municipality-4,True,True,other,31,5
80525,2025-06-16,27.38688,87.21569,"87.21569,27.38688",Landslide at Khandbari Municipality-7,True,True,other,104,5
80531,2025-06-19,27.61645,84.36001,"84.36001,27.61645","Landslide at Tuinkhola , Bharatpur Metropolitan City-14",True,True,nepal_police,39,11
80533,2025-06-19,27.15572,86.7091,"86.7091,27.15572","Landslide at Bhandareghat , Halesi Tuwachung Municipality-11",True,True,nepal_police,68,11
80534,2025-06-19,28.54637,83.48729,"83.48729,28.54637","Landslide at Rupse, Raghuganga Rural Municipality-8",True,True,nepal_police,128,11
80537,2025-06-18,27.03135,86.41886,"86.41886,27.03135",Landslide at Katari Municipality-8,True,True,nepal_police,2,6
80538,2025-06-18,27.15572,86.7091,"86.7091,27.15572",Landslide at Halesi Tuwachung Municipality-11,True,True,nepal_police,68,6
80539,2025-06-18,28.28362,84.43609,"84.43609,28.28362",Landslide at Marsyangdi Rural Municipality-7,True,True,nepal_police,56,6
80541,2025-06-18,27.27767,86.46176,"86.46176,27.27767",Landslide at Siddhicharan Municipality-10,True,True,nepal_police,1,6
80542,2025-06-18,27.9933,85.9263,"85.9263,27.9933","Landslide at Liping Bajar , Bhotekoshi Rural Municipality-2",True,True,nepal_police,6,6
80544,2025-06-17,28.27333,83.87371,"83.87371,28.27333",Landslide at Annapurna Rural Municipality-1,True,True,nepal_police,6,4
80556,2025-06-19,27.42044,86.58843,"86.58843,27.42044","Landslide at Tekermash, Nechasalyan Rural Municipality-6",True,True,nepal_police,18,11
80557,2025-06-20,27.71393,85.50315,"85.50315,27.71393","Landslide at Phadi, Changunarayan Municipality-6",True,True,nepal_police,1,13
80562,2025-06-20,27.68739,84.06217,"84.06217,27.68739","Landslide at Batase Danda , Hupsekot Rural Municipality-4",True,True,other,23,13
80563,2025-06-20,27.81101,83.54275,"83.54275,27.81101","Landslide at Bhalebas , Tansen Municipality-8",True,True,other,8,13
80564,2025-06-20,28.4,82.09154,"82.09154,28.4",Landslide at Sharada Municipality-9,True,True,other,45,13
80565,2025-06-20,28.54637,83.48729,"83.48729,28.54637",Landslide at Raghuganga Rural Municipality-8,True,True,other,128,13
80566,2025-06-20,28.54637,83.48729,"83.48729,28.54637",Landslide at Raghuganga Rural Municipality-8,True,True,other,128,13
80567,2025-06-20,27.9672,82.44665,"82.44665,27.9672",Landslide at Ghorahi Submetropolitan City-5,True,True,other,14,13
80571,2025-06-19,27.54796,85.33968,"85.33968,27.54796","Landslide at Bhattedanda , Konjyosom Rural Municipality-4",True,True,other,105,11
80572,2025-06-19,27.4427,85.08797,"85.08797,27.4427",Landslide at Makawanpurgadhi Rural Municipality-5,True,True,other,52,11
80573,2025-06-19,28.4,82.09154,"82.09154,28.4","Landslide at Chorkhola , Sharada Municipality-9",True,True,other,45,11
80577,2025-06-18,28.32432,82.65523,"82.65523,28.32432","Landslide at Phuli River , Rolpa Municipality-10",True,True,nepal_police,149,6
80584,2025-06-19,28.1755,85.46091,"85.46091,28.1755",Landslide at Gosaikunda Rural Municipality-4,True,True,other,53,11
80592,2025-06-19,28.46401,82.60664,"82.60664,28.46401",Landslide at Paribartan Rural Municipality-1,True,True,other,2,11
80593,2025-06-20,27.15662,86.65409,"86.65409,27.15662","Landslide at Dhitung , Halesi Tuwachung Municipality-8",True,True,other,2,13
80594,2025-06-20,28.39689,84.0879,"84.0879,28.39689","Landslide at Khilang, Madi Rural Municipality-1",True,True,other,1,13
80595,2025-06-20,28.06685,83.38053,"83.38053,28.06685","Landslide at Sisne, Chandrakot Rural Municipality-7",True,True,other,1,13
80602,2025-06-20,27.80337,83.15273,"83.15273,27.80337",Landslide at Sitganga Municipality-13,True,True,other,2,13
80606,2025-06-20,28.34628,83.99007,"83.99007,28.34628",Landslide at Machhapuchchhre Rural Municipality-2,True,True,nepal_police,61,13
80607,2025-06-19,28.09848,83.31058,"83.31058,28.09848",Landslide at Resunga Municipality-14,True,True,other,90,11
80613,2025-06-20,28.23757,83.95315,"83.95315,28.23757","Landslide at Sedi, Pokhara Lekhnath Metropolitan City-18",True,True,other,7,13
80620,2025-06-21,27.54796,85.33968,"85.33968,27.54796",Landslide at Konjyosom Rural Municipality-4,True,True,nepal_police,105,6
80622,2025-06-21,27.94393,83.04234,"83.04234,27.94393",Landslide at Bhumekasthan Municipality-7,True,True,nepal_police,50,6
80626,2025-06-21,28.1755,85.46091,"85.46091,28.1755",Landslide at Gosaikunda Rural Municipality-4,True,True,nepal_police,53,6
80631,2025-06-19,27.33592,86.44629,"86.44629,27.33592",Landslide at Molung Rural Municipality-1,True,True,nepal_police,71,11
80635,2025-06-21,27.82349,86.22218,"86.22218,27.82349",Landslide at Bigu Rural Municipality-1,True,True,nepal_police,62,6
80639,2025-06-21,27.53685,86.18811,"86.18811,27.53685",Landslide at Gokulganga Rural Municipality-4,True,True,other,49,6
80645,2025-06-22,27.53685,86.18811,"86.18811,27.53685",Landslide at Gokulganga Rural Municipality-4,True,True,other,49,3
80662,2025-06-22,27.82349,86.22218,"86.22218,27.82349","Landslide at Khimti , Bigu Rural Municipality-1",True,True,other,62,3
80670,2025-06-22,28.00638,84.94688,"84.94688,28.00638",Landslide at Netrawati Dabjong Rural Municipality-1,True,True,other,86,3
80677,2025-06-23,27.38688,87.21569,"87.21569,27.38688",Landslide at Khandbari Municipality-7,True,True,nepal_police,104,1
80682,2025-06-24,27.33592,86.44629,"86.44629,27.33592",Landslide at Molung Rural Municipality-1,True,True,nepal_police,71,8
80694,2025-06-21,29.92362,80.73694,"80.73694,29.92362","Landslide at Dhamidera , Apihimal Rural Municipality-6",True,True,nepal_police,48,6
80698,2025-06-24,27.42044,86.58843,"86.58843,27.42044","Landslide at Pankhapani, Nechasalyan Rural Municipality-6",True,True,nepal_police,18,8
80700,2025-06-24,28.32432,82.65523,"82.65523,28.32432","Landslide at Nuwakot , Rolpa Municipality-10",True,True,nepal_police,149,8
80701,2025-06-24,27.14773,87.78498,"87.78498,27.14773",Landslide at Phidim Municipality-11,True,True,nepal_police,83,8
80702,2025-06-24,27.14773,87.78498,"87.78498,27.14773","Landslide at Kholagaau , Phidim Municipality-11",True,True,nepal_police,83,8
80714,2025-06-24,27.38688,87.21569,"87.21569,27.38688","Landslide at Siddhakali , Khandbari Municipality-7",True,True,nepal_police,104,8
80722,2025-06-24,27.72488,86.68194,"86.68194,27.72488","Landslide at Phurke , Khumbupasanglahmu Rural Municipality-3",True,True,other,88,8
80723,2025-06-24,27.46339,86.86266,"86.86266,27.46339",Landslide at Mahakulung Rural Municipality-5,True,True,other,1,8
80729,2025-06-11,28.28362,84.43609,"84.43609,28.28362","Landslide at Khahare River , Marsyangdi Rural Municipality-7",True,True,other,56,3
80744,2025-06-26,28.1755,85.46091,"85.46091,28.1755","Landslide at Lachyang , Gosaikunda Rural Municipality-4",True,True,other,53,1
80749,2025-06-27,29.21277,83.03833,"83.03833,29.21277","Landslide at Bhitti , Shey Phoksundo Rural Municipality-99",True,True,other,32,5
80753,2025-06-27,27.71567,87.99778,"87.99778,27.71567","Landslide at Guwatar , Phaktanglung Rural Municipality-6",True,True,other,6,5
80759,2025-06-27,27.92448,85.24446,"85.24446,27.92448",Landslide at Suryagadhi Rural Municipality-4,True,True,other,94,5
80762,2025-06-27,28.20228,83.69519,"83.69519,28.20228",Landslide at Kushma Municipality-10,True,True,other,56,5
80766,2025-06-27,29.21277,83.03833,"83.03833,29.21277",Landslide at Shey Phoksundo Rural Municipality-99,True,True,other,32,5
80768,2025-06-28,28.03973,85.28256,"85.28256,28.03973","Landslide at Simbandi, Naukunda Rural Municipality-1",True,True,nepal_police,1,2
80773,2025-06-28,28.98522,80.30014,"80.30014,28.98522","Landslide at Lipna, Bedkot Municipality-4",True,True,nepal_police,1,2
80782,2025-06-29,28.32432,82.65523,"82.65523,28.32432","Landslide at Akhate , Rolpa Municipality-10",True,True,other,149,3
80783,2025-06-30,29.21559,81.74506,"81.74506,29.21559",Landslide at Pachaljharana Rural Municipality-3,True,True,other,81,7
80804,2025-06-29,29.50844,80.57647,"80.57647,29.50844",Landslide at Surnaya Rural Municipality-5,True,True,other,73,3
80807,2025-06-30,29.56853,80.61839,"80.61839,29.56853","Landslide at Gora Gaau , Purchaudi Municipality-10",True,True,nepal_police,1,7
80809,2025-06-30,28.95163,80.17406,"80.17406,28.95163",Landslide at Bhimdatta Municipality-15,True,True,nepal_police,1,7
80811,2025-06-29,28.09848,83.31058,"83.31058,28.09848",Landslide at Resunga Municipality-14,True,True,nepal_police,90,3
80814,2025-06-30,29.18116,80.84086,"80.84086,29.18116",Landslide at Shikhar Municipality-2,True,True,nepal_police,35,7
80818,2025-06-30,28.09848,83.31058,"83.31058,28.09848",Landslide at Resunga Municipality-14,True,True,nepal_police,90,7
80819,2025-06-30,28.73884,82.46045,"82.46045,28.73884",Landslide at Banfikot Rural Municipality-6,True,True,nepal_police,44,7
80822,2025-06-30,29.50844,80.57647,"80.57647,29.50844",Landslide at Surnaya Rural Municipality-5,True,True,nepal_police,73,7
80850,2025-07-01,28.88537,81.67138,"81.67138,28.88537","Landslide at Chadani Chowk , Mahabu Rural Municipality-2",True,True,nepal_police,26,3
80853,2025-07-01,29.50844,80.57647,"80.57647,29.50844",Landslide at Surnaya Rural Municipality-5,True,True,nepal_police,73,3
80860,2025-07-02,28.23883,83.60925,"83.60925,28.23883","Landslide at Dablyang, Baglung Municipality-10",True,True,nepal_police,4,4
80866,2025-07-02,29.61101,81.22628,"81.22628,29.61101","Landslide at Pairadi, Talkot Rural Municipality-1",True,True,nepal_police,1,4
80869,2025-07-02,28.17611,83.07073,"83.07073,28.17611","Landslide at Menisauna, Madane Rural Municipality-4",True,True,nepal_police,1,4
80872,2025-07-02,27.29642,87.94249,"87.94249,27.29642","Landslide at Khirlabote, Sidingba Rural Municipality-2",True,True,nepal_police,2,4
80873,2025-07-03,27.98777,85.19168,"85.19168,27.98777","Landslide at Bogatitar, Uttargaya Rural Municipality-5",True,True,nepal_police,1,5
80874,2025-07-03,28.74449,81.71423,"81.71423,28.74449","Landslide at Dandaparajul, Dungeshwor Rural Municipality-5",True,True,nepal_police,1,5
80877,2025-07-03,28.87116,82.1085,"82.1085,28.87116",Landslide at Kuse Rural Municipality-3,True,True,nepal_police,1,5
80889,2025-07-05,27.65338,85.52051,"85.52051,27.65338",Landslide at Banepa Municipality-3,True,True,other,1,3
80893,2025-07-03,28.62382,82.35972,"82.35972,28.62382",Landslide at Sani Bheri Rural Municipality-11,True,True,other,3,5
80895,2025-07-04,27.70352,85.86842,"85.86842,27.70352","Landslide at Timure, Lisangkhu Pakhar Rural Municipality-7",True,True,other,1,5
80896,2025-07-04,27.94229,85.22016,"85.22016,27.94229","Landslide at Phalate , Suryagadhi Rural Municipality-3",True,True,other,2,5
80897,2025-07-04,29.4722,81.94354,"81.94354,29.4722","Landslide at Tarapani , Khatyad Rural Municipality-5",True,True,other,1,5
80901,2025-07-03,27.82426,85.69773,"85.69773,27.82426","Landslide at Syaule , Chautara SangachokGadhi Municipality-1",True,True,other,1,5
80902,2025-07-04,27.94618,84.91709,"84.91709,27.94618","Landslide at Bhorle , Neelakantha Municipality-13",True,True,other,2,5
80903,2025-07-04,27.8719,85.13618,"85.13618,27.8719","Landslide at Devighat , Bidur Municipality-5",True,True,other,1,5
80912,2025-07-05,27.84133,85.32223,"85.32223,27.84133","Landslide at Dadgau, Shivapuri Rural Municipality-7",True,True,nepal_police,2,3
80913,2025-07-05,28.04998,85.22571,"85.22571,28.04998","Landslide at Tallograng, Kalika Rural Municipality-1",True,True,nepal_police,2,3
80918,2025-07-06,28.49218,83.61615,"83.61615,28.49218","Landslide at Thulobager, Annapurna Rural Municipality-2",True,True,nepal_police,6,1
80928,2025-07-07,29.65967,80.79712,"80.79712,29.65967",Landslide at Bungal Municipality-8,True,True,nepal_police,1,1
80939,2025-07-08,27.82173,83.63419,"83.63419,27.82173",Landslide at Mathagadhi Rural Municipality-1,True,True,nepal_police,79,6
80950,2025-07-09,27.90711,85.75568,"85.75568,27.90711",Landslide at Jugal Rural Municipality-2,True,True,nepal_police,86,11
80962,2025-07-08,28.73884,82.46045,"82.46045,28.73884","Landslide at Paiyabara , Banfikot Rural Municipality-6",True,True,nepal_police,44,6
80963,2025-07-08,29.09082,81.2686,"81.2686,29.09082",Landslide at Mangalsen Municipality-6,True,True,nepal_police,1,6
80968,2025-07-08,27.69912,85.37856,"85.37856,27.69912","Landslide at Pasikhel , Kageshwori Manahora Municipality-9",True,True,nepal_police,61,6
80973,2025-07-08,28.32432,82.65523,"82.65523,28.32432",Landslide at Rolpa Municipality-10,True,True,nepal_police,149,6
80974,2025-07-09,28.38141,83.33413,"83.33413,28.38141","Landslide at Lupsi para, Malika Rural Municipality-2",True,True,nepal_police,5,11
80985,2025-07-09,27.54493,85.63649,"85.63649,27.54493","Landslide at Ghumaune , Namobuddha Municipality-7",True,True,nepal_police,59,11
80991,2025-07-09,29.50844,80.57647,"80.57647,29.50844",Landslide at Surnaya Rural Municipality-5,True,True,nepal_police,73,11
80993,2025-07-09,28.73884,82.46045,"82.46045,28.73884",Landslide at Banfikot Rural Municipality-6,True,True,nepal_police,44,11
81000,2025-07-09,28.6985,82.55938,"82.55938,28.6985","Landslide at Tharkate , Banfikot Rural Municipality-2",True,True,nepal_police,1,11
81007,2025-07-08,27.34765,86.5594,"86.5594,27.34765","Landslide at Solarghar , Chisankhugadhi Rural Municipality-7",True,True,nepal_police,1,6
81008,2025-07-09,28.38141,83.33413,"83.33413,28.38141",Landslide at Malika Rural Municipality-2,True,True,nepal_police,5,11
81011,2025-07-09,28.35288,83.27139,"83.27139,28.35288","Landslide at Mauribhir , Dhorpatan Municipality-4",True,True,nepal_police,84,11
81017,2025-07-09,28.50291,83.84147,"83.84147,28.50291","Landslide at Uri , Annapurna Rural Municipality-11",True,True,nepal_police,5,11
81019,2025-07-10,28.63278,82.70459,"82.70459,28.63278",Landslide at Putha Uttarganga Rural Municipality-14,True,True,nepal_police,1,3
81022,2025-07-10,27.33592,86.44629,"86.44629,27.33592","Landslide at Rawa, Molung Rural Municipality-1",True,True,nepal_police,71,3
81023,2025-07-09,27.17377,87.09084,"87.09084,27.17377","Landslide at Okharbote , Bhojpur Municipality-11",True,True,nepal_police,65,11
81024,2025-07-09,27.17377,87.09084,"87.09084,27.17377","Landslide at Matel , Bhojpur Municipality-11",True,True,nepal_police,65,11
81034,2025-07-10,27.90217,85.44757,"85.44757,27.90217","Landslide at Pakhagaau , Dupcheshwar Rural Municipality-4",True,True,nepal_police,1,3
81040,2025-07-11,27.4427,85.08797,"85.08797,27.4427","Landslide at Mahalakshmi , Makawanpurgadhi Rural Municipality-5",True,True,nepal_police,52,3
81044,2025-07-11,28.1755,85.46091,"85.46091,28.1755","Landslide at Sanjen River Hydroelectricity Project , Gosaikunda Rural Municipality-4",True,True,nepal_police,53,3
81065,2025-07-13,28.06098,83.82318,"83.82318,28.06098","Landslide at Trafic choke, Putalibazar Municipality-1",True,True,nepal_police,2,2
81077,2025-07-13,27.14773,87.78498,"87.78498,27.14773",Landslide at Phidim Municipality-11,True,True,nepal_police,83,2
81096,2025-07-14,27.60988,87.82613,"87.82613,27.60988","Landslide at Seguwa , Phaktanglung Rural Municipality-6",True,True,nepal_police,148,1
81131,2025-07-15,27.26387,86.71201,"86.71201,27.26387",Landslide at Rawa Besi Rural Municipality-2,True,True,other,1,4
81184,2025-07-15,27.53685,86.18811,"86.18811,27.53685",Landslide at Gokulganga Rural Municipality-4,True,True,other,49,4
81188,2025-07-16,27.82349,86.22218,"86.22218,27.82349","Landslide at Hurhure - Sanima Hydropower Company Road , Bigu Rural Municipality-1",True,True,other,62,3
81189,2025-07-16,28.28362,84.43609,"84.43609,28.28362",Landslide at Marsyangdi Rural Municipality-7,True,True,other,56,3
81192,2025-07-15,27.53685,86.18811,"86.18811,27.53685",Landslide at Gokulganga Rural Municipality-4,True,True,other,49,4
81199,2025-07-17,29.5579,81.49045,"81.49045,29.5579","Landslide at Martadi , Gaumul Rural Municipality-1",True,True,other,57,3
81203,2025-07-17,29.5579,81.49045,"81.49045,29.5579","Landslide at Baaun Gaau , Gaumul Rural Municipality-1",True,True,other,57,3
81210,2025-07-18,29.21559,81.74506,"81.74506,29.21559","Landslide at Chauthikot , Pachaljharana Rural Municipality-3",True,True,other,81,2
81212,2025-07-17,27.54796,85.33968,"85.33968,27.54796","Landslide at Bhasgaau , Konjyosom Rural Municipality-4",True,True,other,105,3
81215,2025-07-20,27.14773,87.78498,"87.78498,27.14773","Landslide at Rabi , Phidim Municipality-11",True,True,other,83,23
81224,2025-07-20,28.20228,83.69519,"83.69519,28.20228",Landslide at Kushma Municipality-10,True,True,other,56,23
81228,2025-07-20,27.18536,85.90753,"85.90753,27.18536","Landslide at Baseri , Kamalamai Municipality-5",True,True,other,36,23
81231,2025-07-20,28.27943,83.85622,"83.85622,28.27943",Landslide at Annapurna Rural Municipality-2,True,True,other,2,23
81233,2025-07-20,28.26358,84.03109,"84.03109,28.26358","Landslide at Bhalam, Pokhara Lekhnath Metropolitan City-20",True,True,other,4,23
81234,2025-07-19,28.33037,83.77624,"83.77624,28.33037",Landslide at Annapurna Rural Municipality-8,True,True,other,1,4
81237,2025-07-19,26.88507,87.89616,"87.89616,26.88507",Landslide at Illam Municipality-12,True,True,other,71,4
81242,2025-07-20,26.92374,87.72963,"87.72963,26.92374",Landslide at Fakphokthum Rural Municipality-5,True,True,other,1,23
81243,2025-07-19,26.88507,87.89616,"87.89616,26.88507",Landslide at Illam Municipality-12,True,True,other,71,4
81245,2025-07-19,27.77043,85.82534,"85.82534,27.77043",Landslide at Balefi Rural Municipality-6,True,True,other,1,4
81246,2025-07-20,27.76026,85.8609,"85.8609,27.76026",Landslide at Balefi Rural Municipality-8,True,True,other,2,23
81251,2025-07-20,28.28757,84.00181,"84.00181,28.28757",Landslide at Pokhara Lekhnath Metropolitan City-16,True,True,other,6,23
81254,2025-07-20,26.88507,87.89616,"87.89616,26.88507",Landslide at Illam Municipality-12,True,True,other,71,23
81255,2025-07-20,26.88507,87.89616,"87.89616,26.88507","Landslide at Aamchowk, Illam Municipality-12",True,True,other,71,23
81256,2025-07-20,27.72488,86.68194,"86.68194,27.72488",Landslide at Khumbupasanglahmu Rural Municipality-3,True,True,other,88,23
81260,2025-07-20,27.90711,85.75568,"85.75568,27.90711",Landslide at Jugal Rural Municipality-2,True,True,other,86,23
81261,2025-07-20,27.77392,85.84065,"85.84065,27.77392","Landslide at Chimling Beshi , Balefi Rural Municipality-7",True,True,other,1,23
81262,2025-07-20,27.33592,86.44629,"86.44629,27.33592",Landslide at Molung Rural Municipality-1,True,True,other,71,23
81263,2025-07-20,28.23172,84.03737,"84.03737,28.23172","Landslide at Dhalkepul , Pokhara Lekhnath Metropolitan City-13",True,True,other,2,23
81267,2025-07-20,28.291,83.95624,"83.95624,28.291","Landslide at Lampata , Pokhara Lekhnath Metropolitan City-19",True,True,other,5,23
81268,2025-07-20,27.82173,83.63419,"83.63419,27.82173","Landslide at Siddhababa , Mathagadhi Rural Municipality-1",True,True,other,79,23
81269,2025-07-20,27.14773,87.78498,"87.78498,27.14773","Landslide at Thamthum , Phidim Municipality-11",True,True,other,83,23
81270,2025-07-20,27.14773,87.78498,"87.78498,27.14773","Landslide at Satyerupa , Phidim Municipality-11",True,True,other,83,23
81274,2025-07-20,27.14773,87.78498,"87.78498,27.14773","Landslide at Muwa River , Phidim Municipality-11",True,True,other,83,23
81280,2025-07-18,29.21559,81.74506,"81.74506,29.21559","Landslide at Chauthikot , Pachaljharana Rural Municipality-3",True,True,other,81,2
81281,2025-07-11,27.4427,85.08797,"85.08797,27.4427","Landslide at Mahalaxmi, Makawanpurgadhi Rural Municipality-5",True,True,other,52,3
81282,2025-07-16,28.54637,83.48729,"83.48729,28.54637","Landslide at Dana , Raghuganga Rural Municipality-8",True,True,other,128,3
81283,2025-07-15,27.92789,83.05445,"83.05445,27.92789","Landslide at Tallopaku , Bhumekasthan Municipality-10",True,True,other,3,4
81286,2025-07-20,28.62382,82.35972,"82.35972,28.62382","Landslide at Parigaau , Sani Bheri Rural Municipality-11",True,True,other,3,23
81288,2025-07-21,27.90711,85.75568,"85.75568,27.90711",Landslide at Jugal Rural Municipality-2,True,True,other,86,1
81289,2025-07-20,28.68223,82.46736,"82.46736,28.68223",Landslide at Banfikot Rural Municipality-4,True,True,other,4,23
81292,2025-07-20,28.73884,82.46045,"82.46045,28.73884",Landslide at Banfikot Rural Municipality-6,True,True,other,44,23
81306,2025-07-22,27.38688,87.21569,"87.21569,27.38688",Landslide at Khandbari Municipality-7,True,True,other,104,5
81307,2025-07-23,28.23883,83.60925,"83.60925,28.23883","Landslide at Dablyang , Baglung Municipality-10",True,True,other,4,7
81308,2025-07-23,27.90711,85.75568,"85.75568,27.90711","Landslide at Kodari , Jugal Rural Municipality-2",True,True,other,86,7
81312,2025-07-22,28.32432,82.65523,"82.65523,28.32432","Landslide at Dhamachaur , Rolpa Municipality-10",True,True,other,149,5
81314,2025-07-22,27.52177,88.00157,"88.00157,27.52177","Landslide at Tummiya , Sirijangha Rural Municipality-8",True,True,other,4,5
81315,2025-07-22,27.512,87.71808,"87.71808,27.512","Landslide at Bipudhap , Phaktanglung Rural Municipality-4",True,True,other,4,5
81316,2025-07-22,27.90711,85.75568,"85.75568,27.90711","Landslide at Bhirkharka , Jugal Rural Municipality-2",True,True,other,86,5
81318,2025-07-23,29.20864,80.48616,"80.48616,29.20864","Landslide at Raduwa , Alital Rural Municipality-3",True,True,other,44,7
81323,2025-07-23,27.38688,87.21569,"87.21569,27.38688","Landslide at Disnapur , Khandbari Municipality-7",True,True,other,104,7
81324,2025-07-23,27.15572,86.7091,"86.7091,27.15572",Landslide at Halesi Tuwachung Municipality-11,True,True,other,68,7
81326,2025-07-01,29.50086,82.2625,"82.2625,29.50086",Landslide at Chhayanath Rara Municipality-12,True,True,other,1,3
81333,2025-07-23,27.60988,87.82613,"87.82613,27.60988","Landslide at Tamang Gaau , Phaktanglung Rural Municipality-6",True,True,other,148,7
81341,2025-07-24,27.15572,86.7091,"86.7091,27.15572",Landslide at Halesi Tuwachung Municipality-11,True,True,other,68,2
81344,2025-07-24,27.92738,85.41288,"85.41288,27.92738","Landslide at Kalleri , Dupcheshwar Rural Municipality-3",True,True,other,1,2
81347,2025-07-25,27.94393,83.04234,"83.04234,27.94393","Landslide at Sikhra , Bhumekasthan Municipality-7",True,True,other,50,4
81348,2025-07-25,27.00791,87.36671,"87.36671,27.00791",Landslide at Dhankuta Municipality-2,True,True,other,53,4
81353,2025-07-25,27.15572,86.7091,"86.7091,27.15572",Landslide at Halesi Tuwachung Municipality-11,True,True,other,68,4
81354,2025-07-25,30.02618,81.88546,"81.88546,30.02618",Landslide at Simkot Rural Municipality-3,True,True,other,36,4
81374,2025-07-28,27.90711,85.75568,"85.75568,27.90711","Landslide at Kodari , Jugal Rural Municipality-2",True,True,other,86,6
81376,2025-07-26,30.02618,81.88546,"81.88546,30.02618","Landslide at Mekhalama, Simkot Rural Municipality-3",True,True,other,36,1
81394,2025-07-28,28.00638,84.94688,"84.94688,28.00638","Landslide at Kajimrang , Netrawati Dabjong Rural Municipality-1",True,True,other,86,6
81396,2025-07-28,28.67399,82.81088,"82.81088,28.67399","Landslide at Maikot , Putha Uttarganga Rural Municipality-4",True,True,other,31,6
81398,2025-07-23,28.05026,83.73811,"83.73811,28.05026",Landslide at Bhirkot Municipality-8,True,True,other,56,7
81400,2025-07-28,28.1755,85.46091,"85.46091,28.1755","Landslide at Phyanglung & Ghattekhola , Gosaikunda Rural Municipality-4",True,True,other,53,6
81401,2025-07-28,28.34628,83.99007,"83.99007,28.34628","Landslide at Tersapatti , Machhapuchchhre Rural Municipality-2",True,True,other,61,6
81402,2025-07-28,27.92448,85.24446,"85.24446,27.92448",Landslide at Suryagadhi Rural Municipality-4,True,True,other,94,6
81413,2025-07-29,27.92448,85.24446,"85.24446,27.92448",Landslide at Suryagadhi Rural Municipality-4,True,True,other,94,2
81415,2025-07-29,27.38688,87.21569,"87.21569,27.38688","Landslide at Kimathanka , Khandbari Municipality-7",True,True,other,104,2
81433,2025-07-30,28.27728,83.92498,"83.92498,28.27728","Landslide at Hemja , Pokhara Lekhnath Metropolitan City-25",True,True,other,8,6
81434,2025-07-30,28.09848,83.31058,"83.31058,28.09848",Landslide at Resunga Municipality-14,True,True,other,90,6
81435,2025-07-30,28.59118,82.46355,"82.46355,28.59118","Landslide at Sipri , Musikot Municipality-11",True,True,other,2,6
81436,2025-07-30,27.72488,86.68194,"86.68194,27.72488","Landslide at Huga River , Khumbupasanglahmu Rural Municipality-3",True,True,other,88,6
81440,2025-07-30,28.34628,83.99007,"83.99007,28.34628","Landslide at Ghachok Bhalabot , Machhapuchchhre Rural Municipality-2",True,True,other,61,6
81445,2025-07-31,28.1755,85.46091,"85.46091,28.1755","Landslide at Naubise , Gosaikunda Rural Municipality-4",True,True,other,53,3
81448,2025-07-30,29.23923,82.21605,"82.21605,29.23923","Landslide at Betal , Guthichaur Rural Municipality-5",True,True,other,7,6
81449,2025-07-31,29.21277,83.03833,"83.03833,29.21277","Landslide at Lamalote , Shey Phoksundo Rural Municipality-99",True,True,other,32,3
81451,2025-07-31,27.61645,84.36001,"84.36001,27.61645","Landslide at Bhiurankot , Bharatpur Metropolitan City-14",True,True,other,39,3
81470,2025-08-02,28.14127,83.0752,"83.0752,28.14127","Landslide at Purkotdaha , Madane Rural Municipality-6",True,True,other,3,6
81471,2025-08-02,29.20864,80.48616,"80.48616,29.20864",Landslide at Alital Rural Municipality-3,True,True,other,44,6
81476,2025-08-02,27.72488,86.68194,"86.68194,27.72488","Landslide at Thalakhum , Khumbupasanglahmu Rural Municipality-3",True,True,other,88,6
81477,2025-08-02,28.86981,82.19935,"82.19935,28.86981","Landslide at Dasera , Kuse Rural Municipality-7",True,True,other,66,6
81478,2025-08-02,27.50254,86.35505,"86.35505,27.50254","Landslide at Buku , Khijidemba Rural Municipality-7",True,True,other,1,6
81484,2025-08-02,27.53685,86.18811,"86.18811,27.53685","Landslide at Rajamantar , Gokulganga Rural Municipality-4",True,True,other,49,6
81485,2025-08-03,28.73884,82.46045,"82.46045,28.73884","Landslide at Jurbot, Banfikot Rural Municipality-6",True,True,other,44,4
81487,2025-08-03,28.73884,82.46045,"82.46045,28.73884",Landslide at Banfikot Rural Municipality-6,True,True,other,44,4
81492,2025-08-03,28.4,82.09154,"82.09154,28.4","Landslide at Gotheri , Sharada Municipality-9",True,True,other,45,4
81509,2025-08-04,28.09848,83.31058,"83.31058,28.09848",Landslide at Resunga Municipality-14,True,True,other,90,7
81515,2025-08-04,28.32432,82.65523,"82.65523,28.32432","Landslide at Likyang , Rolpa Municipality-10",True,True,other,149,7
81517,2025-08-04,29.7171,81.15534,"81.15534,29.7171","Landslide at Paira , Surma Rural Municipality-1",True,True,other,38,7
81518,2025-08-04,27.17377,87.09084,"87.09084,27.17377",Landslide at Bhojpur Municipality-11,True,True,other,65,7
81520,2025-08-04,27.17377,87.09084,"87.09084,27.17377","Landslide at Phedi , Bhojpur Municipality-11",True,True,other,65,7
81521,2025-08-04,27.72488,86.68194,"86.68194,27.72488","Landslide at Bhasme , Khumbupasanglahmu Rural Municipality-3",True,True,other,88,7
81522,2025-08-04,28.09848,83.31058,"83.31058,28.09848",Landslide at Resunga Municipality-14,True,True,other,90,7
81532,2025-08-05,27.82173,83.63419,"83.63419,27.82173",Landslide at Mathagadhi Rural Municipality-1,True,True,other,79,10
81539,2025-08-03,27.17377,87.09084,"87.09084,27.17377",Landslide at Bhojpur Municipality-11,True,True,other,65,4
81548,2025-08-05,27.94393,83.04234,"83.04234,27.94393",Landslide at Bhumekasthan Municipality-7,True,True,other,50,10
81552,2025-08-05,28.67995,82.58551,"82.58551,28.67995",Landslide at Banfikot Rural Municipality-1,True,True,other,1,10
81554,2025-08-05,27.92789,83.05445,"83.05445,27.92789","Landslide at Dhanchaur , Bhumekasthan Municipality-10",True,True,other,3,10
81559,2025-08-05,27.9672,82.44665,"82.44665,27.9672","Landslide at Dhondre , Ghorahi Submetropolitan City-5",True,True,other,14,10
81561,2025-08-05,27.80072,83.07075,"83.07075,27.80072",Landslide at Sitganga Municipality-12,True,True,other,6,10
81564,2025-08-05,27.94393,83.04234,"83.04234,27.94393","Landslide at Barbot , Bhumekasthan Municipality-7",True,True,other,50,10
81576,2025-08-05,28.86981,82.19935,"82.19935,28.86981","Landslide at Bahunthana , Kuse Rural Municipality-7",True,True,other,66,10
81577,2025-08-05,27.79918,82.93102,"82.93102,27.79918","Landslide at Khayarbhatti , Sitganga Municipality-10",True,True,other,2,10
81611,2025-08-08,27.82173,83.63419,"83.63419,27.82173",Landslide at Mathagadhi Rural Municipality-1,True,True,other,79,8
81612,2025-08-08,28.00638,84.94688,"84.94688,28.00638",Landslide at Netrawati Dabjong Rural Municipality-1,True,True,other,86,8
81616,2025-08-08,29.05697,81.46574,"81.46574,29.05697",Landslide at Aathabis Municipality-4,True,True,other,1,8
81632,2025-08-08,27.36504,85.71838,"85.71838,27.36504",Landslide at Ghanglekh Rural Municipality-5,True,True,other,1,8
81635,2025-08-08,27.13741,87.5752,"87.5752,27.13741",Landslide at Phedap Rural Municipality-3,True,True,other,53,8
81638,2025-08-08,28.65047,81.50876,"81.50876,28.65047","Landslide at Thulo Jatri , Barahtal Rural Municipality-8",True,True,other,24,8
81641,2025-08-05,28.54637,83.48729,"83.48729,28.54637","Landslide at Baisari , Raghuganga Rural Municipality-8",True,True,other,128,10
81648,2025-08-09,28.28362,84.43609,"84.43609,28.28362",Landslide at Marsyangdi Rural Municipality-7,True,True,other,56,4
81649,2025-08-09,28.56714,82.5129,"82.5129,28.56714",Landslide at Musikot Municipality-10,True,True,other,3,4
81650,2025-08-08,27.33592,86.44629,"86.44629,27.33592","Landslide at Kelpu , Molung Rural Municipality-1",True,True,other,71,8
81653,2025-08-08,28.86981,82.19935,"82.19935,28.86981","Landslide at Darimpata, Kuse Rural Municipality-7",True,True,other,66,8
81656,2025-08-09,28.36832,83.74427,"83.74427,28.36832","Landslide at Bhale odhar , Annapurna Rural Municipality-9",True,True,other,1,4
81657,2025-08-09,28.30598,83.68004,"83.68004,28.30598",Landslide at Modi Rural Municipality-4,True,True,other,1,4
81678,2025-08-11,28.65047,81.50876,"81.50876,28.65047","Landslide at Gandra , Barahtal Rural Municipality-8",True,True,other,24,6
81679,2025-08-11,28.65047,81.50876,"81.50876,28.65047","Landslide at Samakhoriya , Barahtal Rural Municipality-8",True,True,other,24,6
81680,2025-08-11,29.21559,81.74506,"81.74506,29.21559","Landslide at Dharmaghar , Pachaljharana Rural Municipality-3",True,True,other,81,6
81681,2025-08-11,27.17377,87.09084,"87.09084,27.17377","Landslide at Khamdak , Bhojpur Municipality-11",True,True,other,65,6
81682,2025-08-10,27.38688,87.21569,"87.21569,27.38688","Landslide at Makrip , Khandbari Municipality-7",True,True,other,104,1
81684,2025-08-11,29.26654,81.61856,"81.61856,29.26654",Landslide at Raskot Municipality-1,True,True,other,4,6
81687,2025-08-11,27.92448,85.24446,"85.24446,27.92448","Landslide at Chisodhara , Suryagadhi Rural Municipality-4",True,True,other,94,6
81700,2025-08-12,26.88507,87.89616,"87.89616,26.88507","Landslide at Soktim , Illam Municipality-12",True,True,other,71,3
81714,2025-08-12,28.32432,82.65523,"82.65523,28.32432","Landslide at Kalabhir , Rolpa Municipality-10",True,True,other,149,3
81715,2025-08-13,28.37641,82.67848,"82.67848,28.37641",Landslide at Rolpa Municipality-10,True,True,other,8,7
81716,2025-08-13,26.88507,87.89616,"87.89616,26.88507","Landslide at Manbung , Illam Municipality-12",True,True,other,71,7
81726,2025-08-12,27.38688,87.21569,"87.21569,27.38688","Landslide at Kotgaau , Khandbari Municipality-7",True,True,other,104,3
81730,2025-08-13,27.72488,86.68194,"86.68194,27.72488","Landslide at Pasku , Khumbupasanglahmu Rural Municipality-3",True,True,other,88,7
81733,2025-08-13,26.88507,87.89616,"87.89616,26.88507","Landslide at Kanyam , Illam Municipality-12",True,True,other,71,7
81738,2025-08-13,26.84036,87.29822,"87.29822,26.84036","Landslide at Susma Golai , Dharan Submetropolitan City-13",True,True,other,3,7
81741,2025-08-13,27.72488,86.68194,"86.68194,27.72488","Landslide at Rukura , Khumbupasanglahmu Rural Municipality-3",True,True,other,88,7
81751,2025-08-14,27.15055,87.80224,"87.80224,27.15055",Landslide at Phidim Municipality-11,True,True,other,5,8
81765,2025-08-14,28.67399,82.81088,"82.81088,28.67399",Landslide at Putha Uttarganga Rural Municipality-4,True,True,other,31,8
81766,2025-08-14,28.99187,81.25873,"81.25873,28.99187",Landslide at Dhakari Rural Municipality-1,True,True,other,2,8
81769,2025-08-14,27.82173,83.63419,"83.63419,27.82173",Landslide at Mathagadhi Rural Municipality-1,True,True,other,79,8
81770,2025-08-14,28.73884,82.46045,"82.46045,28.73884",Landslide at Banfikot Rural Municipality-6,True,True,other,44,8
81773,2025-08-13,30.02618,81.88546,"81.88546,30.02618",Landslide at Simkot Rural Municipality-3,True,True,other,36,7
81788,2025-08-14,27.17377,87.09084,"87.09084,27.17377","Landslide at Okharbote , Bhojpur Municipality-11",True,True,other,65,8
81789,2025-08-14,28.21498,82.80819,"82.80819,28.21498",Landslide at Lungri Rural Municipality-3,True,True,other,1,8
81791,2025-08-14,27.82349,86.22218,"86.22218,27.82349","Landslide at Orang , Bigu Rural Municipality-1",True,True,other,62,8
81806,2025-08-15,26.64064,87.12722,"87.12722,26.64064",Landslide at Inaruwa Municipality-8,True,True,other,31,2
81827,2025-08-16,28.73884,82.46045,"82.46045,28.73884","Landslide at Reut Tole , Banfikot Rural Municipality-6",True,True,other,44,1
81835,2025-08-17,28.00638,84.94688,"84.94688,28.00638",Landslide at Netrawati Dabjong Rural Municipality-1,True,True,other,86,3
81838,2025-08-17,28.09848,83.31058,"83.31058,28.09848","Landslide at Thulachaur , Resunga Municipality-14",True,True,other,90,3
81840,2025-08-17,27.15466,87.35056,"87.35056,27.15466",Landslide at Mahalaxmi Municipality-2,True,True,other,2,3
81858,2025-08-18,28.54637,83.48729,"83.48729,28.54637","Landslide at Mahabhir , Raghuganga Rural Municipality-8",True,True,other,128,4
81859,2025-08-18,28.32432,82.65523,"82.65523,28.32432",Landslide at Rolpa Municipality-10,True,True,other,149,4
81873,2025-08-18,27.42044,86.58843,"86.58843,27.42044","Landslide at Sare Chyane , Nechasalyan Rural Municipality-6",True,True,other,18,4
81888,2025-08-19,29.21559,81.74506,"81.74506,29.21559",Landslide at Pachaljharana Rural Municipality-3,True,True,other,81,7
81891,2025-08-19,28.50291,83.84147,"83.84147,28.50291",Landslide at Annapurna Rural Municipality-11,True,True,other,5,7
81892,2025-08-19,29.06417,81.30663,"81.30663,29.06417",Landslide at Kamalbazar Municipality-7,True,True,other,19,7
81899,2025-08-19,27.38688,87.21569,"87.21569,27.38688",Landslide at Khandbari Municipality-7,True,True,other,104,7
81925,2025-08-18,28.86981,82.19935,"82.19935,28.86981",Landslide at Kuse Rural Municipality-7,True,True,other,66,4
81926,2025-08-20,27.13622,87.06737,"87.06737,27.13622",Landslide at Bhojpur Municipality-12,True,True,other,4,4
81931,2025-08-19,28.73884,82.46045,"82.46045,28.73884",Landslide at Banfikot Rural Municipality-6,True,True,other,44,7
81941,2025-08-15,27.4427,85.08797,"85.08797,27.4427",Landslide at Makawanpurgadhi Rural Municipality-5,True,True,other,52,2
81982,2025-08-20,28.73702,82.08091,"82.08091,28.73702","Landslide at Dhungel Bajar , Chhedagad Municipality-11",True,True,other,2,4
81983,2025-08-21,28.76437,82.12098,"82.12098,28.76437","Landslide at Timure , Chhedagad Municipality-10",True,True,other,2,3
81984,2025-08-21,29.67916,82.30447,"82.30447,29.67916","Landslide at Nigale , Mugum Karmarong Rural Municipality-7",True,True,other,26,3
81985,2025-08-20,28.73884,82.46045,"82.46045,28.73884","Landslide at Muru , Banfikot Rural Municipality-6",True,True,other,44,4
81986,2025-08-19,28.94779,82.4441,"82.4441,28.94779","Landslide at Tallo Hitan Gaau , Nalgaad Municipality-11",True,True,other,1,7
81987,2025-08-20,28.83888,81.96607,"81.96607,28.83888",Landslide at Junichande Rural Municipality-11,True,True,other,1,4
82012,2025-08-23,27.69912,85.37856,"85.37856,27.69912",Landslide at Kageshwori Manahora Municipality-9,True,True,other,61,6
82013,2025-08-22,27.79639,85.31955,"85.31955,27.79639",Landslide at Tarakeshwor Municipality-1,True,True,other,1,7
82014,2025-08-22,29.92362,80.73694,"80.73694,29.92362",Landslide at Apihimal Rural Municipality-6,True,True,other,48,7
82017,2025-08-22,27.4427,85.08797,"85.08797,27.4427",Landslide at Makawanpurgadhi Rural Municipality-5,True,True,other,52,7
82026,2025-08-22,27.17377,87.09084,"87.09084,27.17377",Landslide at Bhojpur Municipality-11,True,True,other,65,7
82027,2025-08-22,27.69912,85.37856,"85.37856,27.69912","Landslide at Dhapasi Salesberi , Kageshwori Manahora Municipality-9",True,True,other,61,7
82036,2025-08-21,28.56714,82.5129,"82.5129,28.56714",Landslide at Musikot Municipality-10,True,True,other,3,3
82037,2025-08-22,28.89726,81.74148,"81.74148,28.89726",Landslide at Narayan Municipality-4,True,True,other,1,7
82043,2025-08-22,28.88537,81.67138,"81.67138,28.88537",Landslide at Mahabu Rural Municipality-2,True,True,other,26,7
82044,2025-08-23,29.92362,80.73694,"80.73694,29.92362",Landslide at Apihimal Rural Municipality-6,True,True,other,48,6
82045,2025-08-23,28.03606,84.93818,"84.93818,28.03606",Landslide at Gangajamuna Rural Municipality-4,True,True,other,2,6
82046,2025-08-23,28.88537,81.67138,"81.67138,28.88537","Landslide at Baltar , Mahabu Rural Municipality-2",True,True,other,26,6
82048,2025-08-23,29.84392,80.60089,"80.60089,29.84392","Landslide at Lasku , Mahakali_Darchula Municipality-1",True,True,other,2,6
82049,2025-08-19,29.21559,81.74506,"81.74506,29.21559","Landslide at Syuna , Pachaljharana Rural Municipality-3",True,True,other,81,7
82059,2025-08-24,28.71962,82.4742,"82.4742,28.71962","Landslide at Kuru , Banfikot Rural Municipality-5",True,True,other,2,1
82179,2025-08-26,27.38688,87.21569,"87.21569,27.38688",Landslide at Khandbari Municipality-7,True,True,other,104,1
82204,2025-08-27,28.00638,84.94688,"84.94688,28.00638","Landslide at Satkilla , Netrawati Dabjong Rural Municipality-1",True,True,other,86,3
82205,2025-08-28,27.69912,85.37856,"85.37856,27.69912",Landslide at Kageshwori Manahora Municipality-9,True,True,other,61,6
82215,2025-08-28,27.38688,87.21569,"87.21569,27.38688",Landslide at Khandbari Municipality-7,True,True,other,104,6
82217,2025-08-28,27.17377,87.09084,"87.09084,27.17377","Landslide at Chhausa , Bhojpur Municipality-11",True,True,other,65,6
82219,2025-08-28,27.17377,87.09084,"87.09084,27.17377",Landslide at Bhojpur Municipality-11,True,True,other,65,6
82221,2025-08-27,27.48885,86.39194,"86.39194,27.48885",Landslide at Khijidemba Rural Municipality-8,True,True,other,2,3
82222,2025-08-28,27.4427,85.08797,"85.08797,27.4427","Landslide at Sirsire, Makawanpurgadhi Rural Municipality-5",True,True,other,52,6
82223,2025-08-27,27.92448,85.24446,"85.24446,27.92448","Landslide at Simtar , Suryagadhi Rural Municipality-4",True,True,other,94,3
82226,2025-08-29,28.18171,84.0207,"84.0207,28.18171",Landslide at Pokhara Lekhnath Metropolitan City-14,True,True,other,2,11
82227,2025-08-29,29.92362,80.73694,"80.73694,29.92362",Landslide at Apihimal Rural Municipality-6,True,True,other,48,11
82228,2025-08-29,28.66148,83.40692,"83.40692,28.66148","Landslide at Chechung , Dhaulagiri Rural Municipality-4",True,True,other,2,11
82229,2025-08-29,28.28266,83.39678,"83.39678,28.28266",Landslide at Tara Khola Rural Municipality-3,True,True,other,3,11
82233,2025-08-28,28.88537,81.67138,"81.67138,28.88537",Landslide at Mahabu Rural Municipality-2,True,True,other,26,6
82234,2025-08-29,27.84901,85.73444,"85.73444,27.84901",Landslide at Jugal Rural Municipality-1,True,True,other,1,11
82235,2025-08-29,28.74013,80.89463,"80.89463,28.74013",Landslide at Gauriganga Municipality-9,True,True,other,15,11
82238,2025-08-29,27.82349,86.22218,"86.22218,27.82349",Landslide at Bigu Rural Municipality-1,True,True,other,62,11
82239,2025-08-29,29.92362,80.73694,"80.73694,29.92362","Landslide at Badali Gaau , Apihimal Rural Municipality-6",True,True,other,48,11
82242,2025-08-29,29.61051,80.80611,"80.80611,29.61051",Landslide at Bungal Municipality-9,True,True,other,1,11
82245,2025-08-29,28.32432,82.65523,"82.65523,28.32432",Landslide at Rolpa Municipality-10,True,True,other,149,11
82249,2025-08-29,28.86981,82.19935,"82.19935,28.86981","Landslide at Maugan , Kuse Rural Municipality-7",True,True,other,66,11
82252,2025-08-30,28.73884,82.46045,"82.46045,28.73884",Landslide at Banfikot Rural Municipality-6,True,True,other,44,8
82256,2025-08-30,27.92075,83.58994,"83.58994,27.92075",Landslide at Bagnaskali Rural Municipality-6,True,True,other,2,8
82257,2025-08-30,28.85619,81.91988,"81.91988,28.85619",Landslide at Junichande Rural Municipality-9,True,True,other,1,8
82258,2025-08-30,28.88537,81.67138,"81.67138,28.88537","Landslide at Bisuna Tole , Mahabu Rural Municipality-2",True,True,other,26,8
82276,2025-08-31,28.86981,82.19935,"82.19935,28.86981","Landslide at Dhadtole , Kuse Rural Municipality-7",True,True,other,66,23
82277,2025-08-31,28.67399,82.81088,"82.81088,28.67399",Landslide at Putha Uttarganga Rural Municipality-4,True,True,other,31,23
82278,2025-08-31,29.66983,80.50672,"80.50672,29.66983",Landslide at Lekam Rural Municipality-6,True,True,other,1,23
82279,2025-08-30,28.68223,82.46736,"82.46736,28.68223",Landslide at Banfikot Rural Municipality-4,True,True,other,4,8
82280,2025-08-30,28.68351,82.44758,"82.44758,28.68351",Landslide at Banfikot Rural Municipality-9,True,True,other,4,8
82282,2025-08-31,27.56322,86.15598,"86.15598,27.56322",Landslide at Tamakoshi Rural Municipality-7,True,True,other,1,23
82283,2025-08-31,28.64313,82.5167,"82.5167,28.64313",Landslide at Sisne Rural Municipality-8,True,True,other,2,23
82284,2025-08-31,27.69912,85.37856,"85.37856,27.69912",Landslide at Kageshwori Manahora Municipality-9,True,True,other,61,23
82285,2025-08-31,29.50844,80.57647,"80.57647,29.50844",Landslide at Surnaya Rural Municipality-5,True,True,other,73,23
82288,2025-08-31,28.1755,85.46091,"85.46091,28.1755",Landslide at Gosaikunda Rural Municipality-4,True,True,other,53,23
82290,2025-08-31,27.90711,85.75568,"85.75568,27.90711",Landslide at Jugal Rural Municipality-2,True,True,other,86,23
82291,2025-08-30,28.86981,82.19935,"82.19935,28.86981",Landslide at Kuse Rural Municipality-7,True,True,other,66,8
82292,2025-08-31,28.86981,82.19935,"82.19935,28.86981",Landslide at Kuse Rural Municipality-7,True,True,other,66,23
82294,2025-08-31,28.7476,82.36591,"82.36591,28.7476",Landslide at Aathbiskot Municipality-12,True,True,other,2,23
82296,2025-08-31,28.1755,85.46091,"85.46091,28.1755",Landslide at Gosaikunda Rural Municipality-4,True,True,other,53,23
82297,2025-08-31,28.86981,82.19935,"82.19935,28.86981",Landslide at Kuse Rural Municipality-7,True,True,other,66,23
82298,2025-08-30,28.71962,82.4742,"82.4742,28.71962",Landslide at Banfikot Rural Municipality-5,True,True,other,2,8
82299,2025-08-31,28.32432,82.65523,"82.65523,28.32432",Landslide at Rolpa Municipality-10,True,True,other,149,23
82316,2025-08-31,28.73884,82.46045,"82.46045,28.73884","Landslide at Chhing Taligaau , Banfikot Rural Municipality-6",True,True,other,44,23
82317,2025-08-31,28.60356,82.33345,"82.33345,28.60356",Landslide at Chaurjahari Municipality-14,True,True,other,3,23
82318,2025-09-01,27.60988,87.82613,"87.82613,27.60988","Landslide at Tempo , Phaktanglung Rural Municipality-6",True,True,other,148,7
82324,2025-09-01,28.58306,82.41053,"82.41053,28.58306",Landslide at Tribeni Rural Municipality-7,True,True,other,1,7
82327,2025-08-31,27.05462,87.36605,"87.36605,27.05462",Landslide at Chhathar Jorpati Rural Municipality-2,True,True,other,3,23
82329,2025-08-31,27.60988,87.82613,"87.82613,27.60988","Landslide at Sahajpur, Phaktanglung Rural Municipality-6",True,True,other,148,23
82331,2025-09-01,28.59118,82.46355,"82.46355,28.59118",Landslide at Musikot Municipality-11,True,True,other,2,7
82332,2025-09-01,28.12643,83.33888,"83.33888,28.12643",Landslide at Musikot Municipality-5,True,True,other,1,7
82337,2025-08-31,28.66138,82.3226,"82.3226,28.66138","Landslide at Sahare, Sani Bheri Rural Municipality-7",True,True,other,1,23
82338,2025-08-31,27.3887,87.86516,"87.86516,27.3887","Landslide at Hukma , Sirijangha Rural Municipality-5",True,True,other,6,23
82339,2025-08-31,27.71567,87.99778,"87.99778,27.71567","Landslide at Lelep , Phaktanglung Rural Municipality-6",True,True,other,6,23
82383,2025-09-02,28.4,82.09154,"82.09154,28.4",Landslide at Sharada Municipality-9,True,True,other,45,8
82388,2025-09-02,29.50844,80.57647,"80.57647,29.50844",Landslide at Surnaya Rural Municipality-5,True,True,other,73,8
82390,2025-09-02,28.73884,82.46045,"82.46045,28.73884",Landslide at Banfikot Rural Municipality-6,True,True,other,44,8
82397,2025-09-02,27.92448,85.24446,"85.24446,27.92448",Landslide at Suryagadhi Rural Municipality-4,True,True,other,94,8
82398,2025-09-02,29.50844,80.57647,"80.57647,29.50844",Landslide at Surnaya Rural Municipality-5,True,True,other,73,8
82401,2025-09-01,27.90711,85.75568,"85.75568,27.90711",Landslide at Jugal Rural Municipality-2,True,True,other,86,7
82402,2025-09-02,28.68223,82.46736,"82.46736,28.68223","Landslide at Gaura Gaau , Banfikot Rural Municipality-4",True,True,other,4,8
82403,2025-09-01,27.82386,85.78376,"85.78376,27.82386",Landslide at Balefi Rural Municipality-1,True,True,other,2,7
82404,2025-09-01,28.6228,82.4129,"82.4129,28.6228",Landslide at Musikot Municipality-13,True,True,other,2,7
82405,2025-09-02,28.73884,82.46045,"82.46045,28.73884",Landslide at Banfikot Rural Municipality-6,True,True,other,44,8
82419,2025-09-03,29.50844,80.57647,"80.57647,29.50844","Landslide at Ramala , Surnaya Rural Municipality-5",True,True,other,73,2
82420,2025-08-31,27.82173,83.63419,"83.63419,27.82173",Landslide at Mathagadhi Rural Municipality-1,True,True,other,79,23
82423,2025-09-02,28.73884,82.46045,"82.46045,28.73884",Landslide at Banfikot Rural Municipality-6,True,True,other,44,8
82448,2025-09-03,28.65047,81.50876,"81.50876,28.65047","Landslide at Pokhare, Barahtal Rural Municipality-8",True,True,other,24,2
82449,2025-09-04,27.14773,87.78498,"87.78498,27.14773",Landslide at Phidim Municipality-11,True,True,other,83,3
82455,2025-09-04,28.61433,82.46244,"82.46244,28.61433",Landslide at Musikot Municipality-4,True,True,other,1,3
82463,2025-09-04,28.59756,82.66113,"82.66113,28.59756",Landslide at Bhume Rural Municipality-4,True,True,other,3,3
82464,2025-08-31,28.32432,82.65523,"82.65523,28.32432",Landslide at Rolpa Municipality-10,True,True,other,149,23
82471,2025-09-05,27.69912,85.37856,"85.37856,27.69912","Landslide at Tinpiple , Kageshwori Manahora Municipality-9",True,True,other,61,2
82473,2025-09-05,28.45764,82.41078,"82.41078,28.45764",Landslide at Sukidaha Rural Municipality-5,True,True,other,2,2
82483,2025-09-06,29.50844,80.57647,"80.57647,29.50844",Landslide at Surnaya Rural Municipality-5,True,True,other,73,2
82504,2025-09-06,28.73884,82.46045,"82.46045,28.73884",Landslide at Banfikot Rural Municipality-6,True,True,other,44,2
82509,2025-09-07,28.62382,82.35972,"82.35972,28.62382",Landslide at Sani Bheri Rural Municipality-11,True,True,other,3,2
82519,2025-09-07,27.79758,85.26235,"85.26235,27.79758","Landslide at Nagthan, Kakani Rural Municipality-1",True,True,other,1,2
82529,2025-09-10,27.41167,87.48958,"87.48958,27.41167",Landslide at Maiwakhola Rural Municipality-6,True,True,other,2,2
82540,2025-09-10,27.47737,86.74371,"86.74371,27.47737",Landslide at Sotang Rural Municipality-1,True,True,other,1,2
82548,2025-09-11,27.37272,87.53003,"87.53003,27.37272",Landslide at Maiwakhola Rural Municipality-5,True,True,other,1,2
82549,2025-09-12,27.82349,86.22218,"86.22218,27.82349",Landslide at Bigu Rural Municipality-1,True,True,other,62,2
82552,2025-09-12,28.70176,82.42349,"82.42349,28.70176",Landslide at Banfikot Rural Municipality-8,True,True,other,2,2
82554,2025-09-14,27.60988,87.82613,"87.82613,27.60988",Landslide at Phaktanglung Rural Municipality-6,True,True,other,148,8
82555,2025-09-14,27.12905,86.93105,"86.93105,27.12905","Landslide at Lekhai , Tyamkemaiyung Rural Municipality-9",True,True,other,4,8
82556,2025-09-14,27.17377,87.09084,"87.09084,27.17377","Landslide at Chaukidanda , Bhojpur Municipality-11",True,True,other,65,8
82557,2025-09-14,27.60988,87.82613,"87.82613,27.60988",Landslide at Phaktanglung Rural Municipality-6,True,True,other,148,8
82560,2025-09-14,27.26089,87.79789,"87.79789,27.26089","Landslide at Archale , Yangwarak Rural Municipality-6",True,True,other,2,8
82565,2025-09-14,28.2486,83.55691,"83.55691,28.2486","Landslide at Sigana , Baglung Municipality-8",True,True,other,1,8
82568,2025-09-15,28.10082,83.9431,"83.9431,28.10082","Landslide at Thuladihi , Putalibazar Municipality-7",True,True,other,1,8
82570,2025-09-14,28.86981,82.19935,"82.19935,28.86981","Landslide at Under Kateri , Kuse Rural Municipality-7",True,True,other,66,8
82583,2025-09-15,27.88022,83.77747,"83.77747,27.88022",Landslide at Rampur Municipality-10,True,True,other,3,8
82585,2025-09-14,27.15572,86.7091,"86.7091,27.15572",Landslide at Halesi Tuwachung Municipality-11,True,True,other,68,8
82586,2025-09-15,27.78093,83.30905,"83.30905,27.78093",Landslide at Rainadevi Chhahara Rural Municipality-7,True,True,other,1,8
82591,2025-09-15,27.22937,87.14007,"87.14007,27.22937","Landslide at Soryang , Arun Rural Municipality-2",True,True,other,1,8
82593,2025-09-15,27.17377,87.09084,"87.09084,27.17377","Landslide at Pashupatinath Temple , Bhojpur Municipality-11",True,True,other,65,8
82596,2025-09-16,27.81183,84.54786,"84.54786,27.81183","Landslide at Namsi Bridge , Ichchhyakamana Rural Municipality-6",True,True,other,16,5
82597,2025-09-16,27.84506,84.58205,"84.58205,27.84506",Landslide at Ichchhyakamana Rural Municipality-5,True,True,other,15,5
82601,2025-09-15,27.14773,87.78498,"87.78498,27.14773",Landslide at Phidim Municipality-11,True,True,other,83,8
82604,2025-09-16,27.20901,87.94642,"87.94642,27.20901",Landslide at Falelung Rural Municipality-3,True,True,other,6,5
82605,2025-09-16,28.20228,83.69519,"83.69519,28.20228",Landslide at Kushma Municipality-10,True,True,other,56,5
82607,2025-09-15,27.16179,87.93504,"87.93504,27.16179",Landslide at Falelung Rural Municipality-5,True,True,other,6,8
82617,2025-09-17,27.15662,86.65409,"86.65409,27.15662","Landslide at Dhitung , Halesi Tuwachung Municipality-8",True,True,other,2,5
82624,2025-09-17,28.66873,82.42632,"82.42632,28.66873",Landslide at Banfikot Rural Municipality-10,True,True,other,1,5
82629,2025-09-17,28.02518,84.10367,"84.10367,28.02518",Landslide at Shuklagandaki Municipality-7,True,True,other,4,5
82633,2025-09-15,27.11078,87.8763,"87.8763,27.11078",Landslide at Phidim Municipality-13,True,True,other,3,8
82635,2025-09-17,28.57902,83.75475,"83.75475,28.57902",Landslide at Annapurna Rural Municipality-4,True,True,other,2,5
82640,2025-09-16,28.63092,82.43546,"82.43546,28.63092",Landslide at Musikot Municipality-3,True,True,other,2,5
82654,2025-09-18,27.84506,84.58205,"84.58205,27.84506",Landslide at Ichchhyakamana Rural Municipality-5,True,True,other,15,3
82656,2025-09-17,27.90246,83.71187,"83.71187,27.90246",Landslide at Rambha Rural Municipality-1,True,True,other,3,5
82665,2025-09-18,27.41167,87.48958,"87.48958,27.41167",Landslide at Maiwakhola Rural Municipality-6,True,True,other,2,3
82687,2025-09-19,29.40589,81.3771,"81.3771,29.40589","Landslide at Harikaun , Budhiganga Municipality-1",True,True,other,7,2
82689,2025-09-18,27.83284,85.12465,"85.12465,27.83284","Landslide at Siureni , Belkotgadhi Municipality-9",True,True,other,3,3
82691,2025-09-20,27.81834,83.78861,"83.78861,27.81834",Landslide at Purbakhola Rural Municipality-3,True,True,other,2,4
82692,2025-09-20,27.42044,86.58843,"86.58843,27.42044",Landslide at Nechasalyan Rural Municipality-6,True,True,other,18,4
82693,2025-09-19,28.37429,84.5162,"84.5162,28.37429","Landslide at Nayakharka , Marsyangdi Rural Municipality-7",True,True,other,1,2
82694,2025-09-20,27.44175,87.57938,"87.57938,27.44175",Landslide at Meringden Rural Municipality-5,True,True,other,6,4
82708,2025-09-21,27.74457,85.46233,"85.46233,27.74457",Landslide at Shankharapur Municipality-8,True,True,other,1,4
82709,2025-09-21,27.84506,84.58205,"84.58205,27.84506",Landslide at Ichchhyakamana Rural Municipality-5,True,True,other,15,4
82720,2025-09-21,28.19349,85.38617,"85.38617,28.19349",Landslide at Gosaikunda Rural Municipality-3,True,True,other,7,4
82722,2025-09-20,27.36195,86.50334,"86.50334,27.36195",Landslide at Siddhicharan Municipality-7,True,True,other,1,4
82723,2025-09-21,27.80222,83.27173,"83.27173,27.80222",Landslide at Rainadevi Chhahara Rural Municipality-8,True,True,other,2,4
82729,2025-09-11,27.9672,82.44665,"82.44665,27.9672",Landslide at Ghorahi Submetropolitan City-5,True,True,other,14,2
82735,2025-09-22,27.00791,87.36671,"87.36671,27.00791","Landslide at Mokten , Dhankuta Municipality-2",True,True,other,53,2
82744,2025-09-22,28.73884,82.46045,"82.46045,28.73884","Landslide at Sisne Khola , Banfikot Rural Municipality-6",True,True,other,44,2
82746,2025-09-23,28.15699,83.83161,"83.83161,28.15699","Landslide at Goganpani , Aandhikhola Rural Municipality-5",True,True,other,2,3
82747,2025-09-23,27.71606,85.43446,"85.43446,27.71606",Landslide at Changunarayan Municipality-4,True,True,other,5,3
82748,2025-09-23,27.60988,87.82613,"87.82613,27.60988",Landslide at Phaktanglung Rural Municipality-6,True,True,other,148,3
82766,2025-09-24,27.82386,85.78376,"85.78376,27.82386","Landslide at Jalbire , Balefi Rural Municipality-1",True,True,other,2,3
82768,2025-09-24,27.79618,84.66706,"84.66706,27.79618",Landslide at Benighat Rorang Rural Municipality-10,True,True,other,19,3
82769,2025-09-24,27.86526,84.60671,"84.60671,27.86526",Landslide at Ichchhyakamana Rural Municipality-4,True,True,other,3,3
82822,2025-09-25,28.10342,82.36182,"82.36182,28.10342",Landslide at Tulsipur Submetropolitan City-18,True,True,other,2,2
82823,2025-09-25,28.32432,82.65523,"82.65523,28.32432",Landslide at Rolpa Municipality-10,True,True,other,149,2
82824,2025-09-26,27.79618,84.66706,"84.66706,27.79618",Landslide at Benighat Rorang Rural Municipality-10,True,True,other,19,1
82841,2025-09-27,28.6721,82.22353,"82.22353,28.6721",Landslide at Chaurjahari Municipality-9,True,True,other,2,1
82884,2025-09-28,27.74442,85.84745,"85.84745,27.74442",Landslide at Sunkoshi Rural Municipality-7,True,True,other,1,3
82885,2025-09-28,28.63186,81.65929,"81.65929,28.63186",Landslide at Birendranagar Municipality-13,True,True,other,1,3
82895,2025-09-28,29.31998,81.03637,"81.03637,29.31998",Landslide at Purbichauki Rural Municipality-2,True,True,other,1,3
82906,2025-09-30,28.59756,82.66113,"82.66113,28.59756","Landslide at Kandabagar , Bhume Rural Municipality-4",True,True,other,3,1
82916,2025-09-29,28.35962,83.51249,"83.51249,28.35962","Landslide at Beni Darwang Road Section , Beni Municipality-4",True,True,other,4,1
82937,2025-10-01,28.59756,82.66113,"82.66113,28.59756","Landslide at Kandabagar, Bhume Rural Municipality-4",True,True,other,3,1
82957,2025-10-02,28.22912,85.22575,"85.22575,28.22912","Landslide at Gatlang , Aamachhodingmo Rural Municipality-5",True,True,other,1,1
82996,2025-10-04,27.72335,85.88219,"85.88219,27.72335","Landslide at Lamidanda, Lisangkhu Pakhar Rural Municipality-6",True,True,other,1,23
82998,2025-10-04,27.4295,85.81098,"85.81098,27.4295","Landslide at Gajuli, Sunkoshi Rural Municipality-1",True,True,other,3,23
83020,2025-10-04,26.92025,87.79841,"87.79841,26.92025",Landslide at Deumai Municipality-5,True,True,other,1,23
83021,2025-10-04,26.90269,87.74196,"87.74196,26.90269","Landslide at Patigau, Mangsebung Rural Municipality-1",True,True,other,2,23
83022,2025-10-04,26.99496,87.74475,"87.74475,26.99496",Landslide at Fakphokthum Rural Municipality-1,True,True,other,3,23
83023,2025-10-04,26.92308,87.92525,"87.92525,26.92308",Landslide at Illam Municipality-6,True,True,other,2,23
83024,2025-10-04,26.94898,87.92656,"87.92656,26.94898",Landslide at Illam Municipality-5,True,True,other,1,23
83025,2025-10-04,26.97051,88.08516,"88.08516,26.97051","Landslide at Manebhanjyang, Suryodaya Municipality-1",True,True,other,2,23
83031,2025-10-05,27.60417,85.15673,"85.15673,27.60417",Landslide at Indrasarowar Rural Municipality-1,True,True,other,4,23
83032,2025-10-04,26.94213,87.86452,"87.86452,26.94213",Landslide at Deumai Municipality-3,True,True,other,2,23
83042,2025-10-05,27.65319,85.47419,"85.47419,27.65319","Landslide at Khadka Gaau , Suryabinayak Municipality-10",True,True,other,5,23
83046,2025-10-05,27.2942,85.40153,"85.40153,27.2942",Landslide at Bagmati Rural Municipality-4,True,True,other,1,23
83048,2025-10-04,26.98681,87.99809,"87.99809,26.98681",Landslide at Maijogmai Rural Municipality-6,True,True,other,4,23
83050,2025-10-04,26.92637,88.01247,"88.01247,26.92637",Landslide at Maijogmai Rural Municipality-3,True,True,other,3,23
83051,2025-10-05,28.12286,85.39797,"85.39797,28.12286",Landslide at Gosaikunda Rural Municipality-5,True,True,other,5,23
83052,2025-10-05,27.49536,85.8688,"85.8688,27.49536",Landslide at Sunapati Rural Municipality-3,True,True,other,2,23
83054,2025-10-04,27.04333,87.90249,"87.90249,27.04333",Landslide at Sandakpur Rural Municipality-1,True,True,other,1,23
83060,2025-10-05,27.64255,85.45976,"85.45976,27.64255",Landslide at Suryabinayak Municipality-9,True,True,other,1,23
83061,2025-10-05,27.71606,85.43446,"85.43446,27.71606",Landslide at Changunarayan Municipality-4,True,True,other,5,23
83064,2025-10-05,27.30089,87.36168,"87.36168,27.30089",Landslide at Chainpur Municipality-3,True,True,other,1,23
83069,2025-10-05,27.05115,87.27486,"87.27486,27.05115",Landslide at Pakhribas Municipality-4,True,True,other,3,23
83083,2025-10-05,27.11432,87.32919,"87.32919,27.11432",Landslide at Mahalaxmi Municipality-7,True,True,other,1,23
83084,2025-10-05,27.12585,87.02511,"87.02511,27.12585",Landslide at Ramprasad Rai Rural Municipality-3,True,True,other,1,23
83086,2025-10-04,27.60388,85.57867,"85.57867,27.60388",Landslide at Dhulikhel Municipality-9,True,True,other,1,23
83087,2025-10-05,26.90219,87.51275,"87.51275,26.90219",Landslide at Chaubise Rural Municipality-2,True,True,other,5,23
83091,2025-10-04,27.59934,85.60178,"85.60178,27.59934",Landslide at Dhulikhel Municipality-11,True,True,other,6,23
83092,2025-10-05,26.8924,87.23114,"87.23114,26.8924",Landslide at Sangurigadhi Rural Municipality-9,True,True,other,1,23
83093,2025-10-05,27.05462,87.36605,"87.36605,27.05462",Landslide at Chhathar Jorpati Rural Municipality-2,True,True,other,3,23
83096,2025-10-04,27.69912,85.37856,"85.37856,27.69912",Landslide at Kageshwori Manahora Municipality-9,True,True,other,61,23
83097,2025-10-05,27.43403,85.74575,"85.74575,27.43403",Landslide at Roshi Rural Municipality-11,True,True,other,7,23
83109,2025-10-05,27.21031,86.46296,"86.46296,27.21031",Landslide at Manebhanjyang Rural Municipality-5,True,True,other,1,23
83111,2025-10-04,26.87821,87.96788,"87.96788,26.87821",Landslide at Illam Municipality-10,True,True,other,1,23
83114,2025-10-05,27.53315,86.53258,"86.53258,27.53315",Landslide at Solududhakunda Municipality-3,True,True,other,3,23
83118,2025-10-04,26.93554,88.09541,"88.09541,26.93554","Landslide at Laxmibote, Suryodaya Municipality-3",True,True,other,3,23
83120,2025-10-04,26.98681,87.99809,"87.99809,26.98681",Landslide at Maijogmai Rural Municipality-6,True,True,other,4,23
83122,2025-10-05,26.94987,87.30312,"87.30312,26.94987","Landslide at Belahara , Dhankuta Municipality-9",True,True,other,3,23
83127,2025-10-04,26.7505,86.60268,"86.60268,26.7505","Landslide at damaiti, Triyuga Municipality-5",True,True,other,1,23
83129,2025-10-05,26.41782,87.25839,"87.25839,26.41782",Landslide at Biratnagar Metropolitan City-16,True,True,other,1,23
83135,2025-10-04,27.02309,87.72478,"87.72478,27.02309","Landslide at Jaubari, Falgunanda Rural Municipality-5",True,True,other,3,23
83136,2025-10-04,26.92698,87.62991,"87.62991,26.92698","Landslide at Solumba, Miklajung Rural Municipality-3",True,True,other,1,23
83137,2025-10-04,27.07624,87.72432,"87.72432,27.07624","Landslide at Alubari, Falgunanda Rural Municipality-1",True,True,other,1,23
83145,2025-10-05,26.98,87.62951,"87.62951,26.98",Landslide at Tumbewa Rural Municipality-4,True,True,other,1,23
83153,2025-10-06,27.16213,86.82613,"86.82613,27.16213","Landslide at chumlung, Sakela Rural Municipality-5",True,True,other,1,3
83162,2025-10-05,27.95251,82.98108,"82.98108,27.95251","Landslide at Bhalukhola, Airawati Rural Municipality-1",True,True,other,3,23
83648,2025-10-05,27.11406,87.12781,"87.12781,27.11406","Landslide at Manedanda, Pauwadungma Rural Municipality-4",True,True,other,1,23
83649,2025-10-06,27.27231,86.16985,"86.16985,27.27231","Landslide at Rampur, Ramechhap Municipality-5",True,True,other,1,3
83650,2025-10-05,27.03052,88.00881,"88.00881,27.03052",Landslide at Sandakpur Rural Municipality-5,True,True,other,1,23
83651,2025-10-07,27.62896,85.70556,"85.70556,27.62896","Landslide at Chakhola, Bhumlu Rural Municipality-10",True,True,other,2,1
83652,2025-10-04,26.72272,87.90454,"87.90454,26.72272",Landslide at Mai Municipality-2,True,True,other,1,23
85013,2025-10-16,27.29062,87.8113,"87.8113,27.29062",Landslide at Pathibhara Yangwarak Rural Municipality-6,True,True,other,3,1
85120,2025-10-06,29.37669,81.97217,"81.97217,29.37669","Landslide at katai, Sinja Rural Municipality-1",True,True,other,1,3
85139,2025-08-23,29.50844,80.57647,"80.57647,29.50844",Landslide at Surnaya Rural Municipality-5,True,True,other,73,6
85152,2025-10-29,28.92656,83.78555,"83.78555,28.92656",Landslide at Baragung Muktikhsetra Rural Municipality-3,True,True,other,3,1
85173,2025-10-30,28.9548,83.86811,"83.86811,28.9548",Landslide at Loghekar Damodarkunda Rural Municipality-5,True,True,other,22,1
85177,2025-10-31,28.92656,83.78555,"83.78555,28.92656",Landslide at Baragung Muktikhsetra Rural Municipality-3,True,True,other,3,7
85179,2025-10-31,27.42044,86.58843,"86.58843,27.42044",Landslide at Nechasalyan Rural Municipality-6,True,True,other,18,7
85180,2025-10-31,27.33855,86.75401,"86.75401,27.33855",Landslide at Ainselukhark Rural Municipality-7,True,True,other,1,7
85184,2025-10-31,27.09928,87.67184,"87.67184,27.09928",Landslide at Kummayak Rural Municipality-4,True,True,other,1,7
85185,2025-10-31,28.40411,84.84108,"84.84108,28.40411",Landslide at Chum Nubri Rural Municipality-3,True,True,other,2,7
85187,2025-10-31,28.79861,83.75392,"83.75392,28.79861",Landslide at Gharapjhong Rural Municipality-4,True,True,other,1,7
85192,2025-10-31,29.14881,82.84971,"82.84971,29.14881",Landslide at Shey Phoksundo Rural Municipality-99,True,True,other,1,7
85194,2025-11-01,27.33592,86.44629,"86.44629,27.33592",Landslide at Molung Rural Municipality-1,True,True,other,71,3
85205,2025-11-01,28.27345,84.8101,"84.8101,28.27345",Landslide at Dharche Rural Municipality-5,True,True,other,82,3
85215,2025-11-02,28.19583,84.04393,"84.04393,28.19583",Landslide at Pokhara Lekhnath Metropolitan City-26,True,True,other,3,2
85216,2025-11-02,27.14773,87.78498,"87.78498,27.14773",Landslide at Phidim Municipality-11,True,True,other,83,2
85229,2025-11-01,27.07127,86.74561,"86.74561,27.07127",Landslide at Diprung Chuichumma Rural Municipality-4,True,True,other,2,3
85388,2025-11-15,28.1755,85.46091,"85.46091,28.1755",Landslide at Gosaikunda Rural Municipality-4,True,True,other,53,1
85472,2025-11-20,27.87561,83.4706,"83.4706,27.87561","Landslide at Malmul , Ribdikot Rural Municipality-3",True,True,other,3,1
85488,2025-11-21,28.67916,84.18079,"84.18079,28.67916",Landslide at Narpa Bhoomi Rural Municipality-3,True,True,other,13,1
85590,2025-11-27,29.32366,81.73067,"81.73067,29.32366",Landslide at Pachaljharana Rural Municipality-6,True,True,other,3,1
85683,2025-12-03,27.14273,86.4007,"86.4007,27.14273",Landslide at Katari Municipality-14,True,True,other,5,1
85791,2025-12-08,28.1203,82.85541,"82.85541,28.1203",Landslide at Pyuthan Municipality-7,True,True,other,60,1
85814,2025-12-07,28.35288,83.27139,"83.27139,28.35288",Landslide at Dhorpatan Municipality-4,True,True,other,84,1
85819,2025-12-14,27.82173,83.63419,"83.63419,27.82173",Landslide at Mathagadhi Rural Municipality-1,True,True,other,79,2
85859,2025-12-14,28.32432,82.65523,"82.65523,28.32432",Landslide at Rolpa Municipality-10,True,True,other,149,2
85937,2025-12-19,28.27345,84.8101,"84.8101,28.27345",Landslide at Dharche Rural Municipality-5,True,True,other,82,1
86057,2025-12-26,28.22837,82.72372,"82.72372,28.22837",Landslide at Sunil Smriti Rural Municipality-4,True,True,other,2,1
86124,2025-12-29,28.73884,82.46045,"82.46045,28.73884","Landslide at Lagim , Banfikot Rural Municipality-6",True,True,other,44,1
86203,2026-01-02,28.4,82.09154,"82.09154,28.4","Landslide at Tharmare , Sharada Municipality-9",True,True,nepal_police,45,1
86442,2026-01-13,28.18112,82.96169,"82.96169,28.18112",Landslide at Jhimruk Rural Municipality-8,True,True,other,1,1
86544,2026-01-19,28.28117,85.45901,"85.45901,28.28117",Landslide at Gosaikunda Rural Municipality-2,True,True,other,12,1
86553,2026-01-18,28.29375,82.07439,"82.07439,28.29375",Landslide at Kalimati Rural Municipality-3,True,True,other,1,1
86675,2026-01-25,27.35559,87.61397,"87.61397,27.35559",Landslide at Aathrai Tribeni Rural Municipality-5,True,True,other,2,1
86762,2026-01-27,27.54796,85.33968,"85.33968,27.54796",Landslide at Konjyosom Rural Municipality-4,True,True,other,105,1
86793,2026-01-31,28.1755,85.46091,"85.46091,28.1755",Landslide at Gosaikunda Rural Municipality-4,True,True,other,53,1
86812,2026-02-01,27.56313,85.67105,"85.67105,27.56313",Landslide at Namobuddha Municipality-4,True,True,other,1,1
86839,2026-02-04,27.46644,85.2801,"85.2801,27.46644","Landslide at Bhalukhola, Bagmati Rural Municipality-4",True,True,other,3,1
86977,2026-02-14,28.54637,83.48729,"83.48729,28.54637","Landslide at Salyan , Raghuganga Rural Municipality-8",True,True,other,128,1
86981,2026-02-13,27.43528,87.63697,"87.63697,27.43528",Landslide at Mikwakhola Rural Municipality-3,True,True,other,1,1
87203,2026-02-25,26.87128,87.33491,"87.33491,26.87128","Landslide at Thumki, Sangurigadhi Rural Municipality-6",True,True,other,7,2
87220,2026-02-25,28.95548,82.20399,"82.20399,28.95548",Landslide at Barekot Rural Municipality-3,True,True,other,1,2
87262,2026-02-28,29.92362,80.73694,"80.73694,29.92362",Landslide at Apihimal Rural Municipality-6,True,True,other,48,1
87310,2026-03-04,29.20864,80.48616,"80.48616,29.20864",Landslide at Alital Rural Municipality-3,True,True,other,44,1
87324,2026-03-05,27.48578,83.85746,"83.85746,27.48578",Landslide at Susta Rural Municipality-1,True,True,other,1,1
87430,2026-03-14,27.31388,87.71237,"87.71237,27.31388","Landslide at Khokse Khola Mechi Highway , Pathibhara Yangwarak Rural Municipality-1",True,True,other,6,2
87435,2026-03-14,28.32432,82.65523,"82.65523,28.32432",Landslide at Rolpa Municipality-10,True,True,other,149,2
87448,2026-03-13,27.84506,84.58205,"84.58205,27.84506","Landslide at Tuinkhola , Ichchhyakamana Rural Municipality-5",True,True,other,15,2
87458,2026-03-13,27.00791,87.36671,"87.36671,27.00791",Landslide at Dhankuta Municipality-2,True,True,other,53,2
87471,2026-03-15,27.38688,87.21569,"87.21569,27.38688",Landslide at Khandbari Municipality-7,True,True,other,104,2
87476,2026-03-15,28.41489,82.48194,"82.48194,28.41489",Landslide at Madi Rural Municipality-3,True,True,other,2,2
87531,2026-03-16,27.87343,85.04002,"85.04002,27.87343",Landslide at Tarkeshwar Rural Municipality-4,True,True,other,1,1
87651,2026-03-18,27.82591,84.87233,"84.87233,27.82591",Landslide at Siddhalek Rural Municipality-6,True,True,other,1,1
87741,2026-03-20,27.54796,85.33968,"85.33968,27.54796",Landslide at Konjyosom Rural Municipality-4,True,True,other,105,3
87744,2026-03-20,27.49477,85.22413,"85.22413,27.49477",Landslide at Bhimphedi Rural Municipality-8,True,True,other,9,3
87750,2026-03-20,29.20864,80.48616,"80.48616,29.20864",Landslide at Alital Rural Municipality-3,True,True,other,44,3
87763,2026-03-21,26.87128,87.33491,"87.33491,26.87128","Landslide at Thumki, Sangurigadhi Rural Municipality-6",True,True,other,7,1
87845,2026-03-24,27.00791,87.36671,"87.36671,27.00791",Landslide at Dhankuta Municipality-2,True,True,other,53,2
87847,2026-03-24,26.64064,87.12722,"87.12722,26.64064",Landslide at Inaruwa Municipality-8,True,True,other,31,2
87862,2026-03-25,27.87493,85.36771,"85.36771,27.87493","Landslide at Gaujini, Shivapuri Rural Municipality-3",True,True,other,2,2
87864,2026-03-25,27.31388,87.71237,"87.71237,27.31388","Landslide at khose khola, Pathibhara Yangwarak Rural Municipality-1",True,True,other,6,2
87895,2026-03-27,27.33419,87.68754,"87.68754,27.33419","Landslide at Khoxe Khola, Phungling Municipality-8",True,True,other,3,5
87896,2026-03-27,27.9933,85.9263,"85.9263,27.9933","Landslide at Kodhari, Bhotekoshi Rural Municipality-2",True,True,other,6,5
87913,2026-03-27,27.4427,85.08797,"85.08797,27.4427",Landslide at Makawanpurgadhi Rural Municipality-5,True,True,other,52,5
87920,2026-03-27,27.78523,84.74887,"84.74887,27.78523",Landslide at Benighat Rorang Rural Municipality-7,True,True,other,2,5
87941,2026-03-27,27.90711,85.75568,"85.75568,27.90711",Landslide at Jugal Rural Municipality-2,True,True,other,86,5
87944,2026-03-28,27.00791,87.36671,"87.36671,27.00791",Landslide at Dhankuta Municipality-2,True,True,other,53,1
87965,2026-03-29,27.68551,87.3542,"87.3542,27.68551","Landslide at Chhongrang, Bhotkhola Rural Municipality-4",True,True,other,6,5
87966,2026-03-29,26.87128,87.33491,"87.33491,26.87128","Landslide at Thumki, Sangurigadhi Rural Municipality-6",True,True,other,7,5
87979,2026-03-29,26.88507,87.89616,"87.89616,26.88507",Landslide at Illam Municipality-12,True,True,other,71,5
87985,2026-03-29,27.38688,87.21569,"87.21569,27.38688",Landslide at Khandbari Municipality-7,True,True,other,104,5
87986,2026-03-29,26.87128,87.33491,"87.33491,26.87128",Landslide at Sangurigadhi Rural Municipality-6,True,True,other,7,5
88005,2026-04-01,27.90711,85.75568,"85.75568,27.90711",Landslide at Jugal Rural Municipality-2,True,True,other,86,1
88008,2026-03-31,28.16563,84.30526,"84.30526,28.16563","Landslide at Bimire bhanjyang , MadhyaNepal Municipality-10",True,True,other,18,1
88113,2026-04-05,29.52296,81.39114,"81.39114,29.52296",Landslide at Gaumul Rural Municipality-3,True,True,other,1,1
88172,2026-04-06,27.65276,82.83111,"82.83111,27.65276","Landslide at hallanagar, Shivaraj Municipality-2",True,True,other,1,1
88188,2026-04-07,28.35562,85.01768,"85.01768,28.35562","Landslide at Kalabhir, Dharche Rural Municipality-1",True,True,other,3,1
88254,2026-04-09,26.87128,87.33491,"87.33491,26.87128","Landslide at Thumki, Sangurigadhi Rural Municipality-6",True,True,other,7,2
88258,2026-04-09,27.68551,87.3542,"87.3542,27.68551","Landslide at Simbong, Bhotkhola Rural Municipality-4",True,True,other,6,2
88366,2026-04-13,26.78922,88.05344,"88.05344,26.78922","Landslide at Bagkhor , Rong Rural Municipality-4",True,True,other,3,1
88588,2026-04-20,28.67916,84.18079,"84.18079,28.67916","Landslide at Ghayaru, Narpa Bhoomi Rural Municipality-3",True,True,nepal_police,13,1
88718,2026-04-22,26.78922,88.05344,"88.05344,26.78922","Landslide at Bagkhor , Rong Rural Municipality-4",True,True,other,3,1
88801,2026-04-25,28.34697,82.77714,"82.77714,28.34697","Landslide at mabang, Sunchhahari Rural Municipality-5",True,True,nepal_police,4,8
88807,2026-04-25,28.57586,82.6894,"82.6894,28.57586","Landslide at Kimubote, Bhume Rural Municipality-3",True,True,nepal_police,2,8
88812,2026-04-25,27.15055,87.80224,"87.80224,27.15055","Landslide at Adame, Phidim Municipality-11",True,True,nepal_police,5,8
88830,2026-04-25,28.31217,84.84381,"84.84381,28.31217","Landslide at Kalabhir, Dharche Rural Municipality-3",True,True,nepal_police,4,8
88838,2026-04-25,29.72505,81.97319,"81.97319,29.72505","Landslide at Khachha, Sarkegad Rural Municipality-1",True,True,nepal_police,4,8
88840,2026-04-25,28.28117,85.45901,"85.45901,28.28117","Landslide at Rasuwagadhi, Gosaikunda Rural Municipality-2",True,True,nepal_police,12,8
88851,2026-04-25,29.21277,83.03833,"83.03833,29.21277","Landslide at Shreebeade, Shey Phoksundo Rural Municipality-99",True,True,nepal_police,32,8
88863,2026-04-25,27.17377,87.09084,"87.09084,27.17377","Landslide at Panitanki, Bhojpur Municipality-11",True,True,nepal_police,65,8
88906,2026-04-26,28.73884,82.46045,"82.46045,28.73884","Landslide at Kalikhola , Banfikot Rural Municipality-6",True,True,nepal_police,44,1
88917,2026-04-28,28.36918,81.41147,"81.41147,28.36918","Landslide at Maurikhola , Barbardiya Municipality-7",True,True,other,2,2
88957,2026-04-27,28.59597,82.77276,"82.77276,28.59597",Landslide at Putha Uttarganga Rural Municipality-12,True,True,other,2,1
88989,2026-04-28,29.5579,81.49045,"81.49045,29.5579","Landslide at Mathillohuni, Gaumul Rural Municipality-1",True,True,nepal_police,57,2
88991,2026-04-29,28.16563,84.30526,"84.30526,28.16563","Landslide at Bimirebhanjayang, MadhyaNepal Municipality-10",True,True,nepal_police,18,3
89023,2026-04-29,28.54637,83.48729,"83.48729,28.54637","Landslide at Jalthale, Raghuganga Rural Municipality-8",True,True,nepal_police,128,3
89025,2026-04-29,27.90711,85.75568,"85.75568,27.90711","Landslide at Kodari, Jugal Rural Municipality-2",True,True,nepal_police,86,3
89052,2026-04-30,28.16563,84.30526,"84.30526,28.16563","Landslide at Bimirebhanjayang, MadhyaNepal Municipality-10",True,True,other,18,3
89069,2026-04-30,27.38688,87.21569,"87.21569,27.38688","Landslide at Koshi Highway , Khandbari Municipality-7",True,True,other,104,3
89105,2026-05-01,28.54637,83.48729,"83.48729,28.54637","Landslide at Bhijera , Raghuganga Rural Municipality-8",True,True,other,128,3
89107,2026-04-30,27.38688,87.21569,"87.21569,27.38688",Landslide at Khandbari Municipality-7,True,True,other,104,3
89109,2026-05-01,26.64064,87.12722,"87.12722,26.64064",Landslide at Inaruwa Municipality-8,True,True,other,31,3
89117,2026-05-01,26.89842,87.13001,"87.13001,26.89842","Landslide at Karam Chowk , Belaka Municipality-7",True,True,other,1,3
89121,2026-05-03,27.54796,85.33968,"85.33968,27.54796","Landslide at Pangdur, Konjyosom Rural Municipality-4",True,True,other,105,8
89122,2026-05-03,27.97909,82.83663,"82.83663,27.97909","Landslide at Khahare Khola , Sarumarani Rural Municipality-4",True,True,other,14,8
89124,2026-05-03,27.49477,85.22413,"85.22413,27.49477","Landslide at Bhryangdanda , Bhimphedi Rural Municipality-8",True,True,other,9,8
89125,2026-05-03,28.16563,84.30526,"84.30526,28.16563","Landslide at Bimire bhanjyang , MadhyaNepal Municipality-10",True,True,other,18,8
89135,2026-05-03,28.09848,83.31058,"83.31058,28.09848",Landslide at Resunga Municipality-14,True,True,nepal_police,90,8
89137,2026-05-03,28.1203,82.85541,"82.85541,28.1203","Landslide at Chathandamar, Pyuthan Municipality-7",True,True,nepal_police,60,8
89143,2026-05-03,27.54796,85.33968,"85.33968,27.54796","Landslide at Asrang, Konjyosom Rural Municipality-4",True,True,nepal_police,105,8
89189,2026-05-03,27.82173,83.63419,"83.63419,27.82173","Landslide at Siddhababa, Mathagadhi Rural Municipality-1",True,True,nepal_police,79,8
89217,2026-05-04,28.16563,84.30526,"84.30526,28.16563","Landslide at Bimirebhanjayang, MadhyaNepal Municipality-10",True,True,nepal_police,18,6
89230,2026-05-04,27.54796,85.33968,"85.33968,27.54796","Landslide at Kantilokpath, Konjyosom Rural Municipality-4",True,True,nepal_police,105,6
89240,2026-05-04,27.4427,85.08797,"85.08797,27.4427","Landslide at Kantilokpath, Makawanpurgadhi Rural Municipality-5",True,True,nepal_police,52,6
89251,2026-05-04,28.74013,80.89463,"80.89463,28.74013","Landslide at Bhasubhir, Gauriganga Municipality-9",True,True,nepal_police,15,6
89260,2026-05-04,28.34628,83.99007,"83.99007,28.34628","Landslide at Phadi, Machhapuchchhre Rural Municipality-2",True,True,nepal_police,61,6
89287,2026-05-05,28.16563,84.30526,"84.30526,28.16563","Landslide at Bimereabhanjhang, MadhyaNepal Municipality-10",True,True,nepal_police,18,2
89293,2026-05-04,27.60988,87.82613,"87.82613,27.60988",Landslide at Phaktanglung Rural Municipality-6,True,True,nepal_police,148,6
89312,2026-05-06,27.54796,85.33968,"85.33968,27.54796","Landslide at Kantilokpath, Konjyosom Rural Municipality-4",True,True,nepal_police,105,8
89316,2026-05-06,27.38688,87.21569,"87.21569,27.38688","Landslide at Dhansare, Khandbari Municipality-7",True,True,nepal_police,104,8
89317,2026-05-06,26.91084,86.72932,"86.72932,26.91084",Landslide at Triyuga Municipality-15,True,True,nepal_police,6,8
89327,2026-05-06,26.93279,86.66463,"86.66463,26.93279","Landslide at Hurhure, Rautamai Rural Municipality-7",True,True,nepal_police,31,8
89329,2026-05-07,27.00791,87.36671,"87.36671,27.00791","Landslide at Thumki, Dhankuta Municipality-2",True,True,nepal_police,53,5
89330,2026-05-05,26.64064,87.12722,"87.12722,26.64064",Landslide at Inaruwa Municipality-8,True,True,nepal_police,31,2
89333,2026-05-06,28.4,82.09154,"82.09154,28.4",Landslide at Sharada Municipality-9,True,True,other,45,8
89341,2026-05-06,27.82173,83.63419,"83.63419,27.82173","Landslide at Malmul, Mathagadhi Rural Municipality-1",True,True,nepal_police,79,8
89342,2026-05-06,28.4,82.09154,"82.09154,28.4","Landslide at Kharkhola, Sharada Municipality-9",True,True,nepal_police,45,8
89343,2026-05-06,28.4,82.09154,"82.09154,28.4",Landslide at Sharada Municipality-9,True,True,nepal_police,45,8
89354,2026-05-07,26.64064,87.12722,"87.12722,26.64064",Landslide at Inaruwa Municipality-8,True,True,other,31,5
89363,2026-05-07,27.84506,84.58205,"84.58205,27.84506","Landslide at Tuin Khola , Ichchhyakamana Rural Municipality-5",True,True,other,15,5
89367,2026-05-07,27.85558,84.53425,"84.53425,27.85558",Landslide at Anbukhaireni Rural Municipality-4,True,True,other,4,5
89368,2026-05-07,27.74194,83.509,"83.509,27.74194","Landslide at Siddhababa Temple , Tinau Rural Municipality-3",True,True,other,23,5
89372,2026-05-08,27.08412,86.39622,"86.39622,27.08412","Landslide at Hattisude, Katari Municipality-11",True,True,nepal_police,7,3
89374,2026-05-09,27.60988,87.82613,"87.82613,27.60988",Landslide at Phaktanglung Rural Municipality-6,True,True,nepal_police,148,1
89384,2026-05-08,27.54796,85.33968,"85.33968,27.54796","Landslide at Chapali, Konjyosom Rural Municipality-4",True,True,nepal_police,105,3
89385,2026-05-08,27.4427,85.08797,"85.08797,27.4427","Landslide at Bharayangdanda, Makawanpurgadhi Rural Municipality-5",True,True,nepal_police,52,3
89407,2026-05-10,28.32432,82.65523,"82.65523,28.32432",Landslide at Rolpa Municipality-10,True,True,other,149,1
89435,2026-05-12,28.54637,83.48729,"83.48729,28.54637","Landslide at mahabhir, Raghuganga Rural Municipality-8",True,True,nepal_police,128,2
89463,2026-05-12,27.08412,86.39622,"86.39622,27.08412","Landslide at Hattisude, Katari Municipality-11",True,True,nepal_police,7,2
89477,2026-05-14,27.15572,86.7091,"86.7091,27.15572","Landslide at Ragakate, Halesi Tuwachung Municipality-11",True,True,other,68,3
89503,2026-05-14,28.16563,84.30526,"84.30526,28.16563","Landslide at Bimirebhanjayang, MadhyaNepal Municipality-10",True,True,other,18,3
89514,2026-05-14,26.81763,87.66393,"87.66393,26.81763",Landslide at Chulachuli Rural Municipality-6,True,True,other,2,3
89523,2026-05-16,26.64064,87.12722,"87.12722,26.64064",Landslide at Inaruwa Municipality-8,True,True,other,31,3
89531,2026-05-15,28.54637,83.48729,"83.48729,28.54637",Landslide at Raghuganga Rural Municipality-8,True,True,other,128,1
89539,2026-05-16,27.32685,87.89939,"87.89939,27.32685","Landslide at Limbudin Norunga Kholsa , Sidingba Rural Municipality-5",True,True,other,1,3
89550,2026-05-16,27.72488,86.68194,"86.68194,27.72488",Landslide at Khumbupasanglahmu Rural Municipality-3,True,True,other,88,3
89603,2026-05-18,28.16563,84.30526,"84.30526,28.16563",Landslide at MadhyaNepal Municipality-10,True,True,nepal_police,18,1
89610,2026-05-19,27.67418,85.44123,"85.44123,27.67418","Landslide at Sipatole, Bhaktapur Municipality-9",True,True,nepal_police,31,2
89614,2026-05-19,28.65047,81.50876,"81.50876,28.65047","Landslide at Dhumke, Barahtal Rural Municipality-8",True,True,nepal_police,24,2
89615,2026-05-20,27.41296,85.24376,"85.24376,27.41296","Landslide at Ghattapakha, Bakaiya Rural Municipality-11",True,True,nepal_police,10,3
89623,2026-05-20,27.4427,85.08797,"85.08797,27.4427","Landslide at Bharangdanda, Makawanpurgadhi Rural Municipality-5",True,True,nepal_police,52,3
89655,2026-05-20,26.64064,87.12722,"87.12722,26.64064","Landslide at Dhansara, Inaruwa Municipality-8",True,True,nepal_police,31,3
89677,2026-05-21,28.54637,83.48729,"83.48729,28.54637","Landslide at Tallobaisari, Raghuganga Rural Municipality-8",True,True,nepal_police,128,2
89701,2026-05-22,29.21559,81.74506,"81.74506,29.21559","Landslide at Bhaisisaina & Jarkot , Pachaljharana Rural Municipality-3",True,True,other,81,8
89744,2026-05-22,27.14773,87.78498,"87.78498,27.14773","Landslide at Tamina, Phidim Municipality-11",True,True,other,83,8
89758,2026-05-24,27.38688,87.21569,"87.21569,27.38688","Landslide at Bittalove, Khandbari Municipality-7",True,True,other,104,1
89781,2026-05-22,27.60988,87.82613,"87.82613,27.60988","Landslide at Aankhope, Phaktanglung Rural Municipality-6",True,True,other,148,8
89782,2026-05-22,27.60988,87.82613,"87.82613,27.60988","Landslide at Aankhope, Phaktanglung Rural Municipality-6",True,True,other,148,8
89783,2026-05-22,27.60988,87.82613,"87.82613,27.60988","Landslide at Aankhope, Phaktanglung Rural Municipality-6",True,True,other,148,8
89789,2026-05-23,28.54637,83.48729,"83.48729,28.54637","Landslide at Begkhola, Raghuganga Rural Municipality-8",True,True,other,128,2
89800,2026-05-22,27.14773,87.78498,"87.78498,27.14773",Landslide at Phidim Municipality-11,True,True,other,83,8
89801,2026-05-23,27.14773,87.78498,"87.78498,27.14773","Landslide at Yoam, Phidim Municipality-11",True,True,other,83,2
89833,2026-05-22,27.14773,87.78498,"87.78498,27.14773",Landslide at Phidim Municipality-11,True,True,other,83,8
89836,2026-05-22,27.14773,87.78498,"87.78498,27.14773","Landslide at Oyama, Phidim Municipality-11",True,True,other,83,8
89859,2026-05-25,29.7171,81.15534,"81.15534,29.7171","Landslide at Tamail, Surma Rural Municipality-1",True,True,nepal_police,38,2
89882,2026-05-21,27.60988,87.82613,"87.82613,27.60988",Landslide at Phaktanglung Rural Municipality-6,True,True,nepal_police,148,2
89885,2026-05-25,27.38688,87.21569,"87.21569,27.38688","Landslide at Singbiung, Khandbari Municipality-7",True,True,nepal_police,104,2
89965,2026-05-26,28.18664,83.99761,"83.99761,28.18664",Landslide at Pokhara Lekhnath Metropolitan City-15,True,True,nepal_police,1,2
89978,2026-05-27,30.02618,81.88546,"81.88546,30.02618","Landslide at Khachha, Simkot Rural Municipality-3",True,True,nepal_police,36,1
90020,2026-05-29,29.5579,81.49045,"81.49045,29.5579",Landslide at Gaumul Rural Municipality-1,True,True,other,57,2
90023,2026-05-28,29.50673,81.69279,"81.69279,29.50673",Landslide at Budhinanda Municipality-1,True,True,other,1,3
90042,2026-05-28,28.9548,83.86811,"83.86811,28.9548",Landslide at Loghekar Damodarkunda Rural Municipality-5,True,True,other,22,3
90045,2026-05-26,27.38688,87.21569,"87.21569,27.38688",Landslide at Khandbari Municipality-7,True,True,other,104,2
90055,2026-05-28,28.16563,84.30526,"84.30526,28.16563",Landslide at MadhyaNepal Municipality-10,True,True,other,18,3
90071,2026-05-29,27.68551,87.3542,"87.3542,27.68551",Landslide at Bhotkhola Rural Municipality-4,True,True,other,6,2
90078,2026-05-30,27.95688,83.723,"83.723,27.95688",Landslide at Galyang Municipality-8,True,True,other,3,3
90096,2026-05-30,27.69912,85.37856,"85.37856,27.69912",Landslide at Kageshwori Manahora Municipality-9,True,True,other,61,3
90108,2026-05-30,27.41296,85.24376,"85.24376,27.41296",Landslide at Bakaiya Rural Municipality-11,True,True,other,10,3
90122,2026-05-31,28.65047,81.50876,"81.50876,28.65047","Landslide at Saule, Barahtal Rural Municipality-8",True,True,nepal_police,24,2
90134,2026-05-31,27.67418,85.44123,"85.44123,27.67418","Landslide at Jhaukhel, Bhaktapur Municipality-9",True,True,nepal_police,31,2
90207,2026-06-03,28.32432,82.65523,"82.65523,28.32432",Landslide at Rolpa Municipality-10,True,True,nepal_police,149,1
90227,2026-06-04,26.88507,87.89616,"87.89616,26.88507","Landslide at Jamuna, Illam Municipality-12",True,True,nepal_police,71,1
90307,2026-06-06,27.40527,87.72875,"87.72875,27.40527",Landslide at Phungling Municipality-10,True,True,other,4,1
90363,2026-06-09,27.00791,87.36671,"87.36671,27.00791","Landslide at Thumki, Dhankuta Municipality-2",True,True,nepal_police,53,9
90367,2026-06-09,27.38688,87.21569,"87.21569,27.38688",Landslide at Khandbari Municipality-7,True,True,nepal_police,104,9
90369,2026-06-09,30.02618,81.88546,"81.88546,30.02618","Landslide at Karnali, Simkot Rural Municipality-3",True,True,nepal_police,36,9
90377,2026-06-09,26.64064,87.12722,"87.12722,26.64064","Landslide at Dhansare, Inaruwa Municipality-8",True,True,nepal_police,31,9
90380,2026-06-09,28.43189,81.9922,"81.9922,28.43189",Landslide at Bangad Kupinde Municipality-11,True,True,nepal_police,3,9
90382,2026-06-09,27.62682,82.96838,"82.96838,27.62682","Landslide at Bhiraldanda, Buddhabhumi Municipality-8",True,True,nepal_police,7,9
90385,2026-06-09,28.43189,81.9922,"81.9922,28.43189","Landslide at Bagmara, Bangad Kupinde Municipality-11",True,True,nepal_police,3,9
90397,2026-06-09,29.21277,83.03833,"83.03833,29.21277","Landslide at Kalgauda, Shey Phoksundo Rural Municipality-99",True,True,nepal_police,32,9
90404,2026-06-11,27.15572,86.7091,"86.7091,27.15572",Landslide at Halesi Tuwachung Municipality-11,True,True,other,68,2
90409,2026-06-10,28.32432,82.65523,"82.65523,28.32432",Landslide at Rolpa Municipality-10,True,True,other,149,2
90423,2026-06-09,29.21559,81.74506,"81.74506,29.21559",Landslide at Pachaljharana Rural Municipality-3,True,True,other,81,9
90437,2026-06-11,27.00791,87.36671,"87.36671,27.00791",Landslide at Dhankuta Municipality-2,True,True,other,53,2
90443,2026-06-10,27.9672,82.44665,"82.44665,27.9672",Landslide at Ghorahi Submetropolitan City-5,True,True,other,14,2
90502,2026-06-14,27.2187,87.02621,"87.02621,27.2187",Landslide at Bhojpur Municipality-4,True,True,other,1,4
90508,2026-06-14,26.93279,86.66463,"86.66463,26.93279",Landslide at Rautamai Rural Municipality-7,True,True,other,31,4
90510,2026-06-14,28.16563,84.30526,"84.30526,28.16563",Landslide at MadhyaNepal Municipality-10,True,True,other,18,4
90512,2026-06-14,26.87128,87.33491,"87.33491,26.87128",Landslide at Sangurigadhi Rural Municipality-6,True,True,other,7,4
90516,2026-06-13,30.02618,81.88546,"81.88546,30.02618","Landslide at Thagna , Simkot Rural Municipality-3",True,True,other,36,1
90544,2026-06-15,28.54637,83.48729,"83.48729,28.54637",Landslide at Raghuganga Rural Municipality-8,True,True,other,128,1
90597,2026-06-17,27.84506,84.58205,"84.58205,27.84506",Landslide at Ichchhakamana Rural Municipality-5,True,True,other,15,1
90599,2026-06-18,26.88507,87.89616,"87.89616,26.88507","Landslide at Puwakhola , Ilam Municipality-12",True,True,other,71,5
90607,2026-06-19,27.13741,87.5752,"87.5752,27.13741",Landslide at Phedap Rural Municipality-3,True,True,other,53,9
90608,2026-06-19,28.28362,84.43609,"84.43609,28.28362",Landslide at Marsyangdi Rural Municipality-7,True,True,other,56,9
90637,2026-06-19,27.26089,87.79789,"87.79789,27.26089",Landslide at Yangwarak Rural Municipality-6,True,True,other,2,9
90645,2026-06-19,27.38688,87.21569,"87.21569,27.38688",Landslide at Khandbari Municipality-7,True,True,other,104,9
90646,2026-06-19,27.29372,87.85846,"87.85846,27.29372","Landslide at Kartike , Sidingba Rural Municipality-4",True,True,other,1,9
90647,2026-06-20,27.68739,84.06217,"84.06217,27.68739",Landslide at Hupsekot Rural Municipality-4,True,True,nepal_police,23,10
90648,2026-06-19,27.21243,87.79481,"87.79481,27.21243",Landslide at Hilihang Rural Municipality-5,True,True,nepal_police,2,9
90650,2026-06-19,27.90448,84.49256,"84.49256,27.90448",Landslide at Aanbookhaireni Rural Municipality-2,True,True,nepal_police,1,9
90651,2026-06-20,28.16563,84.30526,"84.30526,28.16563","Landslide at Bimirebhanjyang , MadhyaNepal Municipality-10",True,True,nepal_police,18,10
90653,2026-06-20,26.64064,87.12722,"87.12722,26.64064",Landslide at Inaruwa Municipality-8,True,True,nepal_police,31,10
90659,2026-06-19,26.85011,87.88468,"87.88468,26.85011",Landslide at Ilam Municipality-11,True,True,nepal_police,2,9
90665,2026-06-18,27.38688,87.21569,"87.21569,27.38688",Landslide at Khandbari Municipality-7,True,True,other,104,5
90668,2026-06-18,27.38688,87.21569,"87.21569,27.38688",Landslide at Khandbari Municipality-7,True,True,nepal_police,104,5
90672,2026-06-18,27.38688,87.21569,"87.21569,27.38688",Landslide at Khandbari Municipality-7,True,True,nepal_police,104,5
90680,2026-06-20,26.61037,87.46726,"87.46726,26.61037",Landslide at Belbari Municipality-8,True,True,nepal_police,5,10
90681,2026-06-18,27.38688,87.21569,"87.21569,27.38688",Landslide at Khandbari Municipality-7,True,True,nepal_police,104,5
90684,2026-06-20,26.8367,87.96494,"87.96494,26.8367",Landslide at Suryodaya Municipality-14,True,True,nepal_police,1,10
90686,2026-06-20,26.88507,87.89616,"87.89616,26.88507","Landslide at Maipokhari, Ilam Municipality-12",True,True,nepal_police,71,10
90692,2026-06-20,26.88507,87.89616,"87.89616,26.88507",Landslide at Ilam Municipality-12,True,True,nepal_police,71,10
90697,2026-06-21,27.13741,87.5752,"87.5752,27.13741","Landslide at Tudikhal, Phedap Rural Municipality-3",True,True,nepal_police,53,8
90702,2026-06-21,27.00791,87.36671,"87.36671,27.00791","Landslide at Thumki, Dhankuta Municipality-2",True,True,nepal_police,53,8
90706,2026-06-21,27.13741,87.5752,"87.5752,27.13741",Landslide at Phedap Rural Municipality-3,True,True,nepal_police,53,8
90723,2026-06-19,27.38688,87.21569,"87.21569,27.38688",Landslide at Khandbari Municipality-7,True,True,nepal_police,104,9
90738,2026-06-20,26.64064,87.12722,"87.12722,26.64064","Landslide at Dhansare, Inaruwa Municipality-8",True,True,nepal_police,31,10
90740,2026-06-20,28.27345,84.8101,"84.8101,28.27345","Landslide at Nareshwor, Dharche Rural Municipality-5",True,True,nepal_police,82,10
90742,2026-06-21,27.60988,87.82613,"87.82613,27.60988","Landslide at Khawang, Phaktanglung Rural Municipality-6",True,True,nepal_police,148,8
90746,2026-06-22,27.41296,85.24376,"85.24376,27.41296",Landslide at Bakaiya Rural Municipality-11,True,True,nepal_police,10,5
90747,2026-06-21,27.00791,87.36671,"87.36671,27.00791","Landslide at Thumki, Dhankuta Municipality-2",True,True,nepal_police,53,8
90754,2026-06-21,26.64064,87.12722,"87.12722,26.64064",Landslide at Inaruwa Municipality-8,True,True,nepal_police,31,8
90763,2026-06-22,27.92448,85.24446,"85.24446,27.92448",Landslide at Suryagadhi Rural Municipality-4,True,True,other,94,5
90767,2026-06-22,27.60988,87.82613,"87.82613,27.60988",Landslide at Phaktanglung Rural Municipality-6,True,True,other,148,5
90768,2026-06-21,27.38688,87.21569,"87.21569,27.38688","Landslide at Syabung , Khandbari Municipality-7",True,True,other,104,8
90774,2026-06-22,27.49345,87.64253,"87.64253,27.49345",Landslide at Mikwakhola Rural Municipality-4,True,True,other,3,5
90784,2026-06-21,27.60988,87.82613,"87.82613,27.60988",Landslide at Phaktanglung Rural Municipality-6,True,True,other,148,8
90788,2026-06-22,27.60988,87.82613,"87.82613,27.60988",Landslide at Phaktanglung Rural Municipality-6,True,True,other,148,5
90792,2026-06-23,27.38688,87.21569,"87.21569,27.38688","Landslide at Alphate , Khandbari Municipality-7",True,True,other,104,3
90803,2026-06-23,29.05448,81.42686,"81.42686,29.05448",Landslide at Panchadewal Binayak Municipality-4,True,True,other,2,3
90818,2026-06-24,28.54637,83.48729,"83.48729,28.54637",Landslide at Raghuganga Rural Municipality-8,True,True,other,128,2
90834,2026-06-24,27.38688,87.21569,"87.21569,27.38688",Landslide at Khandbari Municipality-7,True,True,other,104,2
90838,2026-06-20,26.88507,87.89616,"87.89616,26.88507",Landslide at Ilam Municipality-12,True,True,other,71,10
90844,2026-06-25,28.34628,83.99007,"83.99007,28.34628","Landslide at Nadipur, Machhapuchchhre Rural Municipality-2",True,True,other,61,5
90850,2026-06-25,27.38688,87.21569,"87.21569,27.38688",Landslide at Khandbari Municipality-7,True,True,other,104,5
90851,2026-06-25,26.88513,87.91573,"87.91573,26.88513",Landslide at Ilam Municipality-9,True,True,other,4,5
90861,2026-06-23,27.38688,87.21569,"87.21569,27.38688",Landslide at Khandbari Municipality-7,True,True,other,104,3
90885,2026-06-26,28.09848,83.31058,"83.31058,28.09848",Landslide at Resunga Municipality-14,True,True,nepal_police,90,3
90888,2026-06-26,27.40019,87.77646,"87.77646,27.40019",Landslide at Phungling Municipality-11,True,True,nepal_police,3,3
90893,2026-06-27,26.88513,87.91573,"87.91573,26.88513","Landslide at Rajduwali , Ilam Municipality-9",True,True,other,4,6
90903,2026-06-28,27.52177,88.00157,"88.00157,27.52177",Landslide at Sirijangha Rural Municipality-8,True,True,other,4,5
90905,2026-06-25,27.42936,87.21453,"87.21453,27.42936","Landslide at Malta, Khandbari Municipality-5",True,True,other,2,5
90914,2026-06-26,27.38688,87.21569,"87.21569,27.38688",Landslide at Khandbari Municipality-7,True,True,other,104,3
90925,2026-06-29,26.88513,87.91573,"87.91573,26.88513","Landslide at Rajduwali , Ilam Municipality-9",True,True,other,4,22
90926,2026-06-25,27.38688,87.21569,"87.21569,27.38688","Landslide at Malta , Khandbari Municipality-7",True,True,other,104,5
90930,2026-06-27,27.38688,87.21569,"87.21569,27.38688",Landslide at Khandbari Municipality-7,True,True,other,104,6
90936,2026-06-27,27.38688,87.21569,"87.21569,27.38688",Landslide at Khandbari Municipality-7,True,True,other,104,6
90938,2026-06-27,27.48854,87.13921,"87.13921,27.48854",Landslide at Silichong Rural Municipality-4,True,True,other,5,6
90945,2026-06-28,27.38688,87.21569,"87.21569,27.38688",Landslide at Khandbari Municipality-7,True,True,other,104,5
90947,2026-06-28,28.00226,83.68945,"83.68945,28.00226",Landslide at Waling Municipality-12,True,True,other,3,5
90965,2026-06-30,27.44987,85.22186,"85.22186,27.44987",Landslide at Bakaiya Rural Municipality-12,True,True,other,7,18
90974,2026-06-29,27.84506,84.58205,"84.58205,27.84506",Landslide at Ichchhakamana Rural Municipality-5,True,True,other,15,22
90976,2026-06-27,27.38688,87.21569,"87.21569,27.38688",Landslide at Khandbari Municipality-7,True,True,other,104,6
90977,2026-06-29,28.00226,83.68945,"83.68945,28.00226",Landslide at Waling Municipality-12,True,True,other,3,22
90979,2026-06-29,28.17239,83.66724,"83.66724,28.17239","Landslide at Bhawanpokhara , Phalewas Municipality-5",True,True,other,1,22
90985,2026-06-28,27.93572,84.24996,"84.24996,27.93572",Landslide at Rhishing Rural Municipality-1,True,True,other,54,5
90990,2026-06-29,27.93572,84.24996,"84.24996,27.93572",Landslide at Rhishing Rural Municipality-1,True,True,other,54,22
90991,2026-06-29,27.80222,83.27173,"83.27173,27.80222",Landslide at Rainadevi Chhahara Rural Municipality-8,True,True,other,2,22
90992,2026-06-29,27.94393,83.04234,"83.04234,27.94393",Landslide at Bhumikasthan Municipality-7,True,True,other,50,22
90998,2026-06-29,28.16563,84.30526,"84.30526,28.16563",Landslide at MadhyaNepal Municipality-10,True,True,other,18,22
90999,2026-06-29,27.97537,83.71366,"83.71366,27.97537",Landslide at Waling Municipality-13,True,True,other,4,22
91001,2026-06-29,28.05026,83.73811,"83.73811,28.05026",Landslide at Bhirkot Municipality-8,True,True,other,56,22
91003,2026-06-29,28.09848,83.31058,"83.31058,28.09848",Landslide at Resunga Municipality-14,True,True,other,90,22
91005,2026-07-01,27.94051,83.8136,"83.8136,27.94051","Landslide at Lambhidanda , Waling Municipality-7",True,True,other,1,8
91013,2026-06-29,27.38688,87.21569,"87.21569,27.38688",Landslide at Khandbari Municipality-7,True,True,other,104,22
91020,2026-06-28,27.38688,87.21569,"87.21569,27.38688",Landslide at Khandbari Municipality-7,True,True,other,104,5
91021,2026-06-30,27.54796,85.33968,"85.33968,27.54796",Landslide at Konjyosom Rural Municipality-4,True,True,other,105,18
91029,2026-06-29,26.88507,87.89616,"87.89616,26.88507",Landslide at Ilam Municipality-12,True,True,other,71,22
91030,2026-06-27,26.90895,87.94275,"87.94275,26.90895",Landslide at Ilam Municipality-8,True,True,other,2,6
91031,2026-06-29,27.27066,87.34602,"87.34602,27.27066",Landslide at Madi Municipality-6,True,True,other,1,22
91032,2026-06-30,27.13741,87.5752,"87.5752,27.13741","Landslide at Bhulke, Phedap Rural Municipality-3",True,True,other,53,18
91036,2026-06-30,27.96681,83.40928,"83.40928,27.96681",Landslide at Rurukshetra Rural Municipality-3,True,True,other,1,18
91037,2026-06-30,27.42614,87.18827,"87.18827,27.42614",Landslide at Khandbari Municipality-4,True,True,other,3,18
91038,2026-06-29,28.83873,82.28331,"82.28331,28.83873",Landslide at Nalgaad Municipality-5,True,True,other,2,22
91040,2026-06-29,27.38688,87.21569,"87.21569,27.38688",Landslide at Khandbari Municipality-7,True,True,other,104,22
91042,2026-06-29,27.38688,87.21569,"87.21569,27.38688",Landslide at Khandbari Municipality-7,True,True,other,104,22
91044,2026-06-30,28.24732,83.15602,"83.15602,28.24732",Landslide at Malika Rural Municipality-2,True,True,other,3,18
91046,2026-06-30,27.11103,87.40994,"87.40994,27.11103",Landslide at Laligurans Municipality-4,True,True,other,1,18
91047,2026-06-29,27.38688,87.21569,"87.21569,27.38688",Landslide at Khandbari Municipality-7,True,True,other,104,22
91048,2026-06-29,28.1755,85.46091,"85.46091,28.1755",Landslide at Gosaikunda Rural Municipality-4,True,True,other,53,22
91049,2026-06-29,27.72488,86.68194,"86.68194,27.72488","Landslide at Chepel , Khumbu Pasanglhamu Rural Municipality-3",True,True,other,88,22
91051,2026-06-30,27.82173,83.63419,"83.63419,27.82173",Landslide at Mathagadhi Rural Municipality-1,True,True,other,79,18
91053,2026-06-30,28.09848,83.31058,"83.31058,28.09848","Landslide at Sisne Bhir , Resunga Municipality-14",True,True,other,90,18
91054,2026-06-30,27.13741,87.5752,"87.5752,27.13741",Landslide at Phedap Rural Municipality-3,True,True,other,53,18
91055,2026-06-30,28.01035,83.72077,"83.72077,28.01035",Landslide at Waling Municipality-14,True,True,other,9,18
91056,2026-06-30,27.17377,87.09084,"87.09084,27.17377",Landslide at Bhojpur Municipality-11,True,True,other,65,18
91057,2026-06-30,28.67399,82.81088,"82.81088,28.67399",Landslide at Putha Uttarganga Rural Municipality-4,True,True,other,31,18
91069,2026-06-30,27.38688,87.21569,"87.21569,27.38688",Landslide at Khandbari Municipality-7,True,True,other,104,18
91076,2026-07-01,30.02618,81.88546,"81.88546,30.02618",Landslide at Simkot Rural Municipality-3,True,True,other,36,8
91078,2026-06-30,27.38688,87.21569,"87.21569,27.38688",Landslide at Khandbari Municipality-7,True,True,other,104,18
91079,2026-06-30,27.38688,87.21569,"87.21569,27.38688",Landslide at Khandbari Municipality-7,True,True,other,104,18
91083,2026-07-01,27.60988,87.82613,"87.82613,27.60988","Landslide at Khokse River, Phaktanglung Rural Municipality-6",True,True,other,148,8
91091,2026-07-01,27.81101,83.54275,"83.54275,27.81101","Landslide at Dumre, Tansen Municipality-8",True,True,other,8,8
91094,2026-06-30,27.38688,87.21569,"87.21569,27.38688",Landslide at Khandbari Municipality-7,True,True,other,104,18
91097,2026-07-01,27.68739,84.06217,"84.06217,27.68739","Landslide at Bhokrebhat , Hupsekot Rural Municipality-4",True,True,other,23,8
91104,2026-06-30,28.05026,83.73811,"83.73811,28.05026","Landslide at Jaisipadhera , Bhirkot Municipality-8",True,True,other,56,18
91105,2026-07-01,28.05026,83.73811,"83.73811,28.05026","Landslide at Dhobadi , Bhirkot Municipality-8",True,True,other,56,8
91107,2026-07-01,27.61645,84.36001,"84.36001,27.61645",Landslide at Bharatpur Metropolitan City-14,True,True,other,39,8
91109,2026-07-01,28.01035,83.72077,"83.72077,28.01035","Landslide at Dumribhanjyang , Waling Municipality-14",True,True,other,9,8
91111,2026-07-02,27.68739,84.06217,"84.06217,27.68739",Landslide at Hupsekot Rural Municipality-4,True,True,other,23,6
91117,2026-07-02,27.38688,87.21569,"87.21569,27.38688",Landslide at Khandbari Municipality-7,True,True,other,104,6
91123,2026-07-02,27.61645,84.36001,"84.36001,27.61645",Landslide at Bharatpur Metropolitan City-14,True,True,other,39,6
91136,2026-07-02,28.34628,83.99007,"83.99007,28.34628",Landslide at Machhapuchchhre Rural Municipality-2,True,True,other,61,6
91137,2026-07-02,29.50844,80.57647,"80.57647,29.50844",Landslide at Surnaya Rural Municipality-5,True,True,other,73,6
91144,2026-07-03,27.61645,84.36001,"84.36001,27.61645","Landslide at Ghoptebhir , Bharatpur Metropolitan City-14",True,True,other,39,6
91146,2026-07-03,27.64583,85.43785,"85.43785,27.64583","Landslide at Doleshwor Maligaau , Suryabinayak Municipality-8",True,True,other,4,6
91150,2026-07-03,27.13741,87.5752,"87.5752,27.13741",Landslide at Phedap Rural Municipality-3,True,True,other,53,6
91151,2026-07-02,28.1755,85.46091,"85.46091,28.1755",Landslide at Gosaikunda Rural Municipality-4,True,True,other,53,6
91153,2026-07-03,28.86981,82.19935,"82.19935,28.86981",Landslide at Kushe Rural Municipality-7,True,True,other,66,6
91157,2026-07-04,28.32432,82.65523,"82.65523,28.32432","Landslide at Kholawang, Rolpa Municipality-10",True,True,other,149,7
91184,2026-07-03,27.33592,86.44629,"86.44629,27.33592",Landslide at Molung Rural Municipality-1,True,True,other,71,6
91185,2026-07-05,27.60988,87.82613,"87.82613,27.60988",Landslide at Phaktanglung Rural Municipality-6,True,True,other,148,16
91186,2026-07-05,27.82173,83.63419,"83.63419,27.82173","Landslide at Malmul , Mathagadhi Rural Municipality-1",True,True,other,79,16
91188,2026-07-05,27.90711,85.75568,"85.75568,27.90711","Landslide at Kodari , Jugal Rural Municipality-2",True,True,other,86,16
91189,2026-07-05,28.54637,83.48729,"83.48729,28.54637",Landslide at Raghuganga Rural Municipality-8,True,True,other,128,16
91190,2026-07-05,28.19884,83.91163,"83.91163,28.19884",Landslide at Pokhara Metropolitan City-22,True,True,other,8,16
91191,2026-07-05,28.54637,83.48729,"83.48729,28.54637",Landslide at Raghuganga Rural Municipality-8,True,True,other,128,16
91193,2026-07-05,29.50585,81.09085,"81.09085,29.50585",Landslide at Chabispathivera Rural Municipality-1,True,True,other,3,16
91209,2026-07-04,27.49345,87.64253,"87.64253,27.49345",Landslide at Mikwakhola Rural Municipality-4,True,True,other,3,7
91210,2026-07-04,28.16563,84.30526,"84.30526,28.16563","Landslide at Bimire bhanjyang , MadhyaNepal Municipality-10",True,True,other,18,7
91212,2026-07-04,27.60988,87.82613,"87.82613,27.60988",Landslide at Phaktanglung Rural Municipality-6,True,True,other,148,7
91223,2026-07-05,29.17333,81.78101,"81.78101,29.17333",Landslide at Tilagufa Municipality-7,True,True,other,4,16
91231,2026-07-04,28.01035,83.72077,"83.72077,28.01035",Landslide at Waling Municipality-14,True,True,other,9,7
91234,2026-07-05,29.21559,81.74506,"81.74506,29.21559","Landslide at Gaalje Bazar , Pachaljharana Rural Municipality-3",True,True,other,81,16
91236,2026-07-05,28.77264,82.32087,"82.32087,28.77264",Landslide at Aathbiskot Municipality-11,True,True,other,5,16
91241,2026-07-05,28.20228,83.69519,"83.69519,28.20228","Landslide at Karkineta Water Tank, Kushma Municipality-10",True,True,other,56,16
91242,2026-07-05,28.86981,82.19935,"82.19935,28.86981","Landslide at Thula Bagar and Chamakhet, Kushe Rural Municipality-7",True,True,other,66,16
91247,2026-07-06,27.79618,84.66706,"84.66706,27.79618","Landslide at Washing, Benighat Rorang Rural Municipality-10",True,True,other,19,6
91252,2026-07-05,27.69912,85.37856,"85.37856,27.69912",Landslide at Kageshwori Manahora Municipality-9,True,True,other,61,16
91253,2026-07-05,28.32432,82.65523,"82.65523,28.32432",Landslide at Rolpa Municipality-10,True,True,other,149,16
91254,2026-07-05,28.32432,82.65523,"82.65523,28.32432",Landslide at Rolpa Municipality-10,True,True,other,149,16
91258,2026-06-29,28.72977,82.31278,"82.31278,28.72977",Landslide at Aathbiskot Municipality-14,True,True,other,5,22
91259,2026-06-29,28.37641,82.67848,"82.67848,28.37641",Landslide at Rolpa Municipality-10,True,True,other,8,22
91269,2026-07-05,28.86981,82.19935,"82.19935,28.86981",Landslide at Kushe Rural Municipality-7,True,True,other,66,16
91281,2026-07-04,27.38688,87.21569,"87.21569,27.38688",Landslide at Khandbari Municipality-7,True,True,other,104,7
91284,2026-07-06,28.32432,82.65523,"82.65523,28.32432","Landslide at Harning , Rolpa Municipality-10",True,True,other,149,6
91285,2026-07-06,28.32432,82.65523,"82.65523,28.32432",Landslide at Rolpa Municipality-10,True,True,other,149,6
91293,2026-07-06,27.82173,83.63419,"83.63419,27.82173",Landslide at Mathagadhi Rural Municipality-1,True,True,other,79,6
91296,2026-07-06,27.60958,87.62768,"87.62768,27.60958","Landslide at Simbuk , Mikwakhola Rural Municipality-5",True,True,other,4,6
91305,2026-07-07,28.86981,82.19935,"82.19935,28.86981","Landslide at Maluwa , Kushe Rural Municipality-7",True,True,other,66,8
91306,2026-07-06,28.32432,82.65523,"82.65523,28.32432",Landslide at Rolpa Municipality-10,True,True,other,149,6
91307,2026-07-07,29.26129,80.85863,"80.85863,29.26129","Landslide at Surkhal , Shikhar Municipality-6",True,True,other,1,8
91309,2026-07-07,27.54493,85.63649,"85.63649,27.54493","Landslide at Gimdibesi , Namobuddha Municipality-7",True,True,other,59,8
91310,2026-07-07,28.26587,84.09597,"84.09597,28.26587","Landslide at Taprang , Madi Rural Municipality-3",True,True,other,1,8
91317,2026-07-08,28.54637,83.48729,"83.48729,28.54637","Landslide at Chamere, Raghuganga Rural Municipality-8",True,True,other,128,13
91318,2026-07-08,28.54637,83.48729,"83.48729,28.54637","Landslide at Baiseri , Raghuganga Rural Municipality-8",True,True,other,128,13
91319,2026-07-08,28.54637,83.48729,"83.48729,28.54637",Landslide at Raghuganga Rural Municipality-8,True,True,other,128,13
91322,2026-07-07,27.77921,84.48542,"84.48542,27.77921",Landslide at Bharatpur Metropolitan City-29,True,True,other,23,8
91324,2026-07-07,27.54796,85.33968,"85.33968,27.54796","Landslide at Pangdur , Konjyosom Rural Municipality-4",True,True,other,105,8
91326,2026-07-07,28.68588,81.82786,"81.82786,28.68588","Landslide at Siyal , Chingad Rural Municipality-4",True,True,other,1,8
91332,2026-07-08,28.32432,82.65523,"82.65523,28.32432","Landslide at Sevak Bhir , Rolpa Municipality-10",True,True,other,149,13
91339,2026-07-08,29.15374,81.25385,"81.25385,29.15374","Landslide at Khatigaau , Mangalsen Municipality-4",True,True,other,1,13
91340,2026-07-08,28.9548,83.86811,"83.86811,28.9548",Landslide at Lo Ghekar Damodarkunda Rural Municipality-5,True,True,other,22,13
91341,2026-07-07,27.72488,86.68194,"86.68194,27.72488","Landslide at Namlung Libu Danda , Khumbu Pasanglhamu Rural Municipality-3",True,True,other,88,8
91344,2026-07-08,27.77921,84.48542,"84.48542,27.77921",Landslide at Bharatpur Metropolitan City-29,True,True,other,23,13
91346,2026-07-08,27.60958,87.62768,"87.62768,27.60958","Landslide at Khistimbe , Mikwakhola Rural Municipality-5",True,True,other,4,13
91348,2026-07-08,27.82173,83.63419,"83.63419,27.82173","Landslide at Malmul , Mathagadhi Rural Municipality-1",True,True,other,79,13
91352,2026-07-09,28.09848,83.31058,"83.31058,28.09848","Landslide at Rakse , Resunga Municipality-14",True,True,other,90,10
91357,2026-07-08,28.27345,84.8101,"84.8101,28.27345","Landslide at Khambeshi , Dharche Rural Municipality-5",True,True,other,82,13
91361,2026-07-04,27.68994,85.2932,"85.2932,27.68994","Landslide at Balkhu , Kathmandu Metropolitan City-14",True,True,other,2,7
91370,2026-07-08,26.88507,87.89616,"87.89616,26.88507","Landslide at Shankhe Danda , Ilam Municipality-12",True,True,other,71,13
91373,2026-07-09,28.00872,83.58888,"83.58888,28.00872","Landslide at Paudi , Kaligandaki Rural Municipality-2",True,True,other,1,10
91374,2026-07-09,29.67916,82.30447,"82.30447,29.67916","Landslide at Pina Saatmod , Mugum Karmarong Rural Municipality-7",True,True,other,26,10
91375,2026-07-09,27.60988,87.82613,"87.82613,27.60988","Landslide at Khokse Khola , Phaktanglung Rural Municipality-6",True,True,other,148,10
91378,2026-07-09,28.20228,83.69519,"83.69519,28.20228","Landslide at Pharse , Kushma Municipality-10",True,True,other,56,10
91381,2026-07-10,27.49477,85.22413,"85.22413,27.49477","Landslide at Bharyangdanda , Bhimphedi Rural Municipality-8",True,True,other,9,12
91387,2026-07-09,26.89183,87.59447,"87.59447,26.89183",Landslide at Miklajung Rural Municipality-7,True,True,other,6,10
91388,2026-07-09,28.09848,83.31058,"83.31058,28.09848",Landslide at Resunga Municipality-14,True,True,other,90,10
91389,2026-07-08,27.17377,87.09084,"87.09084,27.17377",Landslide at Bhojpur Municipality-11,True,True,other,65,13
91394,2026-07-09,28.35288,83.27139,"83.27139,28.35288",Landslide at Dhorpatan Municipality-4,True,True,other,84,10
91397,2026-07-09,29.23923,82.21605,"82.21605,29.23923","Landslide at Sarmi , Guthichaur Rural Municipality-5",True,True,other,7,10
91399,2026-07-08,28.35408,82.57113,"82.57113,28.35408","Landslide at Simkhet , Rolpa Municipality-7",True,True,other,3,13
91400,2026-07-09,28.4235,84.16108,"84.16108,28.4235","Landslide at Jyamdo , Madi Rural Municipality-2",True,True,other,2,10
91401,2026-07-10,29.53287,81.91832,"81.91832,29.53287",Landslide at Khatyad Rural Municipality-3,True,True,other,1,12
91405,2026-07-10,27.75149,84.08632,"84.08632,27.75149",Landslide at Hupsekot Rural Municipality-5,True,True,other,7,12
91407,2026-07-10,27.54796,85.33968,"85.33968,27.54796",Landslide at Konjyosom Rural Municipality-4,True,True,other,105,12
91408,2026-07-10,26.64064,87.12722,"87.12722,26.64064",Landslide at Inaruwa Municipality-8,True,True,other,31,12
91409,2026-07-10,27.93269,85.36202,"85.36202,27.93269","Landslide at Jyamire , Tadi Rural Municipality-4",True,True,other,1,12
91416,2026-07-11,29.21559,81.74506,"81.74506,29.21559","Landslide at Gagane Khola , Pachaljharana Rural Municipality-3",True,True,other,81,14
91427,2026-07-10,26.64064,87.12722,"87.12722,26.64064",Landslide at Inaruwa Municipality-8,True,True,other,31,12
91428,2026-07-10,27.14773,87.78498,"87.78498,27.14773","Landslide at Lakhumdhara, Phidim Municipality-11",True,True,other,83,12
91429,2026-07-10,27.41296,85.24376,"85.24376,27.41296","Landslide at Ghattepakha , Bakaiya Rural Municipality-11",True,True,other,10,12
91430,2026-07-10,27.60988,87.82613,"87.82613,27.60988","Landslide at Thumbedin , Phaktanglung Rural Municipality-6",True,True,other,148,12
91444,2026-07-11,27.4427,85.08797,"85.08797,27.4427","Landslide at Bharyangdanda , Makawanpurgadhi Rural Municipality-5",True,True,other,52,14
91446,2026-07-11,27.60988,87.82613,"87.82613,27.60988","Landslide at Sawa , Phaktanglung Rural Municipality-6",True,True,other,148,14
91447,2026-07-11,27.82349,86.22218,"86.22218,27.82349","Landslide at Thangthang , Bigu Rural Municipality-1",True,True,other,62,14
91448,2026-07-11,29.21559,81.74506,"81.74506,29.21559","Landslide at Bhaisathekhola , Pachaljharana Rural Municipality-3",True,True,other,81,14
91456,2026-07-11,27.69912,85.37856,"85.37856,27.69912","Landslide at Mudkhu , Kageshwori Manahora Municipality-9",True,True,other,61,14
91457,2026-07-11,29.92362,80.73694,"80.73694,29.92362",Landslide at Apihimal Rural Municipality-6,True,True,other,48,14
91464,2026-07-10,28.1755,85.46091,"85.46091,28.1755",Landslide at Gosaikunda Rural Municipality-4,True,True,other,53,12
91465,2026-07-10,28.35288,83.27139,"83.27139,28.35288","Landslide at Phalleghar , Dhorpatan Municipality-4",True,True,other,84,12
91467,2026-07-11,27.49477,85.22413,"85.22413,27.49477","Landslide at Bharyangdanda , Bhimphedi Rural Municipality-8",True,True,other,9,14
91471,2026-07-11,28.34628,83.99007,"83.99007,28.34628",Landslide at Machhapuchchhre Rural Municipality-2,True,True,other,61,14
91473,2026-07-11,27.92448,85.24446,"85.24446,27.92448","Landslide at Thulo Khola , Suryagadhi Rural Municipality-4",True,True,other,94,14
91476,2026-07-11,27.92448,85.24446,"85.24446,27.92448",Landslide at Suryagadhi Rural Municipality-4,True,True,nepal_police,94,14
91481,2026-07-03,27.61645,84.36001,"84.36001,27.61645",Landslide at Bharatpur Metropolitan City-14,True,True,other,39,6
91484,2026-07-11,27.94393,83.04234,"83.04234,27.94393","Landslide at Dhungrekhola , Bhumikasthan Municipality-7",True,True,other,50,14
91489,2026-07-12,29.50844,80.57647,"80.57647,29.50844","Landslide at Dehimandau , Surnaya Rural Municipality-5",True,True,other,73,25
91490,2026-07-12,28.1755,85.46091,"85.46091,28.1755","Landslide at Gumchet, Gosaikunda Rural Municipality-4",True,True,other,53,25
91491,2026-07-12,29.67916,82.30447,"82.30447,29.67916","Landslide at Jhyari Khola , Mugum Karmarong Rural Municipality-7",True,True,other,26,25
91492,2026-07-12,28.32432,82.65523,"82.65523,28.32432",Landslide at Rolpa Municipality-10,True,True,other,149,25
91495,2026-07-12,27.9933,85.9263,"85.9263,27.9933","Landslide at Liping , Bhotekoshi Rural Municipality-2",True,True,other,6,25
91496,2026-07-12,26.93279,86.66463,"86.66463,26.93279","Landslide at Jholunge Bridge , Rautamai Rural Municipality-7",True,True,nepal_police,31,25
91498,2026-07-12,28.32432,82.65523,"82.65523,28.32432",Landslide at Rolpa Municipality-10,True,True,nepal_police,149,25
91499,2026-07-12,27.41296,85.24376,"85.24376,27.41296","Landslide at Ghattepakha , Bakaiya Rural Municipality-11",True,True,other,10,25
91501,2026-07-12,28.86981,82.19935,"82.19935,28.86981",Landslide at Kushe Rural Municipality-7,True,True,other,66,25
91502,2026-07-13,27.82349,86.22218,"86.22218,27.82349","Landslide at Camp Pole , Bigu Rural Municipality-1",True,True,other,62,38
91505,2026-07-13,28.44292,81.78915,"81.78915,28.44292",Landslide at Bheriganga Municipality-9,True,True,other,1,38
91509,2026-07-13,28.09848,83.31058,"83.31058,28.09848","Landslide at Kaule , Resunga Municipality-14",True,True,other,90,38
91510,2026-07-12,27.82173,83.63419,"83.63419,27.82173","Landslide at Headbox , Mathagadhi Rural Municipality-1",True,True,other,79,25
91511,2026-07-12,27.18536,85.90753,"85.90753,27.18536",Landslide at Kamalamai Municipality-5,True,True,other,36,25
91513,2026-07-13,27.90711,85.75568,"85.75568,27.90711","Landslide at Kodari , Jugal Rural Municipality-2",True,True,other,86,38
91522,2026-07-11,27.46156,86.81617,"86.81617,27.46156",Landslide at Sotang Rural Municipality-4,True,True,other,2,14
91524,2026-07-12,28.32432,82.65523,"82.65523,28.32432","Landslide at Kholawang , Rolpa Municipality-10",True,True,other,149,25
91525,2026-07-12,27.94393,83.04234,"83.04234,27.94393","Landslide at Dhungrekhola , Bhumikasthan Municipality-7",True,True,other,50,25
91529,2026-07-12,29.50844,80.57647,"80.57647,29.50844",Landslide at Surnaya Rural Municipality-5,True,True,other,73,25
91537,2026-07-12,29.53943,81.85244,"81.85244,29.53943",Landslide at Khatyad Rural Municipality-11,True,True,other,1,25
91539,2026-07-12,28.32432,82.65523,"82.65523,28.32432",Landslide at Rolpa Municipality-10,True,True,other,149,25
91544,2026-07-12,28.28362,84.43609,"84.43609,28.28362","Landslide at Kharkhare Bhir , Marsyangdi Rural Municipality-7",True,True,other,56,25
91545,2026-07-11,27.46156,86.81617,"86.81617,27.46156",Landslide at Sotang Rural Municipality-4,True,True,other,2,14
91547,2026-07-13,29.21559,81.74506,"81.74506,29.21559","Landslide at Kaprikhola , Pachaljharana Rural Municipality-3",True,True,other,81,38
91549,2026-07-13,27.4427,85.08797,"85.08797,27.4427",Landslide at Makawanpurgadhi Rural Municipality-5,True,True,other,52,38
91556,2026-07-13,27.44175,87.57938,"87.57938,27.44175","Landslide at Mashring , Meringden Rural Municipality-5",True,True,other,6,38
91557,2026-07-13,27.60988,87.82613,"87.82613,27.60988",Landslide at Phaktanglung Rural Municipality-6,True,True,other,148,38
91558,2026-07-13,26.91084,86.72932,"86.72932,26.91084",Landslide at Triyuga Municipality-15,True,True,other,6,38
91564,2026-07-13,27.88022,83.77747,"83.77747,27.88022",Landslide at Rampur Municipality-10,True,True,other,3,38
91565,2026-07-13,28.35288,83.27139,"83.27139,28.35288","Landslide at Belbagar , Dhorpatan Municipality-4",True,True,other,84,38
91567,2026-07-13,27.54796,85.33968,"85.33968,27.54796","Landslide at Bhalu Khola , Konjyosom Rural Municipality-4",True,True,other,105,38
91568,2026-07-12,27.14773,87.78498,"87.78498,27.14773",Landslide at Phidim Municipality-11,True,True,other,83,25
91569,2026-07-13,28.86981,82.19935,"82.19935,28.86981",Landslide at Kushe Rural Municipality-7,True,True,other,66,38
91571,2026-07-13,30.02618,81.88546,"81.88546,30.02618","Landslide at Bisauni , Simkot Rural Municipality-3",True,True,other,36,38
91572,2026-07-12,28.09848,83.31058,"83.31058,28.09848","Landslide at Rakse , Resunga Municipality-14",True,True,other,90,25
91573,2026-07-13,29.21559,81.74506,"81.74506,29.21559","Landslide at Gagane Khola , Pachaljharana Rural Municipality-3",True,True,other,81,38
91574,2026-07-12,29.21277,83.03833,"83.03833,29.21277","Landslide at Chhalgad , Shey Phoksundo Rural Municipality-99",True,True,other,32,25
91575,2026-07-13,26.64064,87.12722,"87.12722,26.64064",Landslide at Inaruwa Municipality-8,True,True,other,31,38
91577,2026-07-13,27.54796,85.33968,"85.33968,27.54796","Landslide at Bhattedanda , Konjyosom Rural Municipality-4",True,True,other,105,38
91578,2026-07-13,28.01035,83.72077,"83.72077,28.01035","Landslide at Dumribhanjyang , Waling Municipality-14",True,True,other,9,38
91581,2026-07-14,28.54637,83.48729,"83.48729,28.54637",Landslide at Raghuganga Rural Municipality-8,True,True,other,128,28
91582,2026-07-14,28.65047,81.50876,"81.50876,28.65047","Landslide at Harre , Barahtal Rural Municipality-8",True,True,other,24,28
91583,2026-07-14,28.46953,81.71033,"81.71033,28.46953","Landslide at Padule , Bheriganga Municipality-12",True,True,other,1,28
91584,2026-07-14,28.54637,83.48729,"83.48729,28.54637","Landslide at Nainibigar , Raghuganga Rural Municipality-8",True,True,other,128,28
91595,2026-07-14,28.10658,83.84272,"83.84272,28.10658","Landslide at Sumrekhola , Putalibazar Municipality-14",True,True,other,1,28
91597,2026-07-13,27.65307,85.31881,"85.31881,27.65307",Landslide at Lalitpur Metropolitan City-14,True,True,other,2,38
91598,2026-07-13,27.61645,84.36001,"84.36001,27.61645","Landslide at Tuinkhola , Bharatpur Metropolitan City-14",True,True,other,39,38
91600,2026-07-13,28.09848,83.31058,"83.31058,28.09848",Landslide at Resunga Municipality-14,True,True,other,90,38
91601,2026-07-13,27.77921,84.48542,"84.48542,27.77921","Landslide at Kerabari , Bharatpur Metropolitan City-29",True,True,other,23,38
91602,2026-07-13,29.18116,80.84086,"80.84086,29.18116","Landslide at Singrawa Aul , Shikhar Municipality-2",True,True,other,35,38
91603,2026-07-12,27.72488,86.68194,"86.68194,27.72488","Landslide at Susla , Khumbu Pasanglhamu Rural Municipality-3",True,True,other,88,25
91604,2026-07-13,27.71606,85.43446,"85.43446,27.71606","Landslide at Balakh, Changunarayan Municipality-4",True,True,other,5,38
91605,2026-07-13,27.14273,86.4007,"86.4007,27.14273",Landslide at Katari Municipality-14,True,True,other,5,38
91606,2026-07-13,27.33592,86.44629,"86.44629,27.33592","Landslide at Bhadare Khola , Molung Rural Municipality-1",True,True,other,71,38
91607,2026-07-13,27.15572,86.7091,"86.7091,27.15572","Landslide at Jor Simmal , Halesi Tuwachung Municipality-11",True,True,other,68,38
91608,2026-07-13,28.23698,84.09812,"84.09812,28.23698","Landslide at Bhaise , Madi Rural Municipality-4",True,True,other,2,38
91610,2026-07-13,27.18536,85.90753,"85.90753,27.18536","Landslide at Sumnambesi , Kamalamai Municipality-5",True,True,other,36,38
91612,2026-07-13,27.54796,85.33968,"85.33968,27.54796","Landslide at Rumbabhir , Konjyosom Rural Municipality-4",True,True,other,105,38
91613,2026-07-12,26.87128,87.33491,"87.33491,26.87128","Landslide at Thumki , Sangurigadhi Rural Municipality-6",True,True,other,7,25
91614,2026-07-13,27.61645,84.36001,"84.36001,27.61645","Landslide at Syauli Bazar , Bharatpur Metropolitan City-14",True,True,other,39,38
91615,2026-07-13,27.60988,87.82613,"87.82613,27.60988","Landslide at Kholme , Phaktanglung Rural Municipality-6",True,True,other,148,38
91616,2026-07-13,27.54796,85.33968,"85.33968,27.54796",Landslide at Konjyosom Rural Municipality-4,True,True,other,105,38
91617,2026-07-12,29.18116,80.84086,"80.84086,29.18116","Landslide at Sirma Gaau , Shikhar Municipality-2",True,True,other,35,25
91618,2026-07-13,27.54796,85.33968,"85.33968,27.54796","Landslide at Dalchoki , Konjyosom Rural Municipality-4",True,True,other,105,38
91620,2026-07-13,27.17377,87.09084,"87.09084,27.17377","Landslide at Sano Majhuwa , Bhojpur Municipality-11",True,True,other,65,38
91621,2026-07-14,28.1756,84.10946,"84.10946,28.1756","Landslide at Lakuri , Pokhara Metropolitan City-31",True,True,other,3,28
91626,2026-07-14,28.27345,84.8101,"84.8101,28.27345","Landslide at Dobhan , Dharche Rural Municipality-5",True,True,other,82,28
91627,2026-07-14,28.34628,83.99007,"83.99007,28.34628",Landslide at Machhapuchchhre Rural Municipality-2,True,True,other,61,28
91628,2026-07-14,27.60988,87.82613,"87.82613,27.60988",Landslide at Phaktanglung Rural Municipality-6,True,True,other,148,28
91629,2026-07-14,28.15753,83.97176,"83.97176,28.15753","Landslide at Dopahare , Pokhara Metropolitan City-21",True,True,other,4,28
91630,2026-07-14,28.0439,83.84002,"83.84002,28.0439",Landslide at Putalibazar Municipality-12,True,True,other,1,28
91631,2026-07-13,27.14773,87.78498,"87.78498,27.14773",Landslide at Phidim Municipality-11,True,True,other,83,38
91633,2026-07-14,28.35288,83.27139,"83.27139,28.35288","Landslide at Inarpaani, Dhorpatan Municipality-4",True,True,other,84,28
91634,2026-07-14,28.23259,83.8598,"83.8598,28.23259",Landslide at Pokhara Metropolitan City-23,True,True,other,7,28
91638,2026-07-14,27.14773,87.78498,"87.78498,27.14773",Landslide at Phidim Municipality-11,True,True,other,83,28
91643,2026-07-12,29.18116,80.84086,"80.84086,29.18116","Landslide at Kauradi , Shikhar Municipality-2",True,True,other,35,25
91644,2026-07-14,28.00226,83.68945,"83.68945,28.00226","Landslide at Bayatari Sirsikot , Waling Municipality-12",True,True,other,3,28
91646,2026-07-14,29.67916,82.30447,"82.30447,29.67916","Landslide at Aaladuna , Mugum Karmarong Rural Municipality-7",True,True,other,26,28
91647,2026-07-14,29.21559,81.74506,"81.74506,29.21559",Landslide at Pachaljharana Rural Municipality-3,True,True,other,81,28
91648,2026-07-14,28.05026,83.73811,"83.73811,28.05026","Landslide at Lablidanda , Bhirkot Municipality-8",True,True,other,56,28
91653,2026-07-14,28.01035,83.72077,"83.72077,28.01035","Landslide at Dumribhanjyang , Waling Municipality-14",True,True,other,9,28
91660,2026-07-15,27.79618,84.66706,"84.66706,27.79618","Landslide at Jawangkhola , Benighat Rorang Rural Municipality-10",True,True,other,19,12
91662,2026-07-14,26.64064,87.12722,"87.12722,26.64064",Landslide at Inaruwa Municipality-8,True,True,other,31,28
91663,2026-07-13,26.88902,86.6741,"86.6741,26.88902",Landslide at Triyuga Municipality-16,True,True,other,1,38
91664,2026-07-14,27.08412,86.39622,"86.39622,27.08412","Landslide at Hardeni , Katari Municipality-11",True,True,other,7,28
91673,2026-07-14,28.02518,84.10367,"84.10367,28.02518","Landslide at Dharapani , Shuklagandaki Municipality-7",True,True,other,4,28
91676,2026-07-14,28.83865,82.35576,"82.35576,28.83865",Landslide at Nalgaad Municipality-8,True,True,other,1,28
91677,2026-07-14,27.30205,87.9076,"87.9076,27.30205","Landslide at Aangepa , Sidingba Rural Municipality-3",True,True,other,3,28
91679,2026-07-14,27.97826,84.33696,"84.33696,27.97826","Landslide at Ghasikuwa , Vyas Municipality-12",True,True,other,7,28
91683,2026-07-14,27.90711,85.75568,"85.75568,27.90711","Landslide at Kodari , Jugal Rural Municipality-2",True,True,other,86,28
91684,2026-07-14,27.90711,85.75568,"85.75568,27.90711","Landslide at Eco , Jugal Rural Municipality-2",True,True,other,86,28
91685,2026-07-13,27.53318,87.34291,"87.34291,27.53318",Landslide at Makalu Rural Municipality-5,True,True,other,10,38
91686,2026-07-14,28.18357,83.77423,"83.77423,28.18357",Landslide at Aandhikhola Rural Municipality-3,True,True,other,1,28
91690,2026-07-15,29.5579,81.49045,"81.49045,29.5579",Landslide at Gaumul Rural Municipality-1,True,True,other,57,12
91691,2026-07-15,27.88838,85.98608,"85.98608,27.88838",Landslide at Bhotekoshi Rural Municipality-4,True,True,other,7,12
91692,2026-07-15,27.94393,83.04234,"83.04234,27.94393",Landslide at Bhumikasthan Municipality-7,True,True,other,50,12
91693,2026-07-15,27.79618,84.66706,"84.66706,27.79618","Landslide at Jawangkhola , Benighat Rorang Rural Municipality-10",True,True,other,19,12
91695,2026-07-15,26.8428,87.18168,"87.18168,26.8428",Landslide at Barah Municipality-1,True,True,other,12,12
91699,2026-07-15,27.60958,87.62768,"87.62768,27.60958","Landslide at Khistimbe , Mikwakhola Rural Municipality-5",True,True,other,4,12
91702,2026-07-15,27.60988,87.82613,"87.82613,27.60988",Landslide at Phaktanglung Rural Municipality-6,True,True,other,148,12
91708,2026-07-16,28.05026,83.73811,"83.73811,28.05026","Landslide at Banpale , Bhirkot Municipality-8",True,True,other,56,17
91713,2026-07-16,28.41807,83.64227,"83.64227,28.41807","Landslide at Mahabhir , Annapurna Rural Municipality-7",True,True,nepal_police,3,17
91716,2026-07-16,26.8428,87.18168,"87.18168,26.8428",Landslide at Barah Municipality-1,True,True,nepal_police,12,17
91717,2026-07-16,28.09848,83.31058,"83.31058,28.09848","Landslide at Sarkuri , Resunga Municipality-14",True,True,nepal_police,90,17
91721,2026-07-15,28.35288,83.27139,"83.27139,28.35288","Landslide at Belbagar, Dhorpatan Municipality-4",True,True,other,84,12
91724,2026-07-16,27.17259,87.85282,"87.85282,27.17259",Landslide at Falelung Rural Municipality-8,True,True,other,4,17
91725,2026-07-16,27.60988,87.82613,"87.82613,27.60988",Landslide at Phaktanglung Rural Municipality-6,True,True,other,148,17
91727,2026-07-16,28.27345,84.8101,"84.8101,28.27345","Landslide at Pandrung , Dharche Rural Municipality-5",True,True,other,82,17
91729,2026-07-15,27.67418,85.44123,"85.44123,27.67418","Landslide at Chitrapur , Bhaktapur Municipality-9",True,True,other,31,12
91732,2026-07-15,29.35427,81.35113,"81.35113,29.35427","Landslide at Malagad, Tribeni Municipality-8",True,True,other,2,12
91736,2026-07-16,27.53685,86.18811,"86.18811,27.53685",Landslide at Gokulganga Rural Municipality-4,True,True,other,49,17
91738,2026-07-15,29.5579,81.49045,"81.49045,29.5579",Landslide at Gaumul Rural Municipality-1,True,True,other,57,12
91742,2026-07-17,28.06103,84.72048,"84.72048,28.06103","Landslide at Pandrung , Barpak Sulikot Rural Municipality-8",True,True,other,3,25
91752,2026-07-17,28.1203,82.85541,"82.85541,28.1203","Landslide at Bahane Syaulibang , Pyuthan Municipality-7",True,True,other,60,25
91754,2026-07-16,27.41296,85.24376,"85.24376,27.41296","Landslide at Ghattepakha , Bakaiya Rural Municipality-11",True,True,other,10,17
91755,2026-07-16,27.15572,86.7091,"86.7091,27.15572","Landslide at Pankhu Khola , Halesi Tuwachung Municipality-11",True,True,other,68,17
91757,2026-07-16,27.92448,85.24446,"85.24446,27.92448",Landslide at Suryagadhi Rural Municipality-4,True,True,other,94,17
91760,2026-07-16,27.60988,87.82613,"87.82613,27.60988","Landslide at Kholme , Phaktanglung Rural Municipality-6",True,True,other,148,17
91762,2026-07-16,28.32432,82.65523,"82.65523,28.32432","Landslide at Triveni , Rolpa Municipality-10",True,True,other,149,17
91764,2026-07-16,27.79618,84.66706,"84.66706,27.79618","Landslide at Wasing , Benighat Rorang Rural Municipality-10",True,True,other,19,17
91769,2026-07-17,27.60988,87.82613,"87.82613,27.60988",Landslide at Phaktanglung Rural Municipality-6,True,True,other,148,25
91770,2026-07-17,27.90711,85.75568,"85.75568,27.90711","Landslide at Kodari , Jugal Rural Municipality-2",True,True,other,86,25
91775,2026-07-17,27.33592,86.44629,"86.44629,27.33592","Landslide at Pahire Khola , Molung Rural Municipality-1",True,True,other,71,25
91776,2026-07-17,28.35288,83.27139,"83.27139,28.35288","Landslide at Belbagar , Dhorpatan Municipality-4",True,True,other,84,25
91777,2026-07-17,29.21559,81.74506,"81.74506,29.21559","Landslide at Gagane Khola , Pachaljharana Rural Municipality-3",True,True,other,81,25
91780,2026-07-16,28.32432,82.65523,"82.65523,28.32432","Landslide at Kholawang , Rolpa Municipality-10",True,True,other,149,17
91781,2026-07-17,28.32432,82.65523,"82.65523,28.32432","Landslide at Mewang , Rolpa Municipality-10",True,True,other,149,25
91782,2026-07-17,28.32432,82.65523,"82.65523,28.32432",Landslide at Rolpa Municipality-10,True,True,other,149,25
91783,2026-07-16,28.86981,82.19935,"82.19935,28.86981",Landslide at Kushe Rural Municipality-7,True,True,other,66,17
91785,2026-07-17,27.22391,87.33979,"87.33979,27.22391",Landslide at Dharmadevi Municipality-5,True,True,other,2,25
91786,2026-07-18,27.92448,85.24446,"85.24446,27.92448","Landslide at Thulokhola , Suryagadhi Rural Municipality-4",True,True,other,94,21
91787,2026-07-17,27.08412,86.39622,"86.39622,27.08412","Landslide at Hardeni , Katari Municipality-11",True,True,other,7,25
91788,2026-07-17,28.27345,84.8101,"84.8101,28.27345","Landslide at Liding , Dharche Rural Municipality-5",True,True,other,82,25
91792,2026-07-17,28.54637,83.48729,"83.48729,28.54637","Landslide at Ghumaune Bhir , Raghuganga Rural Municipality-8",True,True,other,128,25
91793,2026-07-18,28.32432,82.65523,"82.65523,28.32432","Landslide at Kholawang, Rolpa Municipality-10",True,True,other,149,21
91794,2026-07-18,28.52699,82.50891,"82.50891,28.52699","Landslide at Sirbari , Paribartan Rural Municipality-4",True,True,other,5,21
91795,2026-07-17,27.68739,84.06217,"84.06217,27.68739","Landslide at Mathillo Arkhala , Hupsekot Rural Municipality-4",True,True,other,23,25
91796,2026-07-17,27.3187,86.49565,"86.49565,27.3187",Landslide at Siddhicharan Municipality-12,True,True,other,3,25
91797,2026-07-17,28.9548,83.86811,"83.86811,28.9548","Landslide at Chaile , Lo Ghekar Damodarkunda Rural Municipality-5",True,True,other,22,25
91799,2026-07-17,28.86981,82.19935,"82.19935,28.86981",Landslide at Kushe Rural Municipality-7,True,True,other,66,25
91803,2026-07-17,27.60988,87.82613,"87.82613,27.60988","Landslide at Khokse Khola , Phaktanglung Rural Municipality-6",True,True,other,148,25
91804,2026-07-17,27.69912,85.37856,"85.37856,27.69912","Landslide at Chyasingdol , Kageshwori Manahora Municipality-9",True,True,other,61,25
91809,2026-07-17,27.33592,86.44629,"86.44629,27.33592","Landslide at Dandakharka , Molung Rural Municipality-1",True,True,other,71,25
91814,2026-07-18,28.09848,83.31058,"83.31058,28.09848","Landslide at Tallaphat , Resunga Municipality-14",True,True,other,90,21
91820,2026-07-18,27.92448,85.24446,"85.24446,27.92448","Landslide at Deurali Danda , Suryagadhi Rural Municipality-4",True,True,other,94,21
91821,2026-07-18,28.31285,82.39244,"82.39244,28.31285","Landslide at Sukidaha , Tribeni Rural Municipality-3",True,True,other,1,21
91822,2026-07-18,28.32432,82.65523,"82.65523,28.32432","Landslide at Kholawang, Rolpa Municipality-10",True,True,other,149,21
91827,2026-07-18,28.40683,84.36003,"84.36003,28.40683","Landslide at Shreechaur , Marsyangdi Rural Municipality-4",True,True,other,17,21
91828,2026-07-18,28.1755,85.46091,"85.46091,28.1755","Landslide at Khalte , Gosaikunda Rural Municipality-4",True,True,other,53,21
91829,2026-07-18,28.1755,85.46091,"85.46091,28.1755","Landslide at Gumchet , Gosaikunda Rural Municipality-4",True,True,nepal_police,53,21
91830,2026-07-18,28.67916,84.18079,"84.18079,28.67916","Landslide at Taaldanda , Narpa Bhoomi Rural Municipality-3",True,True,other,13,21
91832,2026-07-18,28.98145,82.65612,"82.65612,28.98145",Landslide at Tripurasundari Municipality-5,True,True,other,4,21
91834,2026-07-17,27.14773,87.78498,"87.78498,27.14773","Landslide at Phasebung , Phidim Municipality-11",True,True,other,83,25
91835,2026-07-17,27.14773,87.78498,"87.78498,27.14773","Landslide at Phasebung , Phidim Municipality-11",True,True,other,83,25
91838,2026-07-18,27.44175,87.57938,"87.57938,27.44175","Landslide at Bhirkuna , Meringden Rural Municipality-5",True,True,other,6,21
91839,2026-07-17,28.34697,82.77714,"82.77714,28.34697","Landslide at Mawang , Sunchhahari Rural Municipality-5",True,True,other,4,25
91843,2026-07-18,28.08038,85.32188,"85.32188,28.08038",Landslide at Gosaikunda Rural Municipality-6,True,True,other,3,21
91844,2026-07-18,27.82349,86.22218,"86.22218,27.82349","Landslide at Sakhine , Bigu Rural Municipality-1",True,True,other,62,21
91845,2026-07-19,27.79618,84.66706,"84.66706,27.79618","Landslide at Jawangkhola , Benighat Rorang Rural Municipality-10",True,True,other,19,33
91846,2026-07-19,27.68739,84.06217,"84.06217,27.68739","Landslide at Daunne Bajar , Hupsekot Rural Municipality-4",True,True,other,23,33
91847,2026-07-19,27.54796,85.33968,"85.33968,27.54796","Landslide at Pangdur , Konjyosom Rural Municipality-4",True,True,other,105,33
91848,2026-07-19,27.54493,85.63649,"85.63649,27.54493",Landslide at Namobuddha Municipality-7,True,True,other,59,33
91851,2026-07-17,28.44286,83.05274,"83.05274,28.44286","Landslide at Dawal , Dhorpatan Municipality-9",True,True,other,2,25
91852,2026-07-18,27.54796,85.33968,"85.33968,27.54796","Landslide at Bhalukhola , Konjyosom Rural Municipality-4",True,True,other,105,21
91853,2026-07-18,28.32432,82.65523,"82.65523,28.32432","Landslide at Harning, Rolpa Municipality-10",True,True,other,149,21
91855,2026-07-18,27.76689,85.31514,"85.31514,27.76689",Landslide at Tarakeshwor Municipality-7,True,True,other,1,21
91874,2026-07-19,27.44535,87.73837,"87.73837,27.44535",Landslide at Phaktanglung Rural Municipality-3,True,True,other,1,33
91875,2026-07-18,28.00638,84.94688,"84.94688,28.00638","Landslide at Jharlang , Netrawati Dabjong Rural Municipality-1",True,True,other,86,21
91880,2026-07-18,27.82349,86.22218,"86.22218,27.82349","Landslide at Kuri , Bigu Rural Municipality-1",True,True,other,62,21
91882,2026-07-19,28.32432,82.65523,"82.65523,28.32432","Landslide at Jurbang Khoal , Rolpa Municipality-10",True,True,other,149,33
91883,2026-07-19,27.47307,86.15686,"86.15686,27.47307",Landslide at Gokulganga Rural Municipality-6,True,True,other,2,33
91890,2026-07-19,28.1755,85.46091,"85.46091,28.1755","Landslide at Gumchet , Gosaikunda Rural Municipality-4",True,True,other,53,33
91891,2026-07-19,28.32432,82.65523,"82.65523,28.32432","Landslide at Harning , Rolpa Municipality-10",True,True,other,149,33
91892,2026-07-19,28.30621,82.65393,"82.65393,28.30621","Landslide at Nayabasti  , Rolpa Municipality-4",True,True,other,2,33
91893,2026-07-19,27.82349,86.22218,"86.22218,27.82349","Landslide at Nikobhumi , Bigu Rural Municipality-1",True,True,other,62,33
91895,2026-07-19,27.85524,83.27985,"83.27985,27.85524","Landslide at Dhungrekhola , Panini Rural Municipality-2",True,True,other,4,33
91896,2026-07-19,29.20864,80.48616,"80.48616,29.20864","Landslide at Korkatte , Alital Rural Municipality-3",True,True,other,44,33
91901,2026-07-20,27.47254,85.71878,"85.71878,27.47254","Landslide at Pintahli , Roshi Rural Municipality-9",True,True,other,3,23
91902,2026-07-19,27.60988,87.82613,"87.82613,27.60988","Landslide at Khokse Khola , Phaktanglung Rural Municipality-6",True,True,other,148,33
91906,2026-07-19,27.24654,86.82973,"86.82973,27.24654",Landslide at Diktel Rupakot Majhuwagadhi Municipality-6,True,True,other,1,33
91909,2026-07-19,27.92448,85.24446,"85.24446,27.92448",Landslide at Suryagadhi Rural Municipality-4,True,True,other,94,33
91910,2026-07-19,29.92362,80.73694,"80.73694,29.92362","Landslide at Panebaj , Apihimal Rural Municipality-6",True,True,other,48,33
91912,2026-07-19,27.08412,86.39622,"86.39622,27.08412","Landslide at Hardeni , Katari Municipality-11",True,True,other,7,33
91914,2026-07-19,28.32432,82.65523,"82.65523,28.32432","Landslide at Mayakharka , Rolpa Municipality-10",True,True,other,149,33
91918,2026-07-19,27.79618,84.66706,"84.66706,27.79618","Landslide at Timrangkhani , Benighat Rorang Rural Municipality-10",True,True,other,19,33
91919,2026-07-20,27.74261,82.86572,"82.86572,27.74261","Landslide at Viraldanda , Shivraj Municipality-1",True,True,other,3,23
91921,2026-07-20,27.83992,84.63657,"84.63657,27.83992",Landslide at Ichchhakamana Rural Municipality-3,True,True,other,2,23
91922,2026-07-19,27.15055,87.80224,"87.80224,27.15055",Landslide at Phidim Municipality-11,True,True,other,5,33
91927,2026-07-19,27.37008,86.42668,"86.42668,27.37008",Landslide at Molung Rural Municipality-5,True,True,other,1,33
91928,2026-07-16,28.23172,84.03737,"84.03737,28.23172",Landslide at Pokhara Metropolitan City-13,True,True,other,2,17
91929,2026-07-19,27.92448,85.24446,"85.24446,27.92448","Landslide at Gogane , Suryagadhi Rural Municipality-4",True,True,other,94,33
91932,2026-07-19,27.38688,87.21569,"87.21569,27.38688",Landslide at Khandbari Municipality-7,True,True,other,104,33
91934,2026-07-19,28.291,83.95624,"83.95624,28.291","Landslide at Gharmidanda , Pokhara Metropolitan City-19",True,True,other,5,33
91935,2026-07-20,28.54637,83.48729,"83.48729,28.54637","Landslide at Mahabhir , Raghuganga Rural Municipality-8",True,True,other,128,23
91940,2026-07-19,29.50844,80.57647,"80.57647,29.50844",Landslide at Surnaya Rural Municipality-5,True,True,other,73,33
91943,2026-07-19,29.50844,80.57647,"80.57647,29.50844",Landslide at Surnaya Rural Municipality-5,True,True,other,73,33
91944,2026-07-20,27.38688,87.21569,"87.21569,27.38688","Landslide at Baksing Chowk , Khandbari Municipality-7",True,True,other,104,23
91945,2026-07-20,28.09848,83.31058,"83.31058,28.09848",Landslide at Resunga Municipality-14,True,True,other,90,23
91946,2026-07-20,28.17752,84.85019,"84.85019,28.17752",Landslide at Dharche Rural Municipality-7,True,True,other,3,23
91947,2026-07-20,27.34569,87.67232,"87.67232,27.34569",Landslide at Phungling Municipality-7,True,True,other,3,23
91948,2026-07-20,27.14755,87.73525,"87.73525,27.14755","Landslide at Naya Buspark , Phidim Municipality-4",True,True,other,2,23
91952,2026-07-20,27.97537,83.71366,"83.71366,27.97537","Landslide at Pathkhola , Waling Municipality-13",True,True,other,4,23
91953,2026-07-20,28.01035,83.72077,"83.72077,28.01035","Landslide at Dumribhanjyang , Waling Municipality-14",True,True,other,9,23
91954,2026-07-20,27.14773,87.78498,"87.78498,27.14773",Landslide at Phidim Municipality-11,True,True,other,83,23
91955,2026-07-20,27.82349,86.22218,"86.22218,27.82349",Landslide at Bigu Rural Municipality-1,True,True,other,62,23
91957,2026-07-21,27.54796,85.33968,"85.33968,27.54796","Landslide at Takuche , Konjyosom Rural Municipality-4",True,True,other,105,14
91965,2026-07-21,28.05026,83.73811,"83.73811,28.05026",Landslide at Bhirkot Municipality-8,True,True,other,56,14
91966,2026-07-20,29.92362,80.73694,"80.73694,29.92362","Landslide at Panebaaj , Apihimal Rural Municipality-6",True,True,other,48,23
91972,2026-07-20,28.4,82.09154,"82.09154,28.4","Landslide at Paneru , Sharada Municipality-9",True,True,other,45,23
91973,2026-07-20,27.90505,85.11792,"85.11792,27.90505",Landslide at Bidur Municipality-12,True,True,other,2,23
91976,2026-07-20,29.20864,80.48616,"80.48616,29.20864","Landslide at Pipalu , Alital Rural Municipality-3",True,True,other,44,23
91979,2026-07-20,27.14773,87.78498,"87.78498,27.14773","Landslide at Bardanda , Phidim Municipality-11",True,True,other,83,23
91982,2026-07-19,27.53685,86.18811,"86.18811,27.53685","Landslide at Lalibakhu , Gokulganga Rural Municipality-4",True,True,other,49,33
91985,2026-07-19,27.38688,87.21569,"87.21569,27.38688","Landslide at Khatri Gaau , Khandbari Municipality-7",True,True,other,104,33
91986,2026-07-17,27.495,86.79379,"86.79379,27.495",Landslide at Sotang Rural Municipality-5,True,True,other,3,25
91987,2026-07-20,28.32432,82.65523,"82.65523,28.32432",Landslide at Rolpa Municipality-10,True,True,other,149,23
91988,2026-07-19,27.31491,87.41184,"87.41184,27.31491",Landslide at Chainpur Municipality-2,True,True,other,2,33
91994,2026-07-20,27.14773,87.78498,"87.78498,27.14773","Landslide at Bardanda , Phidim Municipality-11",True,True,other,83,23
92001,2026-07-21,27.53685,86.18811,"86.18811,27.53685","Landslide at Lahachhebar , Gokulganga Rural Municipality-4",True,True,other,49,14
92002,2026-07-21,28.35288,83.27139,"83.27139,28.35288","Landslide at Malma Khaulekhola , Dhorpatan Municipality-4",True,True,other,84,14
92004,2026-07-21,27.53685,86.18811,"86.18811,27.53685","Landslide at Risthe , Gokulganga Rural Municipality-4",True,True,other,49,14
92012,2026-07-20,27.38688,87.21569,"87.21569,27.38688","Landslide at Bihibare , Khandbari Municipality-7",True,True,other,104,23
92013,2026-07-21,28.00638,84.94688,"84.94688,28.00638","Landslide at Chalise Chambas , Netrawati Dabjong Rural Municipality-1",True,True,other,86,14
92015,2026-07-21,27.97537,83.71366,"83.71366,27.97537","Landslide at Pipalchhap , Waling Municipality-13",True,True,other,4,14
92021,2026-07-21,27.4427,85.08797,"85.08797,27.4427","Landslide at Sisneri , Makawanpurgadhi Rural Municipality-5",True,True,other,52,14
92022,2026-07-22,27.54796,85.33968,"85.33968,27.54796","Landslide at Pangdur , Konjyosom Rural Municipality-4",True,True,other,105,14
92025,2026-07-22,28.54637,83.48729,"83.48729,28.54637","Landslide at Ghumaune Bhir , Raghuganga Rural Municipality-8",True,True,other,128,14
92028,2026-07-22,29.50844,80.57647,"80.57647,29.50844",Landslide at Surnaya Rural Municipality-5,True,True,other,73,14
92031,2026-07-22,27.82349,86.22218,"86.22218,27.82349",Landslide at Bigu Rural Municipality-1,True,True,other,62,14
92035,2026-07-21,27.14773,87.78498,"87.78498,27.14773","Landslide at Daurali, Phidim Municipality-11",True,True,nepal_police,83,14
92037,2026-07-21,26.88507,87.89616,"87.89616,26.88507","Landslide at Mabu, Ilam Municipality-12",True,True,nepal_police,71,14
92038,2026-07-21,27.14773,87.78498,"87.78498,27.14773","Landslide at Kopche, Phidim Municipality-11",True,True,nepal_police,83,14
92040,2026-07-21,28.27345,84.8101,"84.8101,28.27345","Landslide at Liding, Dharche Rural Municipality-5",True,True,nepal_police,82,14
92041,2026-07-21,28.86981,82.19935,"82.19935,28.86981","Landslide at Bagar, Kushe Rural Municipality-7",True,True,nepal_police,66,14
92043,2026-07-22,27.14773,87.78498,"87.78498,27.14773",Landslide at Phidim Municipality-11,True,True,other,83,14
92044,2026-07-22,29.5579,81.49045,"81.49045,29.5579",Landslide at Gaumul Rural Municipality-1,True,True,other,57,14
92049,2026-07-22,29.21559,81.74506,"81.74506,29.21559","Landslide at Khademel , Pachaljharana Rural Municipality-3",True,True,other,81,14
92052,2026-07-22,28.32432,82.65523,"82.65523,28.32432",Landslide at Rolpa Municipality-10,True,True,other,149,14
92056,2026-07-22,28.27345,84.8101,"84.8101,28.27345",Landslide at Dharche Rural Municipality-5,True,True,other,82,14
92057,2026-07-22,28.20228,83.69519,"83.69519,28.20228","Landslide at Phorse , Kushma Municipality-10",True,True,other,56,14
92058,2026-07-23,28.54637,83.48729,"83.48729,28.54637","Landslide at Sukebagar , Raghuganga Rural Municipality-8",True,True,other,128,14
92063,2026-07-22,28.27345,84.8101,"84.8101,28.27345","Landslide at Sadikhola , Dharche Rural Municipality-5",True,True,other,82,14
92065,2026-07-23,28.28362,84.43609,"84.43609,28.28362","Landslide at Shreechaur , Marsyangdi Rural Municipality-7",True,True,other,56,14
92067,2026-07-22,28.25102,84.35257,"84.35257,28.25102","Landslide at Kharkhare Bhir , Besishahar Municipality-6",True,True,other,6,14
92072,2026-07-22,29.20864,80.48616,"80.48616,29.20864","Landslide at Raduwa Khola , Alital Rural Municipality-3",True,True,other,44,14
92073,2026-07-19,27.92448,85.24446,"85.24446,27.92448",Landslide at Suryagadhi Rural Municipality-4,True,True,other,94,33
92074,2026-07-19,27.72488,86.68194,"86.68194,27.72488",Landslide at Khumbu Pasanglhamu Rural Municipality-3,True,True,other,88,33
92075,2026-07-22,27.82349,86.22218,"86.22218,27.82349","Landslide at Tasinam , Bigu Rural Municipality-1",True,True,other,62,14
92076,2026-07-20,27.38688,87.21569,"87.21569,27.38688",Landslide at Khandbari Municipality-7,True,True,other,104,23
92078,2026-07-19,27.38688,87.21569,"87.21569,27.38688",Landslide at Khandbari Municipality-7,True,True,other,104,33
92080,2026-07-21,27.00791,87.36671,"87.36671,27.00791","Landslide at Ganeshtar , Dhankuta Municipality-2",True,True,other,53,14
92090,2026-07-23,28.35288,83.27139,"83.27139,28.35288","Landslide at Titaure , Dhorpatan Municipality-4",True,True,other,84,14
92101,2026-07-23,29.49026,82.13588,"82.13588,29.49026","Landslide at Pina River , Chhayanath Rara Municipality-7",True,True,other,2,14
92103,2026-07-23,27.82349,86.22218,"86.22218,27.82349","Landslide at Solti Mode , Bigu Rural Municipality-1",True,True,other,62,14
92104,2026-07-23,28.27345,84.8101,"84.8101,28.27345","Landslide at Khursane , Dharche Rural Municipality-5",True,True,other,82,14
92107,2026-07-24,29.5579,81.49045,"81.49045,29.5579","Landslide at Jadanga , Gaumul Rural Municipality-1",True,True,other,57,9
92108,2026-07-24,29.06417,81.30663,"81.30663,29.06417","Landslide at Paaniikhola , Kamalbazar Municipality-7",True,True,other,19,9
92109,2026-07-24,29.5579,81.49045,"81.49045,29.5579","Landslide at Selagaad , Gaumul Rural Municipality-1",True,True,other,57,9
92110,2026-07-23,29.67916,82.30447,"82.30447,29.67916",Landslide at Mugum Karmarong Rural Municipality-7,True,True,other,26,14
92111,2026-07-23,28.19349,85.38617,"85.38617,28.19349","Landslide at Kulung , Gosaikunda Rural Municipality-3",True,True,other,7,14
92112,2026-07-23,28.28362,84.43609,"84.43609,28.28362",Landslide at Marsyangdi Rural Municipality-7,True,True,other,56,14
92114,2026-07-23,27.60988,87.82613,"87.82613,27.60988",Landslide at Phaktanglung Rural Municipality-6,True,True,other,148,14
92115,2026-07-23,29.5579,81.49045,"81.49045,29.5579","Landslide at Bistadanda , Gaumul Rural Municipality-1",True,True,other,57,14
92117,2026-07-23,28.32432,82.65523,"82.65523,28.32432",Landslide at Rolpa Municipality-10,True,True,other,149,14
92118,2026-07-23,28.54637,83.48729,"83.48729,28.54637","Landslide at Malang , Raghuganga Rural Municipality-8",True,True,other,128,14
92120,2026-07-23,28.1755,85.46091,"85.46091,28.1755","Landslide at Kulung , Gosaikunda Rural Municipality-4",True,True,other,53,14
92138,2026-07-24,27.13741,87.5752,"87.5752,27.13741","Landslide at Saureni , Phedap Rural Municipality-3",True,True,other,53,9
92141,2026-07-25,28.28362,84.43609,"84.43609,28.28362","Landslide at Shreechaur , Marsyangdi Rural Municipality-7",True,True,other,56,12
92142,2026-07-25,29.67916,82.30447,"82.30447,29.67916",Landslide at Mugum Karmarong Rural Municipality-7,True,True,other,26,12
92143,2026-07-24,27.60988,87.82613,"87.82613,27.60988",Landslide at Phaktanglung Rural Municipality-6,True,True,other,148,9
92155,2026-07-25,29.67916,82.30447,"82.30447,29.67916",Landslide at Mugum Karmarong Rural Municipality-7,True,True,other,26,12
92156,2026-07-24,28.4,82.09154,"82.09154,28.4",Landslide at Sharada Municipality-9,True,True,other,45,9
92160,2026-07-24,28.65047,81.50876,"81.50876,28.65047","Landslide at Chiuridanda , Barahtal Rural Municipality-8",True,True,other,24,9
92162,2026-07-24,28.20228,83.69519,"83.69519,28.20228",Landslide at Kushma Municipality-10,True,True,other,56,9
92173,2026-07-25,28.06103,84.72048,"84.72048,28.06103",Landslide at Barpak Sulikot Rural Municipality-8,True,True,other,3,12
92177,2026-07-25,28.32432,82.65523,"82.65523,28.32432","Landslide at Kholawang , Rolpa Municipality-10",True,True,other,149,12
92178,2026-07-25,28.32432,82.65523,"82.65523,28.32432","Landslide at Seram, Rolpa Municipality-10",True,True,other,149,12
92180,2026-07-26,27.53685,86.18811,"86.18811,27.53685",Landslide at Gokulganga Rural Municipality-4,True,True,other,49,11
92183,2026-07-25,27.60988,87.82613,"87.82613,27.60988","Landslide at Tawa , Phaktanglung Rural Municipality-6",True,True,other,148,12
92184,2026-07-24,27.21278,87.89174,"87.89174,27.21278",Landslide at Falelung Rural Municipality-2,True,True,other,3,9
92187,2026-07-25,27.94393,83.04234,"83.04234,27.94393","Landslide at Phalachaur , Bhumikasthan Municipality-7",True,True,other,50,12
92193,2026-07-25,29.5579,81.49045,"81.49045,29.5579",Landslide at Gaumul Rural Municipality-1,True,True,other,57,12
92196,2026-07-25,27.42044,86.58843,"86.58843,27.42044",Landslide at Nechasalyan Rural Municipality-6,True,True,other,18,12
92200,2026-07-25,28.34628,83.99007,"83.99007,28.34628",Landslide at Machhapuchchhre Rural Municipality-2,True,True,other,61,12
92201,2026-07-25,28.4,82.09154,"82.09154,28.4","Landslide at Tinpaneri , Sharada Municipality-9",True,True,other,45,12
92205,2026-07-26,28.32432,82.65523,"82.65523,28.32432","Landslide at Kholawang, Rolpa Municipality-10",True,True,other,149,11
92206,2026-07-26,29.21277,83.03833,"83.03833,29.21277","Landslide at Supani, Shey Phoksundo Rural Municipality-99",True,True,other,32,11
92210,2026-07-26,28.27345,84.8101,"84.8101,28.27345",Landslide at Dharche Rural Municipality-5,True,True,other,82,11
92211,2026-07-26,29.67916,82.30447,"82.30447,29.67916",Landslide at Mugum Karmarong Rural Municipality-7,True,True,other,26,11
92212,2026-07-27,28.33263,83.51321,"83.51321,28.33263","Landslide at Bhakimli Chimkhet , Beni Municipality-3",True,True,other,1,19
92213,2026-07-27,27.54796,85.33968,"85.33968,27.54796","Landslide at Pangdur , Konjyosom Rural Municipality-4",True,True,other,105,19
92215,2026-07-27,28.28362,84.43609,"84.43609,28.28362","Landslide at Shreechaur , Marsyangdi Rural Municipality-7",True,True,other,56,19
92216,2026-07-27,27.77921,84.48542,"84.48542,27.77921","Landslide at Simaltal , Bharatpur Metropolitan City-29",True,True,other,23,19
92217,2026-07-27,27.54493,85.63649,"85.63649,27.54493","Landslide at Pinthali , Namobuddha Municipality-7",True,True,other,59,19
92218,2026-07-27,28.54637,83.48729,"83.48729,28.54637","Landslide at Sukebagar , Raghuganga Rural Municipality-8",True,True,other,128,19
92219,2026-07-27,28.54637,83.48729,"83.48729,28.54637","Landslide at Baiseri , Raghuganga Rural Municipality-8",True,True,other,128,19
92220,2026-07-27,27.82173,83.63419,"83.63419,27.82173","Landslide at Siddhababa, Mathagadhi Rural Municipality-1",True,True,other,79,19
92223,2026-07-27,28.25102,84.35257,"84.35257,28.25102","Landslide at Kharkhare Bhir , Besishahar Municipality-6",True,True,other,6,19
92225,2026-07-26,28.35288,83.27139,"83.27139,28.35288","Landslide at Kalle , Dhorpatan Municipality-4",True,True,other,84,11
92227,2026-07-26,28.32432,82.65523,"82.65523,28.32432","Landslide at Kholawang , Rolpa Municipality-10",True,True,other,149,11
92228,2026-07-18,27.14773,87.78498,"87.78498,27.14773",Landslide at Phidim Municipality-11,True,True,other,83,21
92229,2026-07-26,29.5579,81.49045,"81.49045,29.5579",Landslide at Gaumul Rural Municipality-1,True,True,other,57,11
92230,2026-07-26,28.28362,84.43609,"84.43609,28.28362","Landslide at Shreechaur , Marsyangdi Rural Municipality-7",True,True,other,56,11
92232,2026-07-26,27.14773,87.78498,"87.78498,27.14773","Landslide at Lummadin , Phidim Municipality-11",True,True,other,83,11
92259,2026-07-27,28.27345,84.8101,"84.8101,28.27345","Landslide at Anda Danda , Dharche Rural Municipality-5",True,True,other,82,19
92268,2026-07-20,27.14773,87.78498,"87.78498,27.14773",Landslide at Phidim Municipality-11,True,True,other,83,23
92270,2026-07-27,29.7171,81.15534,"81.15534,29.7171",Landslide at Surma Rural Municipality-1,True,True,other,38,19
92279,2026-07-27,28.54637,83.48729,"83.48729,28.54637","Landslide at Ghumaune Bhir , Raghuganga Rural Municipality-8",True,True,other,128,19
92280,2026-07-27,28.67399,82.81088,"82.81088,28.67399","Landslide at Kandabagar , Putha Uttarganga Rural Municipality-4",True,True,other,31,19
92281,2026-07-27,27.68739,84.06217,"84.06217,27.68739","Landslide at Tarangkhola , Hupsekot Rural Municipality-4",True,True,other,23,19
92282,2026-07-27,28.54637,83.48729,"83.48729,28.54637","Landslide at Dharapani Tallo Hadebhir , Raghuganga Rural Municipality-8",True,True,other,128,19
92285,2026-07-27,27.68739,84.06217,"84.06217,27.68739","Landslide at Tarangkhola, Hupsekot Rural Municipality-4",True,True,other,23,19
92293,2026-07-26,28.83066,81.7749,"81.7749,28.83066","Landslide at Tatamakhu, Narayan Municipality-11",True,True,other,2,11
92295,2026-07-28,28.54637,83.48729,"83.48729,28.54637","Landslide at Sukebagar, Raghuganga Rural Municipality-8",True,True,other,128,10
92296,2026-07-28,27.54796,85.33968,"85.33968,27.54796",Landslide at Konjyosom Rural Municipality-4,True,True,other,105,10
92299,2026-07-28,28.28362,84.43609,"84.43609,28.28362","Landslide at Bhatbashi, Marsyangdi Rural Municipality-7",True,True,other,56,10
92302,2026-07-28,28.32432,82.65523,"82.65523,28.32432","Landslide at Kholawang, Rolpa Municipality-10",True,True,other,149,10
92303,2026-07-28,27.61645,84.36001,"84.36001,27.61645",Landslide at Bharatpur Metropolitan City-14,True,True,other,39,10
92306,2026-07-28,27.14773,87.78498,"87.78498,27.14773","Landslide at Khemjuwa, Phidim Municipality-11",True,True,other,83,10
92310,2026-07-28,27.14773,87.78498,"87.78498,27.14773","Landslide at Sirise , Phidim Municipality-11",True,True,other,83,10
92312,2026-07-28,27.69912,85.37856,"85.37856,27.69912","Landslide at Thulo Khola , Kageshwori Manahora Municipality-9",True,True,other,61,10
92313,2026-07-29,28.28362,84.43609,"84.43609,28.28362","Landslide at Shreechaur , Marsyangdi Rural Municipality-7",True,True,other,56,6
92314,2026-07-27,27.06268,86.0849,"86.0849,27.06268","Landslide at Bhorleni , Dudhouli Municipality-2",True,True,other,1,19
92315,2026-07-27,28.34628,83.99007,"83.99007,28.34628","Landslide at Karuwa , Machhapuchchhre Rural Municipality-2",True,True,other,61,19
92317,2026-07-28,27.14773,87.78498,"87.78498,27.14773",Landslide at Phidim Municipality-11,True,True,other,83,10
92319,2026-07-27,27.72488,86.68194,"86.68194,27.72488","Landslide at Phorche Tanga , Khumbu Pasanglhamu Rural Municipality-3",True,True,other,88,19
92325,2026-07-12,27.72488,86.68194,"86.68194,27.72488",Landslide at Khumbu Pasanglhamu Rural Municipality-3,True,True,other,88,25
92342,2026-07-29,29.21559,81.74506,"81.74506,29.21559",Landslide at Pachaljharana Rural Municipality-3,True,True,other,81,6
92344,2026-07-29,27.90505,85.11792,"85.11792,27.90505",Landslide at Bidur Municipality-12,True,True,other,2,6
92349,2026-07-29,27.92448,85.24446,"85.24446,27.92448",Landslide at Suryagadhi Rural Municipality-4,True,True,other,94,6
92351,2026-07-29,27.82215,85.22507,"85.22507,27.82215",Landslide at Kakani Rural Municipality-4,True,True,other,5,6
92363,2026-07-29,28.4,82.09154,"82.09154,28.4","Landslide at Jayachaur , Sharada Municipality-9",True,True,other,45,6
92375,2026-07-28,27.92448,85.24446,"85.24446,27.92448","Landslide at Thatibhanjyang , Suryagadhi Rural Municipality-4",True,True,other,94,10
92387,2026-07-30,28.17752,84.85019,"84.85019,28.17752",Landslide at Dharche Rural Municipality-7,True,True,other,3,8
92390,2026-07-30,28.27345,84.8101,"84.8101,28.27345","Landslide at Yarubagar & Salleri , Dharche Rural Municipality-5",True,True,other,82,8
92391,2026-07-30,28.13875,82.38687,"82.38687,28.13875","Landslide at Sirchaur , Tulsipur Submetropolitan City-19",True,True,other,1,8
92393,2026-07-30,27.4427,85.08797,"85.08797,27.4427","Landslide at Mahalaxmi Khola , Makawanpurgadhi Rural Municipality-5",True,True,other,52,8
92394,2026-07-30,27.54796,85.33968,"85.33968,27.54796",Landslide at Konjyosom Rural Municipality-4,True,True,other,105,8
92395,2026-07-30,27.16179,87.93504,"87.93504,27.16179",Landslide at Falelung Rural Municipality-5,True,True,other,6,8
92396,2026-07-31,27.61645,84.36001,"84.36001,27.61645","Landslide at Paanidhara & Chumingtar , Bharatpur Metropolitan City-14",True,True,other,39,9
92397,2026-07-31,28.54637,83.48729,"83.48729,28.54637","Landslide at Sukebagar , Raghuganga Rural Municipality-8",True,True,other,128,9
92398,2026-07-31,28.54637,83.48729,"83.48729,28.54637","Landslide at Baiseri , Raghuganga Rural Municipality-8",True,True,other,128,9
92399,2026-07-31,29.21559,81.74506,"81.74506,29.21559","Landslide at Gagane Khola , Pachaljharana Rural Municipality-3",True,True,other,81,9
92417,2026-07-31,28.80191,82.32344,"82.32344,28.80191","Landslide at Chamakhet , Nalgaad Municipality-7",True,True,other,3,9
92419,2026-07-31,27.69912,85.37856,"85.37856,27.69912",Landslide at Kageshwori Manahora Municipality-9,True,True,other,61,9
92423,2026-07-31,29.18116,80.84086,"80.84086,29.18116",Landslide at Shikhar Municipality-2,True,True,other,35,9
92424,2026-07-31,28.50291,83.84147,"83.84147,28.50291",Landslide at Annapurna Rural Municipality-11,True,True,other,5,9
92425,2026-07-30,27.38688,87.21569,"87.21569,27.38688","Landslide at Kumelang , Khandbari Municipality-7",True,True,other,104,8
92429,2026-07-31,27.60988,87.82613,"87.82613,27.60988","Landslide at Chinabung, Phaktanglung Rural Municipality-6",True,True,other,148,9
92440,2026-08-01,28.00638,84.94688,"84.94688,28.00638","Landslide at Jyamireghat, Netrawati Dabjong Rural Municipality-1",True,True,other,86,6
92447,2026-08-01,27.53685,86.18811,"86.18811,27.53685","Landslide at Chhatiban , Gokulganga Rural Municipality-4",True,True,other,49,6
92451,2026-08-01,28.27345,84.8101,"84.8101,28.27345","Landslide at Under Danda , Dharche Rural Municipality-5",True,True,other,82,6
92463,2026-07-30,27.60988,87.82613,"87.82613,27.60988",Landslide at Phaktanglung Rural Municipality-6,True,True,other,148,8
92465,2026-08-01,27.33592,86.44629,"86.44629,27.33592",Landslide at Molung Rural Municipality-1,True,True,other,71,6
92470,2026-08-01,27.97337,84.57962,"84.57962,27.97337","Landslide at Birenchowk Barthok , Gorkha Municipality-11",True,True,other,5,6
92472,2026-08-01,27.97337,84.57962,"84.57962,27.97337",Landslide at Gorkha Municipality-11,True,True,other,5,6
92479,2026-08-02,30.02618,81.88546,"81.88546,30.02618","Landslide at Khachha , Simkot Rural Municipality-3",True,True,other,36,9
92480,2026-08-02,28.28362,84.43609,"84.43609,28.28362","Landslide at Gaulitar, Marsyangdi Rural Municipality-7",True,True,other,56,9
92481,2026-08-02,28.16563,84.30526,"84.30526,28.16563","Landslide at Bimire bhanjyang , MadhyaNepal Municipality-10",True,True,other,18,9
92487,2026-08-02,27.53685,86.18811,"86.18811,27.53685","Landslide at Betali Haluwa , Gokulganga Rural Municipality-4",True,True,other,49,9
92493,2026-08-02,27.53685,86.18811,"86.18811,27.53685","Landslide at Chhatiwan , Gokulganga Rural Municipality-4",True,True,other,49,9
92499,2026-08-02,28.11587,84.18758,"84.18758,28.11587","Landslide at Dhami Gaau , Rupa Rural Municipality-4",True,True,other,1,9
92501,2026-08-03,27.54796,85.33968,"85.33968,27.54796","Landslide at Pangdur , Konjyosom Rural Municipality-4",True,True,other,105,28
92502,2026-08-03,28.54637,83.48729,"83.48729,28.54637","Landslide at Baiseri , Raghuganga Rural Municipality-8",True,True,other,128,28
92503,2026-08-03,28.25102,84.35257,"84.35257,28.25102",Landslide at Besishahar Municipality-6,True,True,other,6,28
92504,2026-08-03,28.34628,83.99007,"83.99007,28.34628","Landslide at Dhami Gaau , Machhapuchchhre Rural Municipality-2",True,True,other,61,28
92513,2026-08-02,28.67916,84.18079,"84.18079,28.67916","Landslide at Dharapani , Narpa Bhoomi Rural Municipality-3",True,True,other,13,9
92514,2026-08-02,28.47871,84.31545,"84.31545,28.47871","Landslide at Dharapani , Nashong Rural Municipality-3",True,True,other,2,9
92522,2026-08-03,27.13741,87.5752,"87.5752,27.13741","Landslide at Kade , Phedap Rural Municipality-3",True,True,other,53,28
92526,2026-08-03,27.84506,84.58205,"84.58205,27.84506","Landslide at Near Mugling Public Toilet, Ichchhakamana Rural Municipality-5",True,True,other,15,28
92527,2026-08-03,28.28362,84.43609,"84.43609,28.28362","Landslide at Rambajar , Marsyangdi Rural Municipality-7",True,True,other,56,28
92528,2026-08-03,28.32432,82.65523,"82.65523,28.32432","Landslide at Kholawag , Rolpa Municipality-10",True,True,other,149,28
92529,2026-08-03,27.49536,85.8688,"85.8688,27.49536","Landslide at Damphudanda , Sunapati Rural Municipality-3",True,True,other,2,28
92531,2026-08-03,27.54493,85.63649,"85.63649,27.54493","Landslide at Pinthali , Namobuddha Municipality-7",True,True,other,59,28
92532,2026-08-03,27.13741,87.5752,"87.5752,27.13741",Landslide at Phedap Rural Municipality-3,True,True,other,53,28
92533,2026-08-03,28.27345,84.8101,"84.8101,28.27345","Landslide at Laxmibazar Diwa Marga , Dharche Rural Municipality-5",True,True,other,82,28
92534,2026-08-03,28.20228,83.69519,"83.69519,28.20228","Landslide at Bagmara , Kushma Municipality-10",True,True,other,56,28
92535,2026-08-03,28.20816,84.5999,"84.5999,28.20816","Landslide at Tallo Thok , Dudhpokhari Rural Municipality-2",True,True,other,1,28
92537,2026-08-03,27.67418,85.44123,"85.44123,27.67418","Landslide at Besi Tole Telkot , Bhaktapur Municipality-9",True,True,other,31,28
92541,2026-08-03,27.83992,84.63657,"84.63657,27.83992","Landslide at Panidhara, Ichchhakamana Rural Municipality-3",True,True,other,2,28
92542,2026-08-03,28.27345,84.8101,"84.8101,28.27345","Landslide at Magrati Tole / Deurali , Dharche Rural Municipality-5",True,True,other,82,28
92544,2026-08-03,28.54637,83.48729,"83.48729,28.54637","Landslide at Sibang , Raghuganga Rural Municipality-8",True,True,other,128,28
92545,2026-08-03,28.4,82.09154,"82.09154,28.4","Landslide at Simleta , Sharada Municipality-9",True,True,other,45,28
92546,2026-08-03,27.54796,85.33968,"85.33968,27.54796","Landslide at Bhalukhola , Konjyosom Rural Municipality-4",True,True,other,105,28
92566,2026-08-04,26.64064,87.12722,"87.12722,26.64064",Landslide at Inaruwa Municipality-8,True,True,other,31,31
92569,2026-08-03,27.73307,85.2375,"85.2375,27.73307","Landslide at Thulo Khola , Nagarjun Municipality-8",True,True,other,2,28
92573,2026-08-03,28.67399,82.81088,"82.81088,28.67399","Landslide at Kandabajar, Putha Uttarganga Rural Municipality-4",True,True,other,31,28
92580,2026-08-03,28.73884,82.46045,"82.46045,28.73884","Landslide at Kalekhola , Banphikot Rural Municipality-6",True,True,other,44,28
92581,2026-08-03,27.60988,87.82613,"87.82613,27.60988","Landslide at Lungthung , Phaktanglung Rural Municipality-6",True,True,other,148,28
92584,2026-08-03,28.27345,84.8101,"84.8101,28.27345","Landslide at Chyanekhola , Dharche Rural Municipality-5",True,True,other,82,28
92585,2026-08-03,27.44987,85.22186,"85.22186,27.44987",Landslide at Bakaiya Rural Municipality-12,True,True,other,7,28
92587,2026-08-04,28.32432,82.65523,"82.65523,28.32432","Landslide at Kholawang, Rolpa Municipality-10",True,True,other,149,31
92588,2026-08-04,28.32432,82.65523,"82.65523,28.32432","Landslide at Kholawang, Rolpa Municipality-10",True,True,other,149,31
92590,2026-08-04,27.94393,83.04234,"83.04234,27.94393","Landslide at Barahasthan, Bhumikasthan Municipality-7",True,True,other,50,31
92591,2026-08-03,28.32432,82.65523,"82.65523,28.32432","Landslide at Bhalukhore, Rolpa Municipality-10",True,True,other,149,28
92594,2026-08-04,27.33592,86.44629,"86.44629,27.33592",Landslide at Molung Rural Municipality-1,True,True,other,71,31
92595,2026-08-04,28.32432,82.65523,"82.65523,28.32432","Landslide at Padharikhola, Rolpa Municipality-10",True,True,other,149,31
92599,2026-08-04,27.17377,87.09084,"87.09084,27.17377","Landslide at Rangpani, Bhojpur Municipality-11",True,True,other,65,31
92601,2026-08-04,29.67916,82.30447,"82.30447,29.67916","Landslide at ToplaKhola, Mugum Karmarong Rural Municipality-7",True,True,other,26,31
92602,2026-08-04,27.60988,87.82613,"87.82613,27.60988",Landslide at Phaktanglung Rural Municipality-6,True,True,other,148,31
92605,2026-08-04,28.32432,82.65523,"82.65523,28.32432",Landslide at Rolpa Municipality-10,True,True,other,149,31
92606,2026-08-04,28.32479,83.41014,"83.41014,28.32479",Landslide at Tara Khola Rural Municipality-4,True,True,other,1,31
92610,2026-08-04,28.1203,82.85541,"82.85541,28.1203","Landslide at Kalimati, Pyuthan Municipality-7",True,True,other,60,31
92618,2026-08-04,28.35288,83.27139,"83.27139,28.35288",Landslide at Dhorpatan Municipality-4,True,True,other,84,31
92619,2026-08-04,28.1755,85.46091,"85.46091,28.1755",Landslide at Gosaikunda Rural Municipality-4,True,True,other,53,31
92622,2026-08-04,27.90711,85.75568,"85.75568,27.90711","Landslide at Liping, Jugal Rural Municipality-2",True,True,other,86,31
92628,2026-08-04,28.00638,84.94688,"84.94688,28.00638","Landslide at Bishaltar , Netrawati Dabjong Rural Municipality-1",True,True,other,86,31
92632,2026-08-04,26.96928,86.74269,"86.74269,26.96928","Landslide at Phoksingtar , Rautamai Rural Municipality-5",True,True,other,2,31
92636,2026-08-04,28.9548,83.86811,"83.86811,28.9548",Landslide at Lo Ghekar Damodarkunda Rural Municipality-5,True,True,other,22,31
92637,2026-08-04,28.09848,83.31058,"83.31058,28.09848","Landslide at Birbas , Resunga Municipality-14",True,True,other,90,31
92638,2026-08-04,27.14773,87.78498,"87.78498,27.14773","Landslide at Aakashe , Phidim Municipality-11",True,True,other,83,31
92640,2026-08-04,26.88507,87.89616,"87.89616,26.88507","Landslide at Paiyabote , Ilam Municipality-12",True,True,other,71,31
92642,2026-08-04,27.79618,84.66706,"84.66706,27.79618","Landslide at Paanidhara , Benighat Rorang Rural Municipality-10",True,True,other,19,31
92643,2026-08-04,27.33592,86.44629,"86.44629,27.33592","Landslide at Gairigaau , Molung Rural Municipality-1",True,True,other,71,31
92644,2026-08-04,27.30589,87.10648,"87.10648,27.30589","Landslide at Satal Bajar , Shadananda Municipality-10",True,True,other,3,31
92646,2026-08-04,27.30589,87.10648,"87.10648,27.30589",Landslide at Shadananda Municipality-10,True,True,other,3,31
92650,2026-08-02,27.34569,87.67232,"87.67232,27.34569","Landslide at Poudel Chowk , Phungling Municipality-7",True,True,other,3,9
92651,2026-08-04,27.62188,85.3524,"85.3524,27.62188",Landslide at Godawari Municipality-14,True,True,other,1,31
92652,2026-08-05,27.40019,87.77646,"87.77646,27.40019","Landslide at Phawakhola , Phungling Municipality-11",True,True,other,3,17
92653,2026-08-05,28.54637,83.48729,"83.48729,28.54637","Landslide at Sukebagar , Raghuganga Rural Municipality-8",True,True,other,128,17
92654,2026-08-05,28.54637,83.48729,"83.48729,28.54637","Landslide at Ghumaune Bhir , Raghuganga Rural Municipality-8",True,True,other,128,17
92656,2026-08-05,27.77921,84.48542,"84.48542,27.77921","Landslide at Simaltal , Bharatpur Metropolitan City-29",True,True,other,23,17
92657,2026-08-05,28.32432,82.65523,"82.65523,28.32432","Landslide at Kholawang , Rolpa Municipality-10",True,True,other,149,17
92658,2026-08-05,28.32432,82.65523,"82.65523,28.32432","Landslide at Mabang , Rolpa Municipality-10",True,True,other,149,17
92659,2026-08-05,28.4,82.09154,"82.09154,28.4","Landslide at Tusare , Sharada Municipality-9",True,True,other,45,17
92660,2026-08-05,28.4,82.09154,"82.09154,28.4","Landslide at Kolte , Sharada Municipality-9",True,True,other,45,17
92662,2026-08-05,29.67916,82.30447,"82.30447,29.67916","Landslide at Talcha , Mugum Karmarong Rural Municipality-7",True,True,other,26,17
92664,2026-08-05,27.60988,87.82613,"87.82613,27.60988",Landslide at Phaktanglung Rural Municipality-6,True,True,other,148,17
92673,2026-08-06,27.84506,84.58205,"84.58205,27.84506","Landslide at Nagdi Khola , Ichchhakamana Rural Municipality-5",True,True,other,15,38
92674,2026-08-06,27.77921,84.48542,"84.48542,27.77921","Landslide at Simaltal, Bharatpur Metropolitan City-29",True,True,other,23,38
92675,2026-08-06,29.30369,82.14867,"82.14867,29.30369","Landslide at Mahat Gaau , Chandannath Municipality-8",True,True,other,1,38
92676,2026-08-06,28.54637,83.48729,"83.48729,28.54637","Landslide at Baiseri , Raghuganga Rural Municipality-8",True,True,other,128,38
92677,2026-08-06,27.94393,83.04234,"83.04234,27.94393","Landslide at Phalachaur , Bhumikasthan Municipality-7",True,True,other,50,38
92678,2026-08-06,28.20228,83.69519,"83.69519,28.20228","Landslide at Kerabari , Kushma Municipality-10",True,True,other,56,38
92681,2026-08-06,28.41807,83.64227,"83.64227,28.41807","Landslide at Bhirkot , Annapurna Rural Municipality-7",True,True,other,3,38
92685,2026-08-06,27.52825,83.73871,"83.73871,27.52825",Landslide at Sarawal Rural Municipality-3,True,True,other,2,38
92695,2026-08-04,27.15055,87.80224,"87.80224,27.15055",Landslide at Phidim Municipality-11,True,True,other,5,31
92696,2026-08-05,28.67399,82.81088,"82.81088,28.67399",Landslide at Putha Uttarganga Rural Municipality-4,True,True,other,31,17
92699,2026-08-05,27.14773,87.78498,"87.78498,27.14773",Landslide at Phidim Municipality-11,True,True,other,83,17
92700,2026-08-05,27.54796,85.33968,"85.33968,27.54796","Landslide at Pangdur , Konjyosom Rural Municipality-4",True,True,other,105,17
92705,2026-08-05,28.35288,83.27139,"83.27139,28.35288","Landslide at Belbagar , Dhorpatan Municipality-4",True,True,other,84,17
92710,2026-08-06,28.54637,83.48729,"83.48729,28.54637","Landslide at Sukebagar , Raghuganga Rural Municipality-8",True,True,other,128,38
92711,2026-08-06,27.82173,83.63419,"83.63419,27.82173","Landslide at Gaudepul , Mathagadhi Rural Municipality-1",True,True,other,79,38
92712,2026-08-06,29.23923,82.21605,"82.21605,29.23923","Landslide at Mahat Gaau , Guthichaur Rural Municipality-5",True,True,other,7,38
92713,2026-08-05,27.40019,87.77646,"87.77646,27.40019","Landslide at Phawakhola , Phungling Municipality-11",True,True,other,3,17
92717,2026-08-06,27.93572,84.24996,"84.24996,27.93572","Landslide at Thulo Dhunga , Rhishing Rural Municipality-1",True,True,other,54,38
92718,2026-08-04,27.14773,87.78498,"87.78498,27.14773","Landslide at Majhaula Changthapu , Phidim Municipality-11",True,True,other,83,31
92720,2026-08-03,28.32432,82.65523,"82.65523,28.32432","Landslide at Kuwapani , Rolpa Municipality-10",True,True,other,149,28
92723,2026-08-04,28.9548,83.86811,"83.86811,28.9548","Landslide at Kaiku Khola , Lo Ghekar Damodarkunda Rural Municipality-5",True,True,other,22,31
92724,2026-08-04,27.72488,86.68194,"86.68194,27.72488","Landslide at Namlung , Khumbu Pasanglhamu Rural Municipality-3",True,True,other,88,31
92725,2026-08-06,28.09848,83.31058,"83.31058,28.09848","Landslide at Rakse , Resunga Municipality-14",True,True,other,90,38
92727,2026-08-06,27.17377,87.09084,"87.09084,27.17377","Landslide at Sapingtar , Bhojpur Municipality-11",True,True,other,65,38
92728,2026-08-06,28.34628,83.99007,"83.99007,28.34628","Landslide at Majuwa, Machhapuchchhre Rural Municipality-2",True,True,other,61,38
92729,2026-08-06,27.54796,85.33968,"85.33968,27.54796","Landslide at Deurali , Konjyosom Rural Municipality-4",True,True,other,105,38
92731,2026-08-06,28.1114,83.67644,"83.67644,28.1114","Landslide at Kusundanda , Mahashila Rural Municipality-5",True,True,other,1,38
92732,2026-08-06,28.1755,85.46091,"85.46091,28.1755",Landslide at Gosaikunda Rural Municipality-4,True,True,other,53,38
92733,2026-08-05,27.1336,87.78257,"87.78257,27.1336","Landslide at Khopikharka , Phidim Municipality-1",True,True,other,3,17
92734,2026-08-06,27.82173,83.63419,"83.63419,27.82173","Landslide at Gaudepul, Mathagadhi Rural Municipality-1",True,True,other,79,38
92735,2026-08-06,27.91679,83.52123,"83.52123,27.91679","Landslide at Bikunthe Bhir , Tansen Municipality-13",True,True,other,2,38
92737,2026-08-06,27.68739,84.06217,"84.06217,27.68739","Landslide at Hiudekhola , Hupsekot Rural Municipality-4",True,True,other,23,38
92740,2026-08-06,28.20228,83.69519,"83.69519,28.20228","Landslide at Maldhunga , Kushma Municipality-10",True,True,other,56,38
92741,2026-08-06,28.27345,84.8101,"84.8101,28.27345",Landslide at Dharche Rural Municipality-5,True,True,other,82,38
92742,2026-08-06,27.94393,83.04234,"83.04234,27.94393","Landslide at Barahasthan , Bhumikasthan Municipality-7",True,True,other,50,38
92747,2026-08-06,27.82215,85.22507,"85.22507,27.82215","Landslide at Ranipauwa , Kakani Rural Municipality-4",True,True,other,5,38
92752,2026-08-06,27.82173,83.63419,"83.63419,27.82173","Landslide at Tapchaur , Mathagadhi Rural Municipality-1",True,True,other,79,38
92757,2026-08-06,28.27345,84.8101,"84.8101,28.27345","Landslide at Garapani , Dharche Rural Municipality-5",True,True,other,82,38
92758,2026-08-05,28.34628,83.99007,"83.99007,28.34628","Landslide at Karuwa , Machhapuchchhre Rural Municipality-2",True,True,other,61,17
92759,2026-08-06,28.20228,83.69519,"83.69519,28.20228",Landslide at Kushma Municipality-10,True,True,other,56,38
92761,2026-08-06,27.97337,84.57962,"84.57962,27.97337","Landslide at Barakillo, Gorkha Municipality-11",True,True,other,5,38
92772,2026-08-06,28.20228,83.69519,"83.69519,28.20228","Landslide at Sarauchoke, Kushma Municipality-10",True,True,other,56,38
92794,2026-08-07,29.21559,81.74506,"81.74506,29.21559",Landslide at Pachaljharana Rural Municipality-3,True,True,other,81,7
92795,2026-08-07,28.54637,83.48729,"83.48729,28.54637","Landslide at Baisari, Raghuganga Rural Municipality-8",True,True,other,128,7
92798,2026-08-06,28.36327,83.7967,"83.7967,28.36327","Landslide at Simaikhola, Annapurna Rural Municipality-10",True,True,other,3,38
92799,2026-08-06,28.09848,83.31058,"83.31058,28.09848",Landslide at Resunga Municipality-14,True,True,other,90,38
92800,2026-08-06,28.1203,82.85541,"82.85541,28.1203","Landslide at Bangaphadi, Pyuthan Municipality-7",True,True,other,60,38
92803,2026-08-04,28.4,82.09154,"82.09154,28.4","Landslide at Bangekholsa, Sharada Municipality-9",True,True,other,45,31
92805,2026-08-07,27.90711,85.75568,"85.75568,27.90711",Landslide at Jugal Rural Municipality-2,True,True,other,86,7
92807,2026-08-06,27.72488,86.68194,"86.68194,27.72488","Landslide at Nildarji, Khumbu Pasanglhamu Rural Municipality-3",True,True,other,88,38
92808,2026-08-06,28.32432,82.65523,"82.65523,28.32432","Landslide at Jungepani, Rolpa Municipality-10",True,True,other,149,38
92813,2026-08-06,30.10122,80.961,"80.961,30.10122",Landslide at Byas Rural Municipality-1,True,True,other,1,38
92815,2026-08-06,29.20864,80.48616,"80.48616,29.20864","Landslide at Sunkote, Alital Rural Municipality-3",True,True,other,44,38
92816,2026-08-06,28.74013,80.89463,"80.89463,28.74013","Landslide at Sunkote, Gauriganga Municipality-9",True,True,other,15,38
92817,2026-08-07,26.88507,87.89616,"87.89616,26.88507",Landslide at Ilam Municipality-12,True,True,other,71,7
92818,2026-08-07,27.97337,84.57962,"84.57962,27.97337",Landslide at Gorkha Municipality-11,True,True,other,5,7
92828,2026-08-08,27.92448,85.24446,"85.24446,27.92448","Landslide at Bhadrutar Thapaliya Tole , Suryagadhi Rural Municipality-4",True,True,other,94,10
92829,2026-08-08,27.1539,87.47085,"87.47085,27.1539","Landslide at Kande , Laligurans Municipality-9",True,True,nepal_police,5,10
92845,2026-08-08,27.82349,86.22218,"86.22218,27.82349","Landslide at Tallo Bhalukhola , Bigu Rural Municipality-1",True,True,other,62,10
92851,2026-08-08,27.41296,85.24376,"85.24376,27.41296",Landslide at Bakaiya Rural Municipality-11,True,True,other,10,10
92855,2026-08-08,28.27345,84.8101,"84.8101,28.27345",Landslide at Dharche Rural Municipality-5,True,True,other,82,10
92859,2026-08-08,28.28362,84.43609,"84.43609,28.28362","Landslide at Shreechaur , Marsyangdi Rural Municipality-7",True,True,other,56,10
92864,2026-08-08,27.90711,85.75568,"85.75568,27.90711",Landslide at Jugal Rural Municipality-2,True,True,other,86,10
92872,2026-08-07,27.60958,87.62768,"87.62768,27.60958",Landslide at Mikwakhola Rural Municipality-5,True,True,other,4,7
92873,2026-08-07,27.54796,85.33968,"85.33968,27.54796",Landslide at Konjyosom Rural Municipality-4,True,True,other,105,7
92874,2026-08-08,28.34628,83.99007,"83.99007,28.34628","Landslide at Khilang, Machhapuchchhre Rural Municipality-2",True,True,other,61,10
92878,2026-08-09,28.75019,81.50725,"81.50725,28.75019","Landslide at Amrise , Barahtal Rural Municipality-7",True,True,other,1,10
92880,2026-08-09,27.60915,87.44795,"87.44795,27.60915","Landslide at Neta Bhir , Makalu Rural Municipality-4",True,True,other,1,10
92882,2026-08-08,28.1203,82.85541,"82.85541,28.1203","Landslide at Thulasima , Pyuthan Municipality-7",True,True,other,60,10
92883,2026-08-08,27.53315,86.53258,"86.53258,27.53315","Landslide at Loding , Solududhkunda Municipality-3",True,True,other,3,10
92884,2026-08-09,28.67916,84.18079,"84.18079,28.67916","Landslide at Dharapani , Narpa Bhoomi Rural Municipality-3",True,True,other,13,10
92885,2026-08-09,28.88537,81.67138,"81.67138,28.88537",Landslide at Mahabu Rural Municipality-2,True,True,other,26,10
92887,2026-08-09,29.20864,80.48616,"80.48616,29.20864","Landslide at Bhalumare , Alital Rural Municipality-3",True,True,other,44,10
92888,2026-08-09,28.16563,84.30526,"84.30526,28.16563","Landslide at Bimire bhanjyang , MadhyaNepal Municipality-10",True,True,other,18,10
92893,2026-08-10,27.47254,85.71878,"85.71878,27.47254","Landslide at Pinthali, Narke , Roshi Rural Municipality-9",True,True,other,3,18
92894,2026-08-10,27.90711,85.75568,"85.75568,27.90711","Landslide at Dumre , Jugal Rural Municipality-2",True,True,other,86,18
92897,2026-08-10,28.65047,81.50876,"81.50876,28.65047","Landslide at Syule & Amrise , Barahtal Rural Municipality-8",True,True,other,24,18
92899,2026-08-09,28.54637,83.48729,"83.48729,28.54637","Landslide at Hadebhir , Raghuganga Rural Municipality-8",True,True,other,128,10
92904,2026-08-09,28.27345,84.8101,"84.8101,28.27345","Landslide at Anda Danda , Dharche Rural Municipality-5",True,True,other,82,10
92905,2026-08-09,27.92448,85.24446,"85.24446,27.92448","Landslide at Mathillotar, Suryagadhi Rural Municipality-4",True,True,other,94,10
92917,2026-08-10,28.66201,81.60935,"81.60935,28.66201",Landslide at Birendranagar Municipality-14,True,True,other,2,18
92922,2026-08-10,29.21559,81.74506,"81.74506,29.21559","Landslide at Phurgad Khola , Pachaljharana Rural Municipality-3",True,True,other,81,18
92923,2026-08-10,27.53685,86.18811,"86.18811,27.53685",Landslide at Gokulganga Rural Municipality-4,True,True,other,49,18
92925,2026-08-10,27.67418,85.44123,"85.44123,27.67418","Landslide at Telkot , Bhaktapur Municipality-9",True,True,other,31,18
92927,2026-08-10,27.18536,85.90753,"85.90753,27.18536",Landslide at Kamalamai Municipality-5,True,True,other,36,18
92936,2026-08-10,29.50844,80.57647,"80.57647,29.50844","Landslide at Silbalegada , Surnaya Rural Municipality-5",True,True,other,73,18
92937,2026-08-10,27.54796,85.33968,"85.33968,27.54796","Landslide at Birkhadhara , Konjyosom Rural Municipality-4",True,True,other,105,18
92938,2026-08-10,27.54796,85.33968,"85.33968,27.54796","Landslide at Bhattedanda, Konjyosom Rural Municipality-4",True,True,other,105,18
92939,2026-08-10,26.85011,87.88468,"87.88468,26.85011","Landslide at Thadekhola , Ilam Municipality-11",True,True,other,2,18
92940,2026-08-10,27.54796,85.33968,"85.33968,27.54796",Landslide at Konjyosom Rural Municipality-4,True,True,other,105,18
92946,2026-08-09,27.82349,86.22218,"86.22218,27.82349","Landslide at Sunkhani, Bigu Rural Municipality-1",True,True,other,62,10
92948,2026-08-10,27.17377,87.09084,"87.09084,27.17377",Landslide at Bhojpur Municipality-11,True,True,other,65,18
92950,2026-08-10,27.13741,87.5752,"87.5752,27.13741","Landslide at Gadijungle, Phedap Rural Municipality-3",True,True,other,53,18
92954,2026-08-10,29.5579,81.49045,"81.49045,29.5579",Landslide at Gaumul Rural Municipality-1,True,True,other,57,18
92957,2026-08-11,28.54637,83.48729,"83.48729,28.54637",Landslide at Raghuganga Rural Municipality-8,True,True,other,128,6
92961,2026-08-10,27.92448,85.24446,"85.24446,27.92448",Landslide at Suryagadhi Rural Municipality-4,True,True,other,94,18
92974,2026-08-11,29.7171,81.15534,"81.15534,29.7171","Landslide at Chhayala , Surma Rural Municipality-1",True,True,other,38,6
92977,2026-08-10,29.30306,80.63579,"80.63579,29.30306",Landslide at Amargadhi Municipality-10,True,True,other,2,18
92983,2026-08-11,28.4,82.09154,"82.09154,28.4","Landslide at Koirakal , Sharada Municipality-9",True,True,other,45,6
92985,2026-08-11,28.70013,82.19099,"82.19099,28.70013",Landslide at Bheri Municipality-4,True,True,other,3,6
92986,2026-08-11,28.65047,81.50876,"81.50876,28.65047","Landslide at Guyala , Barahtal Rural Municipality-8",True,True,other,24,6
93004,2026-08-11,29.50844,80.57647,"80.57647,29.50844","Landslide at Ratapani, Surnaya Rural Municipality-5",True,True,other,73,6
93011,2026-08-12,29.23923,82.21605,"82.21605,29.23923","Landslide at Ekantakuna, Guthichaur Rural Municipality-5",True,True,other,7,3
93020,2026-08-12,28.32432,82.65523,"82.65523,28.32432","Landslide at Kotalbara , Rolpa Municipality-10",True,True,other,149,3
93025,2026-08-12,28.67399,82.81088,"82.81088,28.67399","Landslide at Kadabagar , Putha Uttarganga Rural Municipality-4",True,True,other,31,3
93046,2026-08-13,28.32432,82.65523,"82.65523,28.32432",Landslide at Rolpa Municipality-10,True,True,other,149,14
93047,2026-08-13,27.90711,85.75568,"85.75568,27.90711","Landslide at Liping Khola , Jugal Rural Municipality-2",True,True,other,86,14
93050,2026-08-13,29.67916,82.30447,"82.30447,29.67916",Landslide at Mugum Karmarong Rural Municipality-7,True,True,other,26,14
93054,2026-08-14,29.5579,81.49045,"81.49045,29.5579","Landslide at Tamsu , Gaumul Rural Municipality-1",True,True,other,57,27
93061,2026-08-14,28.39284,82.90162,"82.90162,28.39284","Landslide at Phalabang , Sunchhahari Rural Municipality-2",True,True,other,1,27
93069,2026-08-14,28.54637,83.48729,"83.48729,28.54637","Landslide at Baiseri , Raghuganga Rural Municipality-8",True,True,other,128,27
93070,2026-08-14,28.41807,83.64227,"83.64227,28.41807","Landslide at Mahabhir , Annapurna Rural Municipality-7",True,True,other,3,27
93071,2026-08-14,28.00638,84.94688,"84.94688,28.00638","Landslide at Golabhanjyang , Netrawati Dabjong Rural Municipality-1",True,True,other,86,27
93073,2026-08-14,28.00638,84.94688,"84.94688,28.00638","Landslide at Aathkilla , Netrawati Dabjong Rural Municipality-1",True,True,other,86,27
93077,2026-08-13,28.25102,84.35257,"84.35257,28.25102","Landslide at Kharkhare Bhir , Besishahar Municipality-6",True,True,other,6,14
93078,2026-08-13,28.35288,83.27139,"83.27139,28.35288",Landslide at Dhorpatan Municipality-4,True,True,other,84,14
93082,2026-08-13,28.16563,84.30526,"84.30526,28.16563","Landslide at Bimirebhanjyang , MadhyaNepal Municipality-10",True,True,other,18,14
93083,2026-08-13,28.09848,83.31058,"83.31058,28.09848","Landslide at Chureni Bhir , Resunga Municipality-14",True,True,other,90,14
93084,2026-08-13,28.32432,82.65523,"82.65523,28.32432","Landslide at Phuliban , Rolpa Municipality-10",True,True,other,149,14
93088,2026-08-14,27.54796,85.33968,"85.33968,27.54796","Landslide at Bhalukhola , Konjyosom Rural Municipality-4",True,True,other,105,27
93094,2026-08-14,27.67418,85.44123,"85.44123,27.67418","Landslide at Telkot Bastolanagar , Bhaktapur Municipality-9",True,True,other,31,27
93096,2026-08-13,28.35288,83.27139,"83.27139,28.35288","Landslide at Upallo Bengri , Dhorpatan Municipality-4",True,True,other,84,14
93097,2026-08-14,28.27345,84.8101,"84.8101,28.27345",Landslide at Dharche Rural Municipality-5,True,True,other,82,27
93098,2026-08-14,29.5579,81.49045,"81.49045,29.5579",Landslide at Gaumul Rural Municipality-1,True,True,other,57,27
93104,2026-08-14,29.49026,82.13588,"82.13588,29.49026",Landslide at Chhayanath Rara Municipality-7,True,True,other,2,27
93105,2026-08-14,28.48158,82.69686,"82.69686,28.48158",Landslide at Thabang Rural Municipality-2,True,True,other,5,27
93106,2026-08-14,27.75149,84.08632,"84.08632,27.75149","Landslide at Pangre , Hupsekot Rural Municipality-5",True,True,other,7,27
93109,2026-08-14,28.25975,84.26198,"84.26198,28.25975","Landslide at Ghamrang , Kwholasothar Rural Municipality-8",True,True,other,1,27
93110,2026-08-14,29.92362,80.73694,"80.73694,29.92362","Landslide at Bangabagar , Apihimal Rural Municipality-6",True,True,other,48,27
93111,2026-08-14,28.27345,84.8101,"84.8101,28.27345","Landslide at Chanaute , Dharche Rural Municipality-5",True,True,other,82,27
93112,2026-08-14,29.21559,81.74506,"81.74506,29.21559","Landslide at Ghatachaur , Pachaljharana Rural Municipality-3",True,True,other,81,27
93113,2026-08-14,28.27345,84.8101,"84.8101,28.27345",Landslide at Dharche Rural Municipality-5,True,True,other,82,27
93114,2026-08-14,28.27345,84.8101,"84.8101,28.27345",Landslide at Dharche Rural Municipality-5,True,True,other,82,27
93115,2026-08-13,28.90221,82.42412,"82.42412,28.90221","Landslide at Tasughat Khola , Nalgaad Municipality-10",True,True,other,1,14
93121,2026-08-14,28.26698,82.36072,"82.36072,28.26698",Landslide at Kapurkot Rural Municipality-5,True,True,other,2,27
93122,2026-08-14,29.92362,80.73694,"80.73694,29.92362","Landslide at Ringaltal Bangabagar, Apihimal Rural Municipality-6",True,True,other,48,27
93124,2026-08-15,28.54637,83.48729,"83.48729,28.54637","Landslide at Baiseri , Raghuganga Rural Municipality-8",True,True,other,128,33
93125,2026-08-15,28.73884,82.46045,"82.46045,28.73884","Landslide at Chinabagar , Banphikot Rural Municipality-6",True,True,other,44,33
93133,2026-08-15,27.69912,85.37856,"85.37856,27.69912",Landslide at Kageshwori Manahora Municipality-9,True,True,other,61,33
93138,2026-08-14,28.1203,82.85541,"82.85541,28.1203",Landslide at Pyuthan Municipality-7,True,True,other,60,27
93141,2026-08-14,28.74013,80.89463,"80.89463,28.74013","Landslide at Pitmari , Gauriganga Municipality-9",True,True,other,15,27
93145,2026-08-14,29.92362,80.73694,"80.73694,29.92362",Landslide at Apihimal Rural Municipality-6,True,True,other,48,27
93147,2026-08-14,28.32432,82.65523,"82.65523,28.32432","Landslide at Thulo Gaau , Rolpa Municipality-10",True,True,other,149,27
93151,2026-08-14,28.32432,82.65523,"82.65523,28.32432",Landslide at Rolpa Municipality-10,True,True,other,149,27
93154,2026-08-14,27.54796,85.33968,"85.33968,27.54796","Landslide at Tikabhairav Birkhadhara , Konjyosom Rural Municipality-4",True,True,other,105,27
93157,2026-08-13,28.27345,84.8101,"84.8101,28.27345",Landslide at Dharche Rural Municipality-5,True,True,other,82,14
93159,2026-08-13,29.5579,81.49045,"81.49045,29.5579",Landslide at Gaumul Rural Municipality-1,True,True,other,57,14
93160,2026-08-13,29.5579,81.49045,"81.49045,29.5579","Landslide at Pudabaula , Gaumul Rural Municipality-1",True,True,other,57,14
93166,2026-08-15,28.32432,82.65523,"82.65523,28.32432","Landslide at Lahari, Rolpa Municipality-10",True,True,other,149,33
93170,2026-08-15,29.21277,83.03833,"83.03833,29.21277","Landslide at Hurikot, Shey Phoksundo Rural Municipality-99",True,True,other,32,33
93171,2026-08-15,27.53685,86.18811,"86.18811,27.53685",Landslide at Gokulganga Rural Municipality-4,True,True,other,49,33
93172,2026-08-15,29.21559,81.74506,"81.74506,29.21559","Landslide at Khada, Pachaljharana Rural Municipality-3",True,True,other,81,33
93174,2026-08-15,28.28362,84.43609,"84.43609,28.28362",Landslide at Marsyangdi Rural Municipality-7,True,True,other,56,33
93175,2026-08-15,28.32432,82.65523,"82.65523,28.32432","Landslide at Sailimailimode, Rolpa Municipality-10",True,True,other,149,33
93177,2026-08-15,28.20228,83.69519,"83.69519,28.20228","Landslide at Mahavir, Kushma Municipality-10",True,True,other,56,33
93179,2026-08-15,27.38688,87.21569,"87.21569,27.38688","Landslide at Sireka dana, Khandbari Municipality-7",True,True,other,104,33
93181,2026-08-15,28.86981,82.19935,"82.19935,28.86981","Landslide at Risang , Kushe Rural Municipality-7",True,True,other,66,33
93182,2026-08-16,28.27416,82.76962,"82.76962,28.27416","Landslide at Dhaireni , Lungri Rural Municipality-5",True,True,other,2,34
93183,2026-08-16,28.4,82.09154,"82.09154,28.4","Landslide at Aringale , Sharada Municipality-9",True,True,other,45,34
93184,2026-08-16,28.54637,83.48729,"83.48729,28.54637","Landslide at Ghumaune Bhir , Raghuganga Rural Municipality-8",True,True,nepal_police,128,34
93185,2026-08-16,27.84317,85.29775,"85.29775,27.84317","Landslide at Ghattekhola , Shivapuri Rural Municipality-8",True,True,other,2,34
93187,2026-08-15,28.9548,83.86811,"83.86811,28.9548","Landslide at Kaiku Khola , Lo Ghekar Damodarkunda Rural Municipality-5",True,True,other,22,33
93189,2026-08-15,28.22837,82.72372,"82.72372,28.22837","Landslide at Kagdanda, Sunil Smriti Rural Municipality-4",True,True,other,2,33
93192,2026-08-15,27.61645,84.36001,"84.36001,27.61645","Landslide at Simaldhara , Bharatpur Metropolitan City-14",True,True,nepal_police,39,33
93193,2026-08-15,28.35288,83.27139,"83.27139,28.35288",Landslide at Dhorpatan Municipality-4,True,True,other,84,33
93194,2026-08-15,28.34697,82.77714,"82.77714,28.34697","Landslide at Mawang & Jaima , Sunchhahari Rural Municipality-5",True,True,nepal_police,4,33
93195,2026-08-15,28.1203,82.85541,"82.85541,28.1203","Landslide at Lakhachaur , Pyuthan Municipality-7",True,True,other,60,33
93196,2026-08-15,28.09848,83.31058,"83.31058,28.09848","Landslide at Choyaga, Resunga Municipality-14",True,True,other,90,33
93197,2026-08-15,28.00638,84.94688,"84.94688,28.00638","Landslide at Kamarebhir , Netrawati Dabjong Rural Municipality-1",True,True,other,86,33
93198,2026-08-15,28.00638,84.94688,"84.94688,28.00638","Landslide at Saatkilla , Netrawati Dabjong Rural Municipality-1",True,True,other,86,33
93200,2026-08-15,28.70013,82.19099,"82.19099,28.70013","Landslide at Kotkhola , Bheri Municipality-4",True,True,other,3,33
93201,2026-08-15,28.86981,82.19935,"82.19935,28.86981","Landslide at Kalegaau/Raautgaau/Newarkhola , Kushe Rural Municipality-7",True,True,other,66,33
93202,2026-08-16,28.54637,83.48729,"83.48729,28.54637","Landslide at Baiseri , Raghuganga Rural Municipality-8",True,True,other,128,34
93203,2026-08-16,28.54637,83.48729,"83.48729,28.54637","Landslide at Sukebagar, Raghuganga Rural Municipality-8",True,True,other,128,34
93204,2026-08-16,29.5579,81.49045,"81.49045,29.5579","Landslide at Bakadepahiro, Gaumul Rural Municipality-1",True,True,other,57,34
93209,2026-08-16,28.4,82.09154,"82.09154,28.4","Landslide at Kaichimod , Sharada Municipality-9",True,True,other,45,34
93210,2026-08-16,28.34628,83.99007,"83.99007,28.34628","Landslide at Champe, Machhapuchchhre Rural Municipality-2",True,True,other,61,34
93211,2026-08-16,28.32432,82.65523,"82.65523,28.32432","Landslide at Amdanda, Rolpa Municipality-10",True,True,other,149,34
93212,2026-08-16,28.32432,82.65523,"82.65523,28.32432",Landslide at Rolpa Municipality-10,True,True,other,149,34
93214,2026-08-16,29.21559,81.74506,"81.74506,29.21559",Landslide at Pachaljharana Rural Municipality-3,True,True,other,81,34
93215,2026-08-16,28.28362,84.43609,"84.43609,28.28362","Landslide at Shreechaur, Marsyangdi Rural Municipality-7",True,True,other,56,34
93217,2026-08-16,28.1203,82.85541,"82.85541,28.1203","Landslide at Lung, Pyuthan Municipality-7",True,True,other,60,34
93220,2026-08-15,28.1203,82.85541,"82.85541,28.1203",Landslide at Pyuthan Municipality-7,True,True,other,60,33
93221,2026-08-16,28.1203,82.85541,"82.85541,28.1203",Landslide at Pyuthan Municipality-7,True,True,other,60,34
93222,2026-08-16,28.1203,82.85541,"82.85541,28.1203","Landslide at Kunta, Pyuthan Municipality-7",True,True,other,60,34
93223,2026-08-16,28.34628,83.99007,"83.99007,28.34628","Landslide at Simpani, Machhapuchchhre Rural Municipality-2",True,True,other,61,34
93225,2026-08-16,27.69912,85.37856,"85.37856,27.69912","Landslide at Kavresthali, Kageshwori Manahora Municipality-9",True,True,other,61,34
93226,2026-08-16,28.28362,84.43609,"84.43609,28.28362",Landslide at Marsyangdi Rural Municipality-7,True,True,other,56,34
93228,2026-08-16,28.54637,83.48729,"83.48729,28.54637","Landslide at Rupse, Raghuganga Rural Municipality-8",True,True,other,128,34
93229,2026-08-16,28.32432,82.65523,"82.65523,28.32432","Landslide at Jungepani, Rolpa Municipality-10",True,True,other,149,34
93230,2026-08-16,29.06417,81.30663,"81.30663,29.06417","Landslide at Budhakot, Kamalbazar Municipality-7",True,True,other,19,34
93231,2026-08-16,28.4,82.09154,"82.09154,28.4",Landslide at Sharada Municipality-9,True,True,other,45,34
93232,2026-08-15,28.72977,82.31278,"82.31278,28.72977","Landslide at Jyamirkot, Aathbiskot Municipality-14",True,True,other,5,33
93233,2026-08-15,28.00638,84.94688,"84.94688,28.00638",Landslide at Netrawati Dabjong Rural Municipality-1,True,True,other,86,33
93235,2026-08-15,28.1203,82.85541,"82.85541,28.1203",Landslide at Pyuthan Municipality-7,True,True,other,60,33
93238,2026-08-15,28.27345,84.8101,"84.8101,28.27345","Landslide at Kashigau, Dharche Rural Municipality-5",True,True,other,82,33
93240,2026-08-15,28.32432,82.65523,"82.65523,28.32432","Landslide at Panipokhara, Rolpa Municipality-10",True,True,other,149,33
93241,2026-08-15,27.93572,84.24996,"84.24996,27.93572","Landslide at Sunakhoti, Rhishing Rural Municipality-1",True,True,other,54,33
93242,2026-08-15,28.1203,82.85541,"82.85541,28.1203",Landslide at Pyuthan Municipality-7,True,True,other,60,33
93243,2026-08-16,28.1203,82.85541,"82.85541,28.1203","Landslide at Punyakhola, Pyuthan Municipality-7",True,True,other,60,34
93244,2026-08-15,28.1203,82.85541,"82.85541,28.1203",Landslide at Pyuthan Municipality-7,True,True,other,60,33
93245,2026-08-16,28.73884,82.46045,"82.46045,28.73884",Landslide at Banphikot Rural Municipality-6,True,True,other,44,34
93247,2026-08-17,28.54637,83.48729,"83.48729,28.54637","Landslide at Rupse , Raghuganga Rural Municipality-8",True,True,other,128,17
93251,2026-08-16,28.72977,82.31278,"82.31278,28.72977","Landslide at Pipalchaur , Aathbiskot Municipality-14",True,True,other,5,34
93252,2026-08-16,28.1203,82.85541,"82.85541,28.1203","Landslide at Rumale , Pyuthan Municipality-7",True,True,other,60,34
93253,2026-08-16,28.17294,84.23697,"84.23697,28.17294","Landslide at Kamere Bhanjyang , MadhyaNepal Municipality-7",True,True,other,2,34
93254,2026-08-17,28.25098,82.31454,"82.31454,28.25098","Landslide at Aringale , Kapurkot Rural Municipality-4",True,True,other,1,17
93256,2026-08-17,28.00638,84.94688,"84.94688,28.00638","Landslide at Chalise , Netrawati Dabjong Rural Municipality-1",True,True,other,86,17
93257,2026-08-16,28.23708,82.8806,"82.8806,28.23708","Landslide at Patale Khola , Naubahini Rural Municipality-5",True,True,other,3,34
93258,2026-08-16,28.99121,81.50179,"81.50179,28.99121","Landslide at Aagra , Thantikandh Rural Municipality-5",True,True,other,1,34
93262,2026-08-16,27.60988,87.82613,"87.82613,27.60988","Landslide at Khokse Khola , Phaktanglung Rural Municipality-6",True,True,other,148,34
93273,2026-08-16,27.33592,86.44629,"86.44629,27.33592","Landslide at Kholakharka , Molung Rural Municipality-1",True,True,other,71,34
93275,2026-08-17,29.67916,82.30447,"82.30447,29.67916","Landslide at Talcha , Mugum Karmarong Rural Municipality-7",True,True,other,26,17
93278,2026-08-13,28.32432,82.65523,"82.65523,28.32432","Landslide at Chhanwang / Ghuswang , Rolpa Municipality-10",True,True,other,149,14
93279,2026-08-16,27.53685,86.18811,"86.18811,27.53685",Landslide at Gokulganga Rural Municipality-4,True,True,other,49,34
93284,2026-08-17,27.99168,83.399,"83.399,27.99168","Landslide at Lekh , Rurukshetra Rural Municipality-4",True,True,other,2,17
93287,2026-08-17,28.67399,82.81088,"82.81088,28.67399",Landslide at Putha Uttarganga Rural Municipality-4,True,True,other,31,17
93288,2026-08-17,28.32432,82.65523,"82.65523,28.32432","Landslide at Powang Bazar , Rolpa Municipality-10",True,True,other,149,17
93290,2026-08-17,29.20864,80.48616,"80.48616,29.20864","Landslide at Khasrekhan , Alital Rural Municipality-3",True,True,other,44,17
93291,2026-08-17,28.35288,83.27139,"83.27139,28.35288","Landslide at Mare , Dhorpatan Municipality-4",True,True,other,84,17
93292,2026-08-17,27.54796,85.33968,"85.33968,27.54796","Landslide at Bhattedanda, Konjyosom Rural Municipality-4",True,True,other,105,17
93293,2026-08-17,27.4427,85.08797,"85.08797,27.4427","Landslide at Kalikatar , Makawanpurgadhi Rural Municipality-5",True,True,other,52,17
93296,2026-08-17,29.5579,81.49045,"81.49045,29.5579",Landslide at Gaumul Rural Municipality-1,True,True,other,57,17
93298,2026-08-17,28.04601,83.09631,"83.09631,28.04601","Landslide at Deurali , Malarani Rural Municipality-5",True,True,other,2,17
93299,2026-08-16,28.34628,83.99007,"83.99007,28.34628","Landslide at Landruk , Machhapuchchhre Rural Municipality-2",True,True,other,61,34
93301,2026-08-17,28.32432,82.65523,"82.65523,28.32432","Landslide at Gibang , Rolpa Municipality-10",True,True,other,149,17
93315,2026-08-18,29.20864,80.48616,"80.48616,29.20864","Landslide at Raduwo, Alital Rural Municipality-3",True,True,other,44,9
93317,2026-08-17,28.09848,83.31058,"83.31058,28.09848",Landslide at Resunga Municipality-14,True,True,other,90,17
93318,2026-08-17,28.20228,83.69519,"83.69519,28.20228","Landslide at Chiplati, Kushma Municipality-10",True,True,other,56,17
93322,2026-08-18,28.9548,83.86811,"83.86811,28.9548","Landslide at Selfidanda, Lo Ghekar Damodarkunda Rural Municipality-5",True,True,other,22,9
93326,2026-08-18,28.75007,82.19236,"82.19236,28.75007","Landslide at Kotkhola , Bheri Municipality-2",True,True,other,5,9
93327,2026-08-18,28.75007,82.19236,"82.19236,28.75007","Landslide at Kotkhola , Bheri Municipality-2",True,True,other,5,9
93329,2026-08-18,29.21559,81.74506,"81.74506,29.21559",Landslide at Pachaljharana Rural Municipality-3,True,True,other,81,9
93333,2026-08-18,28.62945,82.39148,"82.39148,28.62945",Landslide at Musikot Municipality-14,True,True,other,2,9
93336,2026-08-17,29.50844,80.57647,"80.57647,29.50844","Landslide at Narbir , Surnaya Rural Municipality-5",True,True,other,73,17
93338,2026-08-18,29.20864,80.48616,"80.48616,29.20864","Landslide at Katauti , Alital Rural Municipality-3",True,True,other,44,9
93339,2026-08-18,28.97719,82.50902,"82.50902,28.97719","Landslide at Phumdam , Nalgaad Municipality-13",True,True,other,1,9
93340,2026-08-18,28.86981,82.19935,"82.19935,28.86981","Landslide at Kotkhola , Kushe Rural Municipality-7",True,True,other,66,9
93363,2026-08-19,27.82173,83.63419,"83.63419,27.82173","Landslide at Siddhababa, Mathagadhi Rural Municipality-1",True,True,other,79,7
93366,2026-08-19,29.92362,80.73694,"80.73694,29.92362","Landslide at Garmaura, Apihimal Rural Municipality-6",True,True,other,48,7
93373,2026-08-19,28.28362,84.43609,"84.43609,28.28362","Landslide at Thati, Marsyangdi Rural Municipality-7",True,True,other,56,7
93377,2026-08-19,29.06118,84.09306,"84.09306,29.06118","Landslide at Surkhang , Lo Ghekar Damodarkunda Rural Municipality-4",True,True,other,1,7
93382,2026-08-20,28.54637,83.48729,"83.48729,28.54637","Landslide at Sukebagar , Raghuganga Rural Municipality-8",True,True,other,128,12
93383,2026-08-20,28.54637,83.48729,"83.48729,28.54637",Landslide at Raghuganga Rural Municipality-8,True,True,other,128,12
93384,2026-08-19,28.74013,80.89463,"80.89463,28.74013","Landslide at Bhasu Bhir , Gauriganga Municipality-9",True,True,other,15,7
93385,2026-08-19,29.20864,80.48616,"80.48616,29.20864",Landslide at Alital Rural Municipality-3,True,True,other,44,7
93386,2026-08-19,28.1755,85.46091,"85.46091,28.1755","Landslide at Tiru , Gosaikunda Rural Municipality-4",True,True,other,53,7
93407,2026-08-20,28.1755,85.46091,"85.46091,28.1755",Landslide at Gosaikunda Rural Municipality-4,True,True,other,53,12
93408,2026-08-20,28.20228,83.69519,"83.69519,28.20228","Landslide at Kusmabazer, Kushma Municipality-10",True,True,other,56,12
93409,2026-08-20,28.4,82.09154,"82.09154,28.4","Landslide at Badakhola, Sharada Municipality-9",True,True,other,45,12
93419,2026-08-20,28.32432,82.65523,"82.65523,28.32432",Landslide at Rolpa Municipality-10,True,True,other,149,12
93423,2026-08-20,28.32432,82.65523,"82.65523,28.32432","Landslide at Ghartigaau Bazar , Rolpa Municipality-10",True,True,other,149,12
93424,2026-08-20,28.20228,83.69519,"83.69519,28.20228","Landslide at Durlungkot , Kushma Municipality-10",True,True,other,56,12
93425,2026-08-20,29.5579,81.49045,"81.49045,29.5579","Landslide at Katigaau, Gaumul Rural Municipality-1",True,True,other,57,12
93452,2026-08-21,29.21559,81.74506,"81.74506,29.21559",Landslide at Pachaljharana Rural Municipality-3,True,True,other,81,12
93454,2026-08-20,29.92362,80.73694,"80.73694,29.92362",Landslide at Apihimal Rural Municipality-6,True,True,other,48,12
93457,2026-08-21,27.92448,85.24446,"85.24446,27.92448","Landslide at Dhade, Suryagadhi Rural Municipality-4",True,True,other,94,12
93458,2026-08-21,27.92448,85.24446,"85.24446,27.92448",Landslide at Suryagadhi Rural Municipality-4,True,True,other,94,12
93459,2026-08-21,27.92448,85.24446,"85.24446,27.92448",Landslide at Suryagadhi Rural Municipality-4,True,True,other,94,12
93460,2026-08-21,27.90711,85.75568,"85.75568,27.90711","Landslide at Liping Bazer, Jugal Rural Municipality-2",True,True,other,86,12
93462,2026-08-21,27.92448,85.24446,"85.24446,27.92448","Landslide at Khanekharka, Suryagadhi Rural Municipality-4",True,True,other,94,12
93465,2026-08-21,28.27345,84.8101,"84.8101,28.27345","Landslide at Mandregau, Dharche Rural Municipality-5",True,True,other,82,12
93467,2026-08-20,28.34628,83.99007,"83.99007,28.34628","Landslide at Chautaropakha, Machhapuchchhre Rural Municipality-2",True,True,other,61,12
93469,2026-08-22,28.73884,82.46045,"82.46045,28.73884",Landslide at Banphikot Rural Municipality-6,True,True,other,44,23
93471,2026-08-20,28.34628,83.99007,"83.99007,28.34628",Landslide at Machhapuchchhre Rural Municipality-2,True,True,other,61,12
93473,2026-08-22,27.82173,83.63419,"83.63419,27.82173","Landslide at Siddhababa, Mathagadhi Rural Municipality-1",True,True,other,79,23
93482,2026-08-21,28.1203,82.85541,"82.85541,28.1203","Landslide at Bagdula, Pyuthan Municipality-7",True,True,other,60,12
93485,2026-08-21,28.28757,84.00181,"84.00181,28.28757",Landslide at Pokhara Metropolitan City-16,True,True,other,6,12
93486,2026-08-22,28.67916,84.18079,"84.18079,28.67916",Landslide at Narpa Bhoomi Rural Municipality-3,True,True,other,13,23
93487,2026-08-22,28.32432,82.65523,"82.65523,28.32432",Landslide at Rolpa Municipality-10,True,True,other,149,23
93488,2026-08-22,28.54637,83.48729,"83.48729,28.54637",Landslide at Raghuganga Rural Municipality-8,True,True,other,128,23
93489,2026-08-22,28.54637,83.48729,"83.48729,28.54637","Landslide at Sukebager, Raghuganga Rural Municipality-8",True,True,other,128,23
93492,2026-08-22,28.09848,83.31058,"83.31058,28.09848","Landslide at Bidhi Khola , Resunga Municipality-14",True,True,other,90,23
93494,2026-08-22,30.02618,81.88546,"81.88546,30.02618","Landslide at Sarkeguardbazar , Simkot Rural Municipality-3",True,True,other,36,23
93495,2026-08-22,28.09848,83.31058,"83.31058,28.09848",Landslide at Resunga Municipality-14,True,True,other,90,23
93496,2026-08-22,30.02618,81.88546,"81.88546,30.02618","Landslide at Kadkuna , Simkot Rural Municipality-3",True,True,other,36,23
93497,2026-08-21,29.21277,83.03833,"83.03833,29.21277",Landslide at Shey Phoksundo Rural Municipality-99,True,True,nepal_police,32,12
93498,2026-08-22,28.4,82.09154,"82.09154,28.4","Landslide at Jayachaur , Sharada Municipality-9",True,True,other,45,23
93499,2026-08-22,28.67916,84.18079,"84.18079,28.67916","Landslide at Khotro , Narpa Bhoomi Rural Municipality-3",True,True,other,13,23
93503,2026-08-22,28.67399,82.81088,"82.81088,28.67399","Landslide at Thangna , Putha Uttarganga Rural Municipality-4",True,True,other,31,23
93504,2026-08-22,28.23698,84.09812,"84.09812,28.23698","Landslide at Ranjit Bhir , Madi Rural Municipality-4",True,True,other,2,23
93505,2026-08-22,27.82349,86.22218,"86.22218,27.82349","Landslide at Syakhu , Bigu Rural Municipality-1",True,True,other,62,23
93506,2026-08-21,27.92448,85.24446,"85.24446,27.92448","Landslide at Ratmate/Rambhir , Suryagadhi Rural Municipality-4",True,True,other,94,12
93516,2026-08-22,27.4427,85.08797,"85.08797,27.4427","Landslide at Kaliban , Makawanpurgadhi Rural Municipality-5",True,True,nepal_police,52,23
93519,2026-08-22,28.05346,84.98945,"84.98945,28.05346",Landslide at Khaniyabash Rural Municipality-4,True,True,other,1,23
93533,2026-08-22,27.60988,87.82613,"87.82613,27.60988","Landslide at Lelep , Phaktanglung Rural Municipality-6",True,True,other,148,23
93534,2026-08-22,28.02518,84.10367,"84.10367,28.02518",Landslide at Shuklagandaki Municipality-7,True,True,other,4,23
93540,2026-08-22,28.34628,83.99007,"83.99007,28.34628","Landslide at Khaharechowk , Machhapuchchhre Rural Municipality-2",True,True,other,61,23
93543,2026-08-22,27.14773,87.78498,"87.78498,27.14773","Landslide at Sidin , Phidim Municipality-11",True,True,other,83,23
93544,2026-08-22,27.83284,85.12465,"85.12465,27.83284","Landslide at Bhattachowk, Belkotgadhi Municipality-9",True,True,other,3,23
93545,2026-08-21,28.1755,85.46091,"85.46091,28.1755","Landslide at Tiru , Gosaikunda Rural Municipality-4",True,True,other,53,12
93555,2026-08-23,28.32432,82.65523,"82.65523,28.32432","Landslide at Mawang / Powang Bazar , Rolpa Municipality-10",True,True,other,149,10
93556,2026-08-23,28.68031,81.51206,"81.51206,28.68031","Landslide at Sotkhola , Barahtal Rural Municipality-8",True,True,other,2,10
93557,2026-08-23,28.32432,82.65523,"82.65523,28.32432","Landslide at Ladne , Rolpa Municipality-10",True,True,other,149,10
93558,2026-08-23,28.32432,82.65523,"82.65523,28.32432","Landslide at Kungri , Rolpa Municipality-10",True,True,other,149,10
93559,2026-08-22,27.54202,87.87892,"87.87892,27.54202","Landslide at Shiva Danda , Phaktanglung Rural Municipality-5",True,True,other,1,23
93560,2026-08-23,28.43927,82.49067,"82.49067,28.43927","Landslide at Laharichhara, Madi Rural Municipality-3",True,True,other,5,10
93562,2026-08-23,27.34569,87.67232,"87.67232,27.34569","Landslide at Bahanande, Phungling Municipality-7",True,True,other,3,10
93566,2026-08-23,27.97826,84.33696,"84.33696,27.97826","Landslide at Chhirkane , Vyas Municipality-12",True,True,other,7,10
93569,2026-08-23,28.27345,84.8101,"84.8101,28.27345","Landslide at Ghalegaau , Dharche Rural Municipality-5",True,True,other,82,10
93571,2026-08-23,29.50844,80.57647,"80.57647,29.50844",Landslide at Surnaya Rural Municipality-5,True,True,other,73,10
93609,2026-08-24,28.23708,82.8806,"82.8806,28.23708",Landslide at Naubahini Rural Municipality-5,True,True,other,3,4
93613,2026-08-24,28.67916,84.18079,"84.18079,28.67916","Landslide at Pisang , Narpa Bhoomi Rural Municipality-3",True,True,other,13,4
93616,2026-08-24,28.17752,84.85019,"84.85019,28.17752","Landslide at Lapubeshi , Dharche Rural Municipality-7",True,True,other,3,4
93623,2026-08-24,28.32432,82.65523,"82.65523,28.32432","Landslide at Khani, Rolpa Municipality-10",True,True,other,149,4
93648,2026-08-25,28.27345,84.8101,"84.8101,28.27345","Landslide at Andardanda, Dharche Rural Municipality-5",True,True,other,82,4
93651,2026-08-25,28.09848,83.31058,"83.31058,28.09848",Landslide at Resunga Municipality-14,True,True,other,90,4
93652,2026-08-25,27.60988,87.82613,"87.82613,27.60988","Landslide at Khokse Khola , Phaktanglung Rural Municipality-6",True,True,other,148,4
93653,2026-08-25,27.92448,85.24446,"85.24446,27.92448",Landslide at Suryagadhi Rural Municipality-4,True,True,other,94,4
93679,2026-08-26,28.52699,82.50891,"82.50891,28.52699","Landslide at Kungri , Paribartan Rural Municipality-4",True,True,other,5,3
93686,2026-08-26,28.25121,84.82313,"84.82313,28.25121",Landslide at Dharche Rural Municipality-3,True,True,other,5,3
93687,2026-08-26,28.67399,82.81088,"82.81088,28.67399",Landslide at Putha Uttarganga Rural Municipality-4,True,True,other,31,3
93692,2026-08-23,28.35962,83.51249,"83.51249,28.35962",Landslide at Beni Municipality-4,True,True,other,4,10
93709,2026-08-27,28.32432,82.65523,"82.65523,28.32432",Landslide at Rolpa Municipality-10,True,True,other,149,4
93716,2026-08-27,28.32432,82.65523,"82.65523,28.32432","Landslide at Kharibot , Rolpa Municipality-10",True,True,other,149,4
93718,2026-08-27,29.50844,80.57647,"80.57647,29.50844","Landslide at Kuwakot , Surnaya Rural Municipality-5",True,True,other,73,4
93720,2026-08-27,28.60097,82.3937,"82.3937,28.60097",Landslide at Triveni Rural Municipality-10,True,True,other,1,4
93732,2026-08-28,27.90711,85.75568,"85.75568,27.90711","Landslide at Kodari, Jugal Rural Municipality-2",True,True,other,86,3
93744,2026-08-15,27.60988,87.82613,"87.82613,27.60988",Landslide at Phaktanglung Rural Municipality-6,True,True,other,148,33
93755,2026-08-28,28.67399,82.81088,"82.81088,28.67399",Landslide at Putha Uttarganga Rural Municipality-4,True,True,other,31,3
93758,2026-08-28,27.33592,86.44629,"86.44629,27.33592",Landslide at Molung Rural Municipality-1,True,True,other,71,3
93774,2026-08-29,28.27728,83.92498,"83.92498,28.27728",Landslide at Pokhara Metropolitan City-25,True,True,other,8,11
93776,2026-08-29,29.21277,83.03833,"83.03833,29.21277",Landslide at Shey Phoksundo Rural Municipality-99,True,True,other,32,11
93780,2026-08-29,27.60988,87.82613,"87.82613,27.60988","Landslide at Tamrang , Phaktanglung Rural Municipality-6",True,True,other,148,11
93784,2026-08-29,27.54796,85.33968,"85.33968,27.54796","Landslide at Bhattedanda, Konjyosom Rural Municipality-4",True,True,other,105,11
93792,2026-08-30,28.54637,83.48729,"83.48729,28.54637",Landslide at Raghuganga Rural Municipality-8,True,True,other,128,16
93793,2026-08-30,27.54796,85.33968,"85.33968,27.54796","Landslide at Bhattedanda , Konjyosom Rural Municipality-4",True,True,other,105,16
93795,2026-08-29,28.3656,82.5356,"82.5356,28.3656",Landslide at Madi Rural Municipality-6,True,True,other,2,11
93797,2026-08-29,28.09848,83.31058,"83.31058,28.09848",Landslide at Resunga Municipality-14,True,True,other,90,11
93800,2026-08-29,28.67399,82.81088,"82.81088,28.67399",Landslide at Putha Uttarganga Rural Municipality-4,True,True,other,31,11
93805,2026-08-29,27.80072,83.07075,"83.07075,27.80072",Landslide at Sitganga Municipality-12,True,True,other,6,11
93806,2026-08-29,28.04998,83.54358,"83.54358,28.04998",Landslide at Kaligandaki Rural Municipality-4,True,True,other,2,11
93818,2026-08-30,28.35288,83.27139,"83.27139,28.35288",Landslide at Dhorpatan Municipality-4,True,True,other,84,16
93819,2026-08-30,29.50844,80.57647,"80.57647,29.50844",Landslide at Surnaya Rural Municipality-5,True,True,other,73,16
93821,2026-08-30,28.65047,81.50876,"81.50876,28.65047","Landslide at Aulise , Barahtal Rural Municipality-8",True,True,other,24,16
93824,2026-08-30,28.00638,84.94688,"84.94688,28.00638","Landslide at Krishna Bhir , Netrawati Dabjong Rural Municipality-1",True,True,other,86,16
93825,2026-08-29,28.25121,84.82313,"84.82313,28.25121","Landslide at Khanibeshi , Dharche Rural Municipality-3",True,True,other,5,11
93827,2026-08-30,27.53685,86.18811,"86.18811,27.53685","Landslide at Haluwa , Gokulganga Rural Municipality-4",True,True,other,49,16
93828,2026-08-30,27.90711,85.75568,"85.75568,27.90711","Landslide at Kodari , Jugal Rural Municipality-2",True,True,other,86,16
93830,2026-08-30,28.32432,82.65523,"82.65523,28.32432",Landslide at Rolpa Municipality-10,True,True,other,149,16
93843,2026-08-30,29.67916,82.30447,"82.30447,29.67916",Landslide at Mugum Karmarong Rural Municipality-7,True,True,other,26,16
93845,2026-08-30,28.32432,82.65523,"82.65523,28.32432",Landslide at Rolpa Municipality-10,True,True,other,149,16
93849,2026-08-30,29.18116,80.84086,"80.84086,29.18116","Landslide at Galchhi , Shikhar Municipality-2",True,True,other,35,16
93850,2026-08-29,27.82349,86.22218,"86.22218,27.82349",Landslide at Bigu Rural Municipality-1,True,True,other,62,11
93851,2026-08-30,29.18116,80.84086,"80.84086,29.18116",Landslide at Shikhar Municipality-2,True,True,other,35,16
93852,2026-08-30,29.18116,80.84086,"80.84086,29.18116",Landslide at Shikhar Municipality-2,True,True,other,35,16
93856,2026-08-30,26.93279,86.66463,"86.66463,26.93279",Landslide at Rautamai Rural Municipality-7,True,True,other,31,16
93862,2026-08-30,27.54796,85.33968,"85.33968,27.54796",Landslide at Konjyosom Rural Municipality-4,True,True,other,105,16
93864,2026-08-31,28.28362,84.43609,"84.43609,28.28362","Landslide at Shreechaur, Marsyangdi Rural Municipality-7",True,True,other,56,13
93865,2026-08-31,28.09534,81.84765,"81.84765,28.09534","Landslide at Betahani, Rapti Sonari Rural Municipality-2",True,True,other,3,13
93866,2026-08-31,27.60988,87.82613,"87.82613,27.60988",Landslide at Phaktanglung Rural Municipality-6,True,True,other,148,13
93870,2026-08-31,28.9548,83.86811,"83.86811,28.9548","Landslide at Jhore, Lo Ghekar Damodarkunda Rural Municipality-5",True,True,other,22,13
93872,2026-08-31,28.67399,82.81088,"82.81088,28.67399","Landslide at Kharkhola, Putha Uttarganga Rural Municipality-4",True,True,other,31,13
93873,2026-08-31,28.27345,84.8101,"84.8101,28.27345","Landslide at Chaurikharka, Dharche Rural Municipality-5",True,True,other,82,13
93880,2026-08-31,29.72144,80.51073,"80.51073,29.72144",Landslide at Shailyashikhar Municipality-6,True,True,other,7,13
93882,2026-08-31,27.5894,85.33132,"85.33132,27.5894",Landslide at Godawari Municipality-10,True,True,other,2,13
93888,2026-08-31,27.54796,85.33968,"85.33968,27.54796","Landslide at Bhattedanda, Konjyosom Rural Municipality-4",True,True,other,105,13
93890,2026-08-31,27.82173,83.63419,"83.63419,27.82173",Landslide at Mathagadhi Rural Municipality-1,True,True,other,79,13
93896,2026-09-01,28.54637,83.48729,"83.48729,28.54637",Landslide at Raghuganga Rural Municipality-8,True,True,other,128,25
93899,2026-09-01,28.09848,83.31058,"83.31058,28.09848","Landslide at Rakse , Resunga Municipality-14",True,True,other,90,25
93900,2026-08-31,28.27345,84.8101,"84.8101,28.27345",Landslide at Dharche Rural Municipality-5,True,True,other,82,13
93901,2026-08-31,29.05304,82.69919,"82.69919,29.05304",Landslide at Tripurasundari Municipality-11,True,True,other,1,13
93904,2026-09-01,29.55474,80.39355,"80.39355,29.55474","Landslide at Jhulaghat , Dasharathchanda Municipality-8",True,True,other,1,25
93905,2026-09-01,29.18116,80.84086,"80.84086,29.18116","Landslide at Dullu , Shikhar Municipality-2",True,True,other,35,25
93907,2026-09-01,28.20228,83.69519,"83.69519,28.20228",Landslide at Kushma Municipality-10,True,True,other,56,25
93910,2026-09-01,28.1203,82.85541,"82.85541,28.1203","Landslide at Bahane , Pyuthan Municipality-7",True,True,other,60,25
93912,2026-09-01,28.27345,84.8101,"84.8101,28.27345",Landslide at Dharche Rural Municipality-5,True,True,other,82,25
93913,2026-09-01,28.09848,83.31058,"83.31058,28.09848",Landslide at Resunga Municipality-14,True,True,other,90,25
93915,2026-09-01,29.18116,80.84086,"80.84086,29.18116",Landslide at Shikhar Municipality-2,True,True,other,35,25
93919,2026-09-01,29.92362,80.73694,"80.73694,29.92362",Landslide at Apihimal Rural Municipality-6,True,True,other,48,25
93922,2026-09-02,27.92448,85.24446,"85.24446,27.92448",Landslide at Suryagadhi Rural Municipality-4,True,True,other,94,11
93923,2026-09-01,29.67916,82.30447,"82.30447,29.67916","Landslide at Talcha , Mugum Karmarong Rural Municipality-7",True,True,other,26,25
93927,2026-09-01,28.00638,84.94688,"84.94688,28.00638","Landslide at Kamerebhir , Netrawati Dabjong Rural Municipality-1",True,True,other,86,25
93928,2026-09-01,28.20228,83.69519,"83.69519,28.20228",Landslide at Kushma Municipality-10,True,True,other,56,25
93930,2026-09-01,28.28362,84.43609,"84.43609,28.28362",Landslide at Marsyangdi Rural Municipality-7,True,True,other,56,25
93931,2026-09-01,29.92362,80.73694,"80.73694,29.92362",Landslide at Apihimal Rural Municipality-6,True,True,other,48,25
93934,2026-09-01,27.60988,87.82613,"87.82613,27.60988","Landslide at Khokse Khola , Phaktanglung Rural Municipality-6",True,True,other,148,25
93935,2026-09-01,29.20864,80.48616,"80.48616,29.20864",Landslide at Alital Rural Municipality-3,True,True,other,44,25
93937,2026-09-01,29.20864,80.48616,"80.48616,29.20864",Landslide at Alital Rural Municipality-3,True,True,other,44,25
93940,2026-09-01,28.27728,83.92498,"83.92498,28.27728",Landslide at Pokhara Metropolitan City-25,True,True,other,8,25
93941,2026-09-01,27.54796,85.33968,"85.33968,27.54796",Landslide at Konjyosom Rural Municipality-4,True,True,other,105,25
93943,2026-09-01,28.73884,82.46045,"82.46045,28.73884",Landslide at Banphikot Rural Municipality-6,True,True,other,44,25
93945,2026-09-01,28.73884,82.46045,"82.46045,28.73884",Landslide at Banphikot Rural Municipality-6,True,True,other,44,25
93948,2026-09-03,29.20864,80.48616,"80.48616,29.20864",Landslide at Alital Rural Municipality-3,True,True,other,44,12
93950,2026-09-02,27.54796,85.33968,"85.33968,27.54796",Landslide at Konjyosom Rural Municipality-4,True,True,other,105,11
93954,2026-09-02,27.54796,85.33968,"85.33968,27.54796",Landslide at Konjyosom Rural Municipality-4,True,True,other,105,11
93955,2026-09-02,28.73884,82.46045,"82.46045,28.73884",Landslide at Banphikot Rural Municipality-6,True,True,other,44,11
93956,2026-09-02,29.18116,80.84086,"80.84086,29.18116",Landslide at Shikhar Municipality-2,True,True,other,35,11
93959,2026-09-02,27.90711,85.75568,"85.75568,27.90711",Landslide at Jugal Rural Municipality-2,True,True,other,86,11
93961,2026-09-02,28.28362,84.43609,"84.43609,28.28362",Landslide at Marsyangdi Rural Municipality-7,True,True,other,56,11
93964,2026-09-01,28.00638,84.94688,"84.94688,28.00638",Landslide at Netrawati Dabjong Rural Municipality-1,True,True,other,86,25
93966,2026-09-02,27.69912,85.37856,"85.37856,27.69912",Landslide at Kageshwori Manahora Municipality-9,True,True,other,61,11
93973,2026-09-02,28.32432,82.65523,"82.65523,28.32432",Landslide at Rolpa Municipality-10,True,True,other,149,11
93976,2026-09-02,27.54796,85.33968,"85.33968,27.54796",Landslide at Konjyosom Rural Municipality-4,True,True,other,105,11
93978,2026-09-01,29.12157,82.60881,"82.60881,29.12157",Landslide at Jagadulla Rural Municipality-3,True,True,other,1,25
93986,2026-09-03,27.94393,83.04234,"83.04234,27.94393",Landslide at Bhumikasthan Municipality-7,True,True,other,50,12
93987,2026-09-03,27.54796,85.33968,"85.33968,27.54796",Landslide at Konjyosom Rural Municipality-4,True,True,other,105,12
93988,2026-09-01,29.20864,80.48616,"80.48616,29.20864",Landslide at Alital Rural Municipality-3,True,True,other,44,25
93991,2026-09-03,28.32432,82.65523,"82.65523,28.32432",Landslide at Rolpa Municipality-10,True,True,other,149,12
93993,2026-09-03,28.32432,82.65523,"82.65523,28.32432",Landslide at Rolpa Municipality-10,True,True,other,149,12
94001,2026-09-03,28.25121,84.82313,"84.82313,28.25121",Landslide at Dharche Rural Municipality-3,True,True,other,5,12
94002,2026-09-03,29.50844,80.57647,"80.57647,29.50844",Landslide at Surnaya Rural Municipality-5,True,True,other,73,12
94003,2026-09-03,28.32432,82.65523,"82.65523,28.32432",Landslide at Rolpa Municipality-10,True,True,other,149,12
94005,2026-09-03,28.4,82.09154,"82.09154,28.4",Landslide at Sharada Municipality-9,True,True,other,45,12
94006,2026-09-03,28.65047,81.50876,"81.50876,28.65047",Landslide at Barahtal Rural Municipality-8,True,True,other,24,12
94010,2026-09-03,27.82349,86.22218,"86.22218,27.82349",Landslide at Bigu Rural Municipality-1,True,True,other,62,12
94011,2026-08-31,29.30306,80.63579,"80.63579,29.30306",Landslide at Amargadhi Municipality-10,True,True,other,2,13
94015,2026-09-02,28.62945,82.39148,"82.39148,28.62945",Landslide at Musikot Municipality-14,True,True,other,2,11
94018,2026-09-04,28.27345,84.8101,"84.8101,28.27345","Landslide at Kerabari, Dharche Rural Municipality-5",True,True,other,82,9
94019,2026-09-04,29.20864,80.48616,"80.48616,29.20864","Landslide at Shahukharka, Alital Rural Municipality-3",True,True,other,44,9
94020,2026-09-04,27.13741,87.5752,"87.5752,27.13741","Landslide at Dandakharka, Phedap Rural Municipality-3",True,True,other,53,9
94024,2026-09-04,29.5579,81.49045,"81.49045,29.5579",Landslide at Gaumul Rural Municipality-1,True,True,other,57,9
94027,2026-09-04,29.21559,81.74506,"81.74506,29.21559","Landslide at Ratamata, Pachaljharana Rural Municipality-3",True,True,other,81,9
94028,2026-09-04,29.50844,80.57647,"80.57647,29.50844",Landslide at Surnaya Rural Municipality-5,True,True,other,73,9
94029,2026-09-04,27.54796,85.33968,"85.33968,27.54796","Landslide at Bhattedande, Konjyosom Rural Municipality-4",True,True,other,105,9
94031,2026-09-05,29.21559,81.74506,"81.74506,29.21559","Landslide at Sisnegadha, Pachaljharana Rural Municipality-3",True,True,other,81,19
94032,2026-09-05,27.82349,86.22218,"86.22218,27.82349","Landslide at Singati, Bigu Rural Municipality-1",True,True,other,62,19
94034,2026-09-05,29.21559,81.74506,"81.74506,29.21559",Landslide at Pachaljharana Rural Municipality-3,True,True,other,81,19
94037,2026-09-04,29.20864,80.48616,"80.48616,29.20864",Landslide at Alital Rural Municipality-3,True,True,other,44,9
94039,2026-09-05,28.34628,83.99007,"83.99007,28.34628",Landslide at Machhapuchchhre Rural Municipality-2,True,True,other,61,19
94043,2026-09-05,29.5579,81.49045,"81.49045,29.5579",Landslide at Gaumul Rural Municipality-1,True,True,other,57,19
94045,2026-09-05,28.20228,83.69519,"83.69519,28.20228",Landslide at Kushma Municipality-10,True,True,other,56,19
94047,2026-09-05,28.74013,80.89463,"80.89463,28.74013",Landslide at Gauriganga Municipality-9,True,True,other,15,19
94050,2026-09-05,27.54796,85.33968,"85.33968,27.54796","Landslide at Bhattadanda, Konjyosom Rural Municipality-4",True,True,other,105,19
94051,2026-09-05,29.5579,81.49045,"81.49045,29.5579","Landslide at Bam, Gaumul Rural Municipality-1",True,True,other,57,19
94057,2026-09-05,29.20864,80.48616,"80.48616,29.20864",Landslide at Alital Rural Municipality-3,True,True,other,44,19
94059,2026-09-05,29.21559,81.74506,"81.74506,29.21559",Landslide at Pachaljharana Rural Municipality-3,True,True,other,81,19
94060,2026-09-05,29.21559,81.74506,"81.74506,29.21559","Landslide at Gagene, Pachaljharana Rural Municipality-3",True,True,other,81,19
94061,2026-09-05,27.54796,85.33968,"85.33968,27.54796",Landslide at Konjyosom Rural Municipality-4,True,True,other,105,19
94063,2026-09-05,29.5579,81.49045,"81.49045,29.5579",Landslide at Gaumul Rural Municipality-1,True,True,other,57,19
94064,2026-09-05,28.00638,84.94688,"84.94688,28.00638",Landslide at Netrawati Dabjong Rural Municipality-1,True,True,other,86,19
94078,2026-09-03,28.88537,81.67138,"81.67138,28.88537","Landslide at Takurakhal , Mahabu Rural Municipality-2",True,True,other,26,12
94079,2026-09-04,29.92362,80.73694,"80.73694,29.92362",Landslide at Apihimal Rural Municipality-6,True,True,other,48,9
94084,2026-09-05,28.54637,83.48729,"83.48729,28.54637","Landslide at Sukebagar , Raghuganga Rural Municipality-8",True,True,other,128,19
94085,2026-09-05,29.56661,81.43276,"81.43276,29.56661",Landslide at Gaumul Rural Municipality-2,True,True,other,3,19
94091,2026-09-07,29.50844,80.57647,"80.57647,29.50844","Landslide at Saunepani , Surnaya Rural Municipality-5",True,True,other,73,14
94092,2026-09-07,27.53685,86.18811,"86.18811,27.53685",Landslide at Gokulganga Rural Municipality-4,True,True,other,49,14
94093,2026-09-06,29.50844,80.57647,"80.57647,29.50844",Landslide at Surnaya Rural Municipality-5,True,True,other,73,15
94106,2026-09-06,28.4,82.09154,"82.09154,28.4",Landslide at Sharada Municipality-9,True,True,other,45,15
94111,2026-09-06,28.65047,81.50876,"81.50876,28.65047",Landslide at Barahtal Rural Municipality-8,True,True,other,24,15
94115,2026-09-06,29.21559,81.74506,"81.74506,29.21559",Landslide at Pachaljharana Rural Municipality-3,True,True,other,81,15
94116,2026-09-06,29.21559,81.74506,"81.74506,29.21559",Landslide at Pachaljharana Rural Municipality-3,True,True,other,81,15
94121,2026-09-06,27.62776,85.33419,"85.33419,27.62776",Landslide at Lalitpur Metropolitan City-24,True,True,other,1,15
94122,2026-09-06,29.21277,83.03833,"83.03833,29.21277",Landslide at Shey Phoksundo Rural Municipality-99,True,True,other,32,15
94123,2026-09-06,29.21277,83.03833,"83.03833,29.21277","Landslide at Chhipredaha , Shey Phoksundo Rural Municipality-99",True,True,other,32,15
94124,2026-09-06,27.54796,85.33968,"85.33968,27.54796",Landslide at Konjyosom Rural Municipality-4,True,True,other,105,15
94128,2026-09-05,28.22611,83.64089,"83.64089,28.22611",Landslide at Baglung Municipality-13,True,True,other,1,19
94130,2026-09-06,28.32432,82.65523,"82.65523,28.32432",Landslide at Rolpa Municipality-10,True,True,other,149,15
94132,2026-09-06,28.09848,83.31058,"83.31058,28.09848",Landslide at Resunga Municipality-14,True,True,other,90,15
94133,2026-09-05,29.42361,81.51729,"81.51729,29.42361",Landslide at Badimalika Municipality-8,True,True,other,2,19
94141,2026-09-06,29.21277,83.03833,"83.03833,29.21277",Landslide at Shey Phoksundo Rural Municipality-99,True,True,other,32,15
94142,2026-09-06,29.21277,83.03833,"83.03833,29.21277",Landslide at Shey Phoksundo Rural Municipality-99,True,True,other,32,15
94145,2026-09-07,27.72488,86.68194,"86.68194,27.72488",Landslide at Khumbu Pasanglhamu Rural Municipality-3,True,True,other,88,14
94147,2026-09-07,29.40401,80.36517,"80.36517,29.40401",Landslide at Shivanath Rural Municipality-5,True,True,other,1,14
94152,2026-09-07,29.50844,80.57647,"80.57647,29.50844",Landslide at Surnaya Rural Municipality-5,True,True,other,73,14
94153,2026-09-07,28.84298,80.31147,"80.31147,28.84298",Landslide at Shuklaphanta National Park National Park-99,True,True,other,3,14
94155,2026-09-07,29.7171,81.15534,"81.15534,29.7171",Landslide at Surma Rural Municipality-1,True,True,other,38,14
94156,2026-09-07,27.53685,86.18811,"86.18811,27.53685",Landslide at Gokulganga Rural Municipality-4,True,True,other,49,14
94157,2026-09-07,29.1072,80.46442,"80.46442,29.1072",Landslide at Alital Rural Municipality-8,True,True,other,3,14
94162,2026-09-07,28.4,82.09154,"82.09154,28.4","Landslide at Aaringale, Sharada Municipality-9",True,True,other,45,14
94165,2026-09-06,27.72488,86.68194,"86.68194,27.72488","Landslide at Chachalung, Khumbu Pasanglhamu Rural Municipality-3",True,True,other,88,15
94167,2026-09-07,29.20864,80.48616,"80.48616,29.20864","Landslide at Gothana, Alital Rural Municipality-3",True,True,other,44,14
94169,2026-09-06,29.21559,81.74506,"81.74506,29.21559","Landslide at Lafabazer, Pachaljharana Rural Municipality-3",True,True,other,81,15
94171,2026-09-07,28.4,82.09154,"82.09154,28.4","Landslide at Chourkhola, Sharada Municipality-9",True,True,other,45,14
94173,2026-09-07,27.9672,82.44665,"82.44665,27.9672",Landslide at Ghorahi Submetropolitan City-5,True,True,other,14,14
94175,2026-09-08,28.20228,83.69519,"83.69519,28.20228",Landslide at Kushma Municipality-10,True,True,other,56,7
94181,2026-09-08,29.50844,80.57647,"80.57647,29.50844",Landslide at Surnaya Rural Municipality-5,True,True,other,73,7
94188,2026-09-07,28.4,82.09154,"82.09154,28.4",Landslide at Sharada Municipality-9,True,True,other,45,14
94189,2026-09-09,28.00638,84.94688,"84.94688,28.00638","Landslide at Bahaaundanda, Netrawati Dabjong Rural Municipality-1",True,True,other,86,19
94190,2026-09-09,28.00638,84.94688,"84.94688,28.00638","Landslide at Kamerabhir, Netrawati Dabjong Rural Municipality-1",True,True,other,86,19
94192,2026-09-09,28.09848,83.31058,"83.31058,28.09848",Landslide at Resunga Municipality-14,True,True,other,90,19
94193,2026-09-09,27.33592,86.44629,"86.44629,27.33592","Landslide at Chitre, Molung Rural Municipality-1",True,True,other,71,19
94194,2026-09-09,28.4,82.09154,"82.09154,28.4",Landslide at Sharada Municipality-9,True,True,other,45,19
94212,2026-09-08,28.88537,81.67138,"81.67138,28.88537",Landslide at Mahabu Rural Municipality-2,True,True,other,26,7
94221,2026-09-08,29.50844,80.57647,"80.57647,29.50844",Landslide at Surnaya Rural Municipality-5,True,True,other,73,7
94223,2026-09-08,27.82349,86.22218,"86.22218,27.82349","Landslide at Gangor , Bigu Rural Municipality-1",True,True,other,62,7
94224,2026-09-09,27.54796,85.33968,"85.33968,27.54796",Landslide at Konjyosom Rural Municipality-4,True,True,other,105,19
94225,2026-09-08,28.65047,81.50876,"81.50876,28.65047",Landslide at Barahtal Rural Municipality-8,True,True,other,24,7
94232,2026-09-09,28.32432,82.65523,"82.65523,28.32432",Landslide at Rolpa Municipality-10,True,True,other,149,19
94234,2026-09-09,28.20794,82.85389,"82.85389,28.20794",Landslide at Naubahini Rural Municipality-7,True,True,other,5,19
94236,2026-09-09,28.00638,84.94688,"84.94688,28.00638","Landslide at Barhakilo , Netrawati Dabjong Rural Municipality-1",True,True,other,86,19
94237,2026-09-09,27.74363,85.03915,"85.03915,27.74363",Landslide at Thakre Rural Municipality-2,True,True,other,4,19
94243,2026-09-09,29.21559,81.74506,"81.74506,29.21559",Landslide at Pachaljharana Rural Municipality-3,True,True,other,81,19
94244,2026-09-09,26.64064,87.12722,"87.12722,26.64064",Landslide at Inaruwa Municipality-8,True,True,other,31,19
94255,2026-09-09,28.00638,84.94688,"84.94688,28.00638",Landslide at Netrawati Dabjong Rural Municipality-1,True,True,other,86,19
94256,2026-09-09,27.9672,82.44665,"82.44665,27.9672",Landslide at Ghorahi Submetropolitan City-5,True,True,other,14,19
94259,2026-09-09,27.33592,86.44629,"86.44629,27.33592",Landslide at Molung Rural Municipality-1,True,True,other,71,19
94263,2026-09-09,26.64064,87.12722,"87.12722,26.64064","Landslide at Dudhkhola, Inaruwa Municipality-8",True,True,other,31,19
94271,2026-09-10,27.90711,85.75568,"85.75568,27.90711","Landslide at Ghattekhola , Jugal Rural Municipality-2",True,True,other,86,6
94272,2026-09-09,28.73884,82.46045,"82.46045,28.73884",Landslide at Banphikot Rural Municipality-6,True,True,other,44,19
94273,2026-09-09,27.67418,85.44123,"85.44123,27.67418",Landslide at Bhaktapur Municipality-9,True,True,other,31,19
94274,2026-09-08,29.20864,80.48616,"80.48616,29.20864",Landslide at Alital Rural Municipality-3,True,True,other,44,7
94286,2026-09-10,27.53685,86.18811,"86.18811,27.53685","Landslide at Chatiban, Gokulganga Rural Municipality-4",True,True,other,49,6
94292,2026-09-10,26.93279,86.66463,"86.66463,26.93279",Landslide at Rautamai Rural Municipality-7,True,True,other,31,6
94295,2026-09-10,27.14773,87.78498,"87.78498,27.14773",Landslide at Phidim Municipality-11,True,True,other,83,6
94297,2026-09-09,28.8993,82.49285,"82.49285,28.8993","Landslide at Bagegaira, Nalgaad Municipality-12",True,True,other,2,19
94299,2026-09-10,26.64064,87.12722,"87.12722,26.64064","Landslide at Dhansari, Inaruwa Municipality-8",True,True,other,31,6
94301,2026-09-11,27.53685,86.18811,"86.18811,27.53685","Landslide at Halle , Gokulganga Rural Municipality-4",True,True,other,49,9
94304,2026-09-11,29.21559,81.74506,"81.74506,29.21559","Landslide at Gagene, Pachaljharana Rural Municipality-3",True,True,other,81,9
94306,2026-09-11,27.77921,84.48542,"84.48542,27.77921",Landslide at Bharatpur Metropolitan City-29,True,True,other,23,9
94311,2026-09-11,26.93279,86.66463,"86.66463,26.93279",Landslide at Rautamai Rural Municipality-7,True,True,other,31,9
94315,2026-09-11,26.64064,87.12722,"87.12722,26.64064","Landslide at Dudhkhola, Inaruwa Municipality-8",True,True,other,31,9
94321,2026-09-11,28.32432,82.65523,"82.65523,28.32432",Landslide at Rolpa Municipality-10,True,True,other,149,9
94326,2026-09-11,27.72488,86.68194,"86.68194,27.72488",Landslide at Khumbu Pasanglhamu Rural Municipality-3,True,True,other,88,9
94340,2026-09-11,27.72488,86.68194,"86.68194,27.72488",Landslide at Khumbu Pasanglhamu Rural Municipality-3,True,True,other,88,9
94341,2026-09-10,27.14773,87.78498,"87.78498,27.14773","Landslide at Aakashebhanjyang , Phidim Municipality-11",True,True,other,83,6
94343,2026-09-11,28.09848,83.31058,"83.31058,28.09848",Landslide at Resunga Municipality-14,True,True,other,90,9
94351,2026-09-12,26.64064,87.12722,"87.12722,26.64064",Landslide at Inaruwa Municipality-8,True,True,other,31,7
94352,2026-09-12,27.48224,86.57618,"86.57618,27.48224",Landslide at Solududhkunda Municipality-6,True,True,other,1,7
94359,2026-09-12,28.65047,81.50876,"81.50876,28.65047",Landslide at Barahtal Rural Municipality-8,True,True,other,24,7
94369,2026-09-12,27.18536,85.90753,"85.90753,27.18536",Landslide at Kamalamai Municipality-5,True,True,other,36,7
94373,2026-09-12,27.92448,85.24446,"85.24446,27.92448",Landslide at Suryagadhi Rural Municipality-4,True,True,other,94,7
94378,2026-09-14,28.65047,81.50876,"81.50876,28.65047","Landslide at Aulise , Barahtal Rural Municipality-8",True,True,other,24,11
94379,2026-09-14,27.90711,85.75568,"85.75568,27.90711","Landslide at Ghattekhola , Jugal Rural Municipality-2",True,True,other,86,11
94381,2026-09-12,26.58323,87.91446,"87.91446,26.58323",Landslide at Barhadashi Rural Municipality-7,True,True,other,1,7
94382,2026-09-13,26.88507,87.89616,"87.89616,26.88507",Landslide at Ilam Municipality-12,True,True,other,71,7
94388,2026-09-13,28.27728,83.92498,"83.92498,28.27728","Landslide at Nelbot , Pokhara Metropolitan City-25",True,True,other,8,7
94392,2026-09-13,29.92362,80.73694,"80.73694,29.92362",Landslide at Apihimal Rural Municipality-6,True,True,other,48,7
94393,2026-09-13,28.27345,84.8101,"84.8101,28.27345",Landslide at Dharche Rural Municipality-5,True,True,other,82,7
94396,2026-09-13,27.82349,86.22218,"86.22218,27.82349","Landslide at Chankhu , Bigu Rural Municipality-1",True,True,other,62,7
94399,2026-09-13,27.53685,86.18811,"86.18811,27.53685","Landslide at Kasthali Laphra , Gokulganga Rural Municipality-4",True,True,other,49,7
94402,2026-09-14,28.32432,82.65523,"82.65523,28.32432",Landslide at Rolpa Municipality-10,True,True,other,149,11
94404,2026-09-14,27.67418,85.44123,"85.44123,27.67418",Landslide at Bhaktapur Municipality-9,True,True,other,31,11
94406,2026-09-14,27.56963,85.0409,"85.0409,27.56963",Landslide at Bhimphedi Rural Municipality-9,True,True,other,2,11
94410,2026-09-14,27.33592,86.44629,"86.44629,27.33592",Landslide at Molung Rural Municipality-1,True,True,other,71,11
94413,2026-09-14,29.08616,81.57468,"81.57468,29.08616","Landslide at Gagane Khola , Shubhakalika Rural Municipality-1",True,True,other,7,11
94415,2026-09-14,27.14773,87.78498,"87.78498,27.14773","Landslide at Aakashebhanjyang , Phidim Municipality-11",True,True,other,83,11
94416,2026-09-14,28.98145,82.65612,"82.65612,28.98145",Landslide at Tripurasundari Municipality-5,True,True,other,4,11
94417,2026-09-14,27.94393,83.04234,"83.04234,27.94393",Landslide at Bhumikasthan Municipality-7,True,True,other,50,11
94423,2026-09-14,27.67418,85.44123,"85.44123,27.67418",Landslide at Bhaktapur Municipality-9,True,True,other,31,11
94443,2026-09-12,29.04379,80.44348,"80.44348,29.04379","Landslide at Patalkhola, Parashuram Municipality-11",True,True,other,1,7
94445,2026-09-15,27.67418,85.44123,"85.44123,27.67418","Landslide at Bastolagau, Bhaktapur Municipality-9",True,True,other,31,9
94449,2026-09-15,28.27345,84.8101,"84.8101,28.27345",Landslide at Dharche Rural Municipality-5,True,True,other,82,9
94450,2026-09-15,29.50844,80.57647,"80.57647,29.50844",Landslide at Surnaya Rural Municipality-5,True,True,other,73,9
94451,2026-09-15,29.21277,83.03833,"83.03833,29.21277","Landslide at Hurikot, Shey Phoksundo Rural Municipality-99",True,True,other,32,9
94453,2026-09-15,28.67916,84.18079,"84.18079,28.67916",Landslide at Narpa Bhoomi Rural Municipality-3,True,True,other,13,9
94458,2026-09-15,27.82173,83.63419,"83.63419,27.82173",Landslide at Mathagadhi Rural Municipality-1,True,True,other,79,9
94459,2026-09-15,27.82173,83.63419,"83.63419,27.82173",Landslide at Mathagadhi Rural Municipality-1,True,True,other,79,9
94462,2026-09-15,27.82173,83.63419,"83.63419,27.82173","Landslide at Dobhan, Mathagadhi Rural Municipality-1",True,True,other,79,9
94471,2026-09-16,27.54796,85.33968,"85.33968,27.54796","Landslide at Bhattadanda, Konjyosom Rural Municipality-4",True,True,other,105,12
94472,2026-09-16,28.28362,84.43609,"84.43609,28.28362",Landslide at Marsyangdi Rural Municipality-7,True,True,other,56,12
94475,2026-09-16,27.82349,86.22218,"86.22218,27.82349",Landslide at Bigu Rural Municipality-1,True,True,other,62,12
94476,2026-09-16,28.67916,84.18079,"84.18079,28.67916",Landslide at Narpa Bhoomi Rural Municipality-3,True,True,other,13,12
94477,2026-09-16,27.38688,87.21569,"87.21569,27.38688",Landslide at Khandbari Municipality-7,True,True,other,104,12
94478,2026-09-16,27.82349,86.22218,"86.22218,27.82349",Landslide at Bigu Rural Municipality-1,True,True,other,62,12
94483,2026-09-16,28.1193,84.04796,"84.04796,28.1193",Landslide at Pokhara Metropolitan City-33,True,True,other,4,12
94499,2026-09-16,27.61645,84.36001,"84.36001,27.61645","Landslide at Dharapani, Bharatpur Metropolitan City-14",True,True,other,39,12
94500,2026-09-16,28.00638,84.94688,"84.94688,28.00638","Landslide at Jyamire, Netrawati Dabjong Rural Municipality-1",True,True,other,86,12
94505,2026-09-15,27.72488,86.68194,"86.68194,27.72488",Landslide at Khumbu Pasanglhamu Rural Municipality-3,True,True,other,88,9
94507,2026-09-17,28.77264,82.32087,"82.32087,28.77264",Landslide at Aathbiskot Municipality-11,True,True,other,5,12
94511,2026-09-16,29.7171,81.15534,"81.15534,29.7171",Landslide at Surma Rural Municipality-1,True,True,other,38,12
94515,2026-09-16,29.5579,81.49045,"81.49045,29.5579","Landslide at Mathillo Kabri, Gaumul Rural Municipality-1",True,True,other,57,12
94520,2026-09-16,27.82349,86.22218,"86.22218,27.82349",Landslide at Bigu Rural Municipality-1,True,True,other,62,12
94527,2026-09-18,26.88507,87.89616,"87.89616,26.88507",Landslide at Ilam Municipality-12,True,True,other,71,6
94528,2026-09-18,27.60988,87.82613,"87.82613,27.60988",Landslide at Phaktanglung Rural Municipality-6,True,True,other,148,6
94530,2026-09-17,26.93279,86.66463,"86.66463,26.93279",Landslide at Rautamai Rural Municipality-7,True,True,other,31,12
94542,2026-09-17,28.32432,82.65523,"82.65523,28.32432",Landslide at Rolpa Municipality-10,True,True,other,149,12
94544,2026-09-17,27.13741,87.5752,"87.5752,27.13741",Landslide at Phedap Rural Municipality-3,True,True,other,53,12
94546,2026-09-17,27.13741,87.5752,"87.5752,27.13741",Landslide at Phedap Rural Municipality-3,True,True,other,53,12
94547,2026-09-17,27.13741,87.5752,"87.5752,27.13741",Landslide at Phedap Rural Municipality-3,True,True,other,53,12
94550,2026-09-17,27.13741,87.5752,"87.5752,27.13741","Landslide at Bagalegau, Phedap Rural Municipality-3",True,True,other,53,12
94552,2026-09-17,27.13741,87.5752,"87.5752,27.13741",Landslide at Phedap Rural Municipality-3,True,True,other,53,12
94553,2026-09-17,27.13741,87.5752,"87.5752,27.13741","Landslide at Khoyakhola, Phedap Rural Municipality-3",True,True,other,53,12
94554,2026-09-18,28.00638,84.94688,"84.94688,28.00638","Landslide at Jyamire, Netrawati Dabjong Rural Municipality-1",True,True,other,86,6
94580,2026-09-18,27.38688,87.21569,"87.21569,27.38688",Landslide at Khandbari Municipality-7,True,True,other,104,6
94585,2026-09-18,27.13741,87.5752,"87.5752,27.13741",Landslide at Phedap Rural Municipality-3,True,True,other,53,6
94590,2026-09-19,27.18536,85.90753,"85.90753,27.18536",Landslide at Kamalamai Municipality-5,True,True,other,36,2
94596,2026-09-19,28.00638,84.94688,"84.94688,28.00638","Landslide at Jyamireghat, Netrawati Dabjong Rural Municipality-1",True,True,other,86,2
94597,2026-09-18,27.72488,86.68194,"86.68194,27.72488","Landslide at kHARIKHOLA, Khumbu Pasanglhamu Rural Municipality-3",True,True,other,88,6
94598,2026-09-17,27.38688,87.21569,"87.21569,27.38688","Landslide at Nurbugau, Khandbari Municipality-7",True,True,other,104,12
94605,2026-09-17,27.61176,87.31716,"87.31716,27.61176",Landslide at Makalu Rural Municipality-3,True,True,other,12,12
94634,2026-09-20,27.39549,86.25058,"86.25058,27.39549",Landslide at Likhu Rural Municipality-6,True,True,other,1,1
94661,2026-09-21,27.38688,87.21569,"87.21569,27.38688",Landslide at Khandbari Municipality-7,True,True,other,104,1
94665,2026-09-13,26.80959,87.75059,"87.75059,26.80959",Landslide at Mangsebung Rural Municipality-5,True,True,other,2,7
94666,2026-09-17,29.35228,80.52221,"80.52221,29.35228",Landslide at Ajaymeru Rural Municipality-3,True,True,other,1,12
94674,2026-09-22,27.94393,83.04234,"83.04234,27.94393",Landslide at Bhumikasthan Municipality-7,True,True,other,50,1
94689,2026-09-24,27.82173,83.63419,"83.63419,27.82173","Landslide at Damsite , Mathagadhi Rural Municipality-1",True,True,other,79,14
94690,2026-09-24,27.94393,83.04234,"83.04234,27.94393","Landslide at near Dhungrekhola , Bhumikasthan Municipality-7",True,True,other,50,14
94691,2026-09-24,27.15572,86.7091,"86.7091,27.15572","Landslide at Dautekhola , Halesi Tuwachung Municipality-11",True,True,other,68,14
94697,2026-09-24,27.62682,82.96838,"82.96838,27.62682","Landslide at 1 km east of Chorkhola, Buddhabhumi Municipality-8",True,True,other,7,14
94708,2026-09-24,28.27345,84.8101,"84.8101,28.27345","Landslide at Kalobhir & Andadanda , Dharche Rural Municipality-5",True,True,other,82,14
94709,2026-09-24,28.00638,84.94688,"84.94688,28.00638","Landslide at Krishnabhir, Netrawati Dabjong Rural Municipality-1",True,True,other,86,14
94710,2026-09-24,28.00638,84.94688,"84.94688,28.00638","Landslide at Jyamireghat, Netrawati Dabjong Rural Municipality-1",True,True,other,86,14
94714,2026-09-24,27.14773,87.78498,"87.78498,27.14773","Landslide at Bardanda, Phidim Municipality-11",True,True,other,83,14
94719,2026-09-24,27.54796,85.33968,"85.33968,27.54796",Landslide at Konjyosom Rural Municipality-4,True,True,other,105,14
94720,2026-09-24,27.54796,85.33968,"85.33968,27.54796","Landslide at Bhattedanda, Konjyosom Rural Municipality-4",True,True,other,105,14
94724,2026-09-25,27.86526,84.60671,"84.60671,27.86526","Landslide at Dharapani , Ichchhakamana Rural Municipality-4",True,True,other,3,102
94725,2026-09-25,27.33592,86.44629,"86.44629,27.33592",Landslide at Molung Rural Municipality-1,True,True,other,71,102
94726,2026-09-25,27.54493,85.63649,"85.63649,27.54493","Landslide at Charsayebesi / Gimdibesi , Namobuddha Municipality-7",True,True,other,59,102
94727,2026-09-25,27.79618,84.66706,"84.66706,27.79618","Landslide at Tingrangkhani , Benighat Rorang Rural Municipality-10",True,True,other,19,102
94728,2026-09-25,28.00638,84.94688,"84.94688,28.00638","Landslide at Jyamireghat , Netrawati Dabjong Rural Municipality-1",True,True,other,86,102
94729,2026-09-25,28.00638,84.94688,"84.94688,28.00638",Landslide at Netrawati Dabjong Rural Municipality-1,True,True,other,86,102
94735,2026-09-24,27.53685,86.18811,"86.18811,27.53685",Landslide at Gokulganga Rural Municipality-4,True,True,other,49,14
94736,2026-09-24,27.60988,87.82613,"87.82613,27.60988",Landslide at Phaktanglung Rural Municipality-6,True,True,other,148,14
94737,2026-09-24,28.00638,84.94688,"84.94688,28.00638",Landslide at Netrawati Dabjong Rural Municipality-1,True,True,other,86,14
94743,2026-09-24,28.00638,84.94688,"84.94688,28.00638","Landslide at Krishnabhir, Netrawati Dabjong Rural Municipality-1",True,True,other,86,14
94747,2026-09-25,27.48786,84.94874,"84.94874,27.48786",Landslide at Hetauda Submetropolitan City-19,True,True,other,1,102
94748,2026-09-25,27.69447,85.25104,"85.25104,27.69447",Landslide at Chandragiri Municipality-12,True,True,other,1,102
94749,2026-09-25,28.54637,83.48729,"83.48729,28.54637",Landslide at Raghuganga Rural Municipality-8,True,True,other,128,102
94751,2026-09-25,27.42044,86.58843,"86.58843,27.42044",Landslide at Nechasalyan Rural Municipality-6,True,True,other,18,102
94752,2026-09-25,27.67418,85.44123,"85.44123,27.67418","Landslide at Sudal, Bhaktapur Municipality-9",True,True,other,31,102
94754,2026-09-25,28.05026,83.73811,"83.73811,28.05026","Landslide at malunga, Bhirkot Municipality-8",True,True,other,56,102
94755,2026-09-25,27.94393,83.04234,"83.04234,27.94393",Landslide at Bhumikasthan Municipality-7,True,True,other,50,102
94756,2026-09-25,27.94393,83.04234,"83.04234,27.94393",Landslide at Bhumikasthan Municipality-7,True,True,other,50,102
94758,2026-09-25,27.88022,83.77747,"83.77747,27.88022","Landslide at Hosdi, Rampur Municipality-10",True,True,other,3,102
94760,2026-09-25,27.33592,86.44629,"86.44629,27.33592","Landslide at Karkitole, Molung Rural Municipality-1",True,True,other,71,102
94761,2026-09-25,27.38688,87.21569,"87.21569,27.38688","Landslide at Okharbote, Khandbari Municipality-7",True,True,other,104,102
94763,2026-09-25,27.82173,83.63419,"83.63419,27.82173",Landslide at Mathagadhi Rural Municipality-1,True,True,other,79,102
94764,2026-09-25,27.13741,87.5752,"87.5752,27.13741",Landslide at Phedap Rural Municipality-3,True,True,other,53,102
94765,2026-09-25,26.88507,87.89616,"87.89616,26.88507",Landslide at Ilam Municipality-12,True,True,other,71,102
94770,2026-09-25,26.88507,87.89616,"87.89616,26.88507",Landslide at Ilam Municipality-12,True,True,other,71,102
94771,2026-09-25,27.93572,84.24996,"84.24996,27.93572",Landslide at Rhishing Rural Municipality-1,True,True,other,54,102
94773,2026-09-25,27.4427,85.08797,"85.08797,27.4427","Landslide at Baguwo, Makawanpurgadhi Rural Municipality-5",True,True,other,52,102
94774,2026-09-25,28.32432,82.65523,"82.65523,28.32432",Landslide at Rolpa Municipality-10,True,True,other,149,102
94775,2026-09-25,26.88507,87.89616,"87.89616,26.88507",Landslide at Ilam Municipality-12,True,True,other,71,102
94776,2026-09-25,27.53685,86.18811,"86.18811,27.53685",Landslide at Gokulganga Rural Municipality-4,True,True,other,49,102
94778,2026-09-25,27.14773,87.78498,"87.78498,27.14773",Landslide at Phidim Municipality-11,True,True,other,83,102
94779,2026-09-25,27.33592,86.44629,"86.44629,27.33592",Landslide at Molung Rural Municipality-1,True,True,other,71,102
94782,2026-09-25,27.54796,85.33968,"85.33968,27.54796",Landslide at Konjyosom Rural Municipality-4,True,True,other,105,102
94783,2026-09-25,27.82173,83.63419,"83.63419,27.82173",Landslide at Mathagadhi Rural Municipality-1,True,True,other,79,102
94786,2026-09-25,27.68739,84.06217,"84.06217,27.68739",Landslide at Hupsekot Rural Municipality-4,True,True,other,23,102
94790,2026-09-25,27.60988,87.82613,"87.82613,27.60988",Landslide at Phaktanglung Rural Municipality-6,True,True,other,148,102
94791,2026-09-25,27.68739,84.06217,"84.06217,27.68739",Landslide at Hupsekot Rural Municipality-4,True,True,other,23,102
94793,2026-09-25,26.8428,87.18168,"87.18168,26.8428",Landslide at Barah Municipality-1,True,True,other,12,102
94794,2026-09-25,27.32197,85.01285,"85.01285,27.32197",Landslide at Jitpur Simara Submetropolitan City-22,True,True,other,1,102
94795,2026-09-25,27.54796,85.33968,"85.33968,27.54796",Landslide at Konjyosom Rural Municipality-4,True,True,other,105,102
94797,2026-09-25,28.67916,84.18079,"84.18079,28.67916",Landslide at Narpa Bhoomi Rural Municipality-3,True,True,other,13,102
94798,2026-09-25,28.34628,83.99007,"83.99007,28.34628",Landslide at Machhapuchchhre Rural Municipality-2,True,True,other,61,102
94799,2026-09-25,28.09848,83.31058,"83.31058,28.09848",Landslide at Resunga Municipality-14,True,True,other,90,102
94800,2026-09-25,27.43403,85.74575,"85.74575,27.43403",Landslide at Roshi Rural Municipality-11,True,True,other,7,102
94801,2026-09-25,27.56706,85.53985,"85.53985,27.56706",Landslide at Panauti Municipality-10,True,True,other,3,102
94802,2026-09-25,27.14028,87.84922,"87.84922,27.14028",Landslide at Phidim Municipality-12,True,True,other,1,102
94804,2026-09-25,29.21277,83.03833,"83.03833,29.21277",Landslide at Shey Phoksundo Rural Municipality-99,True,True,other,32,102
94805,2026-09-26,27.82173,83.63419,"83.63419,27.82173",Landslide at Mathagadhi Rural Municipality-1,True,True,other,79,68
94808,2026-09-26,28.54637,83.48729,"83.48729,28.54637",Landslide at Raghuganga Rural Municipality-8,True,True,other,128,68
94809,2026-09-26,28.54637,83.48729,"83.48729,28.54637",Landslide at Raghuganga Rural Municipality-8,True,True,other,128,68
94810,2026-09-25,28.1203,82.85541,"82.85541,28.1203",Landslide at Pyuthan Municipality-7,True,True,other,60,102
94812,2026-09-25,28.1203,82.85541,"82.85541,28.1203",Landslide at Pyuthan Municipality-7,True,True,other,60,102
94813,2026-09-25,28.09848,83.31058,"83.31058,28.09848",Landslide at Resunga Municipality-14,True,True,other,90,102
94814,2026-09-25,28.09848,83.31058,"83.31058,28.09848",Landslide at Resunga Municipality-14,True,True,other,90,102
94815,2026-09-25,28.20228,83.69519,"83.69519,28.20228",Landslide at Kushma Municipality-10,True,True,other,56,102
94816,2026-09-25,28.74013,80.89463,"80.89463,28.74013",Landslide at Gauriganga Municipality-9,True,True,other,15,102
94817,2026-09-25,28.4,82.09154,"82.09154,28.4",Landslide at Sharada Municipality-9,True,True,other,45,102
94823,2026-09-25,28.00638,84.94688,"84.94688,28.00638",Landslide at Netrawati Dabjong Rural Municipality-1,True,True,other,86,102
94826,2026-09-25,28.00638,84.94688,"84.94688,28.00638",Landslide at Netrawati Dabjong Rural Municipality-1,True,True,other,86,102
94827,2026-09-25,27.33592,86.44629,"86.44629,27.33592",Landslide at Molung Rural Municipality-1,True,True,other,71,102
94828,2026-09-25,27.68739,84.06217,"84.06217,27.68739",Landslide at Hupsekot Rural Municipality-4,True,True,other,23,102
94829,2026-09-25,27.94393,83.04234,"83.04234,27.94393",Landslide at Bhumikasthan Municipality-7,True,True,other,50,102
94830,2026-09-25,27.97826,84.33696,"84.33696,27.97826",Landslide at Vyas Municipality-12,True,True,other,7,102
94831,2026-09-25,28.09848,83.31058,"83.31058,28.09848",Landslide at Resunga Municipality-14,True,True,other,90,102
94833,2026-09-25,28.35288,83.27139,"83.27139,28.35288",Landslide at Dhorpatan Municipality-4,True,True,other,84,102
94834,2026-09-25,28.34628,83.99007,"83.99007,28.34628",Landslide at Machhapuchchhre Rural Municipality-2,True,True,other,61,102
94835,2026-09-25,28.32432,82.65523,"82.65523,28.32432",Landslide at Rolpa Municipality-10,True,True,other,149,102
94836,2026-09-25,29.21559,81.74506,"81.74506,29.21559",Landslide at Pachaljharana Rural Municipality-3,True,True,other,81,102
94837,2026-09-25,27.14773,87.78498,"87.78498,27.14773",Landslide at Phidim Municipality-11,True,True,other,83,102
94838,2026-09-25,28.86981,82.19935,"82.19935,28.86981",Landslide at Kushe Rural Municipality-7,True,True,other,66,102
94840,2026-09-25,27.54493,85.63649,"85.63649,27.54493",Landslide at Namobuddha Municipality-7,True,True,other,59,102
94841,2026-09-25,28.35288,83.27139,"83.27139,28.35288",Landslide at Dhorpatan Municipality-4,True,True,other,84,102
94844,2026-09-25,27.14773,87.78498,"87.78498,27.14773",Landslide at Phidim Municipality-11,True,True,other,83,102
94846,2026-09-25,28.34628,83.99007,"83.99007,28.34628",Landslide at Machhapuchchhre Rural Municipality-2,True,True,other,61,102
94847,2026-09-25,28.34628,83.99007,"83.99007,28.34628",Landslide at Machhapuchchhre Rural Municipality-2,True,True,other,61,102
94848,2026-09-25,28.32432,82.65523,"82.65523,28.32432",Landslide at Rolpa Municipality-10,True,True,other,149,102
94849,2026-09-25,27.67976,85.32873,"85.32873,27.67976",Landslide at Lalitpur Metropolitan City-11,True,True,other,1,102
94850,2026-09-25,27.82173,83.63419,"83.63419,27.82173",Landslide at Mathagadhi Rural Municipality-1,True,True,other,79,102
94851,2026-09-25,27.68739,84.06217,"84.06217,27.68739",Landslide at Hupsekot Rural Municipality-4,True,True,other,23,102
94852,2026-09-25,26.88507,87.89616,"87.89616,26.88507",Landslide at Ilam Municipality-12,True,True,other,71,102
94854,2026-09-25,27.67902,85.28968,"85.28968,27.67902",Landslide at Kirtipur Municipality-10,True,True,other,1,102
94855,2026-09-25,27.67418,85.44123,"85.44123,27.67418",Landslide at Bhaktapur Municipality-9,True,True,other,31,102
94856,2026-09-25,27.94393,83.04234,"83.04234,27.94393",Landslide at Bhumikasthan Municipality-7,True,True,other,50,102
94857,2026-09-25,28.28362,84.43609,"84.43609,28.28362",Landslide at Marsyangdi Rural Municipality-7,True,True,other,56,102
94858,2026-09-25,27.65319,85.47419,"85.47419,27.65319","Landslide at Nalagumba, Suryabinayak Municipality-10",True,True,other,5,102
94862,2026-09-25,28.27345,84.8101,"84.8101,28.27345",Landslide at Dharche Rural Municipality-5,True,True,other,82,102
94867,2026-09-25,27.82173,83.63419,"83.63419,27.82173",Landslide at Mathagadhi Rural Municipality-1,True,True,other,79,102
94868,2026-09-25,27.13741,87.5752,"87.5752,27.13741",Landslide at Phedap Rural Municipality-3,True,True,other,53,102
94869,2026-09-25,27.13741,87.5752,"87.5752,27.13741",Landslide at Phedap Rural Municipality-3,True,True,other,53,102
94870,2026-09-25,27.33592,86.44629,"86.44629,27.33592",Landslide at Molung Rural Municipality-1,True,True,other,71,102
94871,2026-09-25,27.08205,87.85507,"87.85507,27.08205",Landslide at Phidim Municipality-14,True,True,other,2,102
94872,2026-09-25,28.35288,83.27139,"83.27139,28.35288",Landslide at Dhorpatan Municipality-4,True,True,other,84,102
94873,2026-09-25,27.91679,83.52123,"83.52123,27.91679",Landslide at Tansen Municipality-13,True,True,other,2,102
94874,2026-09-25,27.93572,84.24996,"84.24996,27.93572",Landslide at Rhishing Rural Municipality-1,True,True,other,54,102
94875,2026-09-25,27.54796,85.33968,"85.33968,27.54796",Landslide at Konjyosom Rural Municipality-4,True,True,other,105,102
94876,2026-09-25,28.09848,83.31058,"83.31058,28.09848",Landslide at Resunga Municipality-14,True,True,other,90,102
94877,2026-09-25,27.67418,85.44123,"85.44123,27.67418","Landslide at Sudal, Bhaktapur Municipality-9",True,True,other,31,102
94878,2026-09-25,27.94393,83.04234,"83.04234,27.94393",Landslide at Bhumikasthan Municipality-7,True,True,other,50,102
94879,2026-09-25,27.94393,83.04234,"83.04234,27.94393",Landslide at Bhumikasthan Municipality-7,True,True,other,50,102
94880,2026-09-25,27.18536,85.90753,"85.90753,27.18536",Landslide at Kamalamai Municipality-5,True,True,other,36,102
94882,2026-09-25,28.00638,84.94688,"84.94688,28.00638",Landslide at Netrawati Dabjong Rural Municipality-1,True,True,other,86,102
94885,2026-09-25,28.27345,84.8101,"84.8101,28.27345",Landslide at Dharche Rural Municipality-5,True,True,other,82,102
94887,2026-09-25,28.27345,84.8101,"84.8101,28.27345",Landslide at Dharche Rural Municipality-5,True,True,other,82,102
94888,2026-09-25,27.67418,85.44123,"85.44123,27.67418",Landslide at Bhaktapur Municipality-9,True,True,other,31,102
94892,2026-09-26,28.54637,83.48729,"83.48729,28.54637",Landslide at Raghuganga Rural Municipality-8,True,True,other,128,68
94894,2026-09-26,28.27345,84.8101,"84.8101,28.27345",Landslide at Dharche Rural Municipality-5,True,True,other,82,68
94897,2026-09-26,28.14452,83.68556,"83.68556,28.14452","Landslide at Okhreni , Phalewas Municipality-8",True,True,other,1,68
94898,2026-09-25,28.73884,82.46045,"82.46045,28.73884",Landslide at Banphikot Rural Municipality-6,True,True,other,44,102
94899,2026-09-26,28.28362,84.43609,"84.43609,28.28362",Landslide at Marsyangdi Rural Municipality-7,True,True,other,56,68
94909,2026-09-26,29.20864,80.48616,"80.48616,29.20864",Landslide at Alital Rural Municipality-3,True,True,other,44,68
94912,2026-09-26,29.20864,80.48616,"80.48616,29.20864","Landslide at Bedupani , Alital Rural Municipality-3",True,True,other,44,68
94913,2026-09-26,27.17377,87.09084,"87.09084,27.17377","Landslide at Kotgadhi , Bhojpur Municipality-11",True,True,other,65,68
94915,2026-09-26,27.82173,83.63419,"83.63419,27.82173",Landslide at Mathagadhi Rural Municipality-1,True,True,other,79,68
94927,2026-09-26,28.27345,84.8101,"84.8101,28.27345","Landslide at Rainas Bajar , Dharche Rural Municipality-5",True,True,other,82,68
94929,2026-09-27,27.68739,84.06217,"84.06217,27.68739","Landslide at Daunibazer, Hupsekot Rural Municipality-4",True,True,other,23,108
94930,2026-09-27,27.54796,85.33968,"85.33968,27.54796",Landslide at Konjyosom Rural Municipality-4,True,True,other,105,108
94934,2026-09-27,27.4427,85.08797,"85.08797,27.4427","Landslide at Jyalatar, Makawanpurgadhi Rural Municipality-5",True,True,other,52,108
94935,2026-09-26,28.28362,84.43609,"84.43609,28.28362",Landslide at Marsyangdi Rural Municipality-7,True,True,other,56,68
94936,2026-09-26,27.94393,83.04234,"83.04234,27.94393","Landslide at barbote, Bhumikasthan Municipality-7",True,True,other,50,68
94937,2026-09-27,27.97826,84.33696,"84.33696,27.97826",Landslide at Vyas Municipality-12,True,True,other,7,108
94938,2026-09-27,27.52825,83.73871,"83.73871,27.52825",Landslide at Sarawal Rural Municipality-3,True,True,other,2,108
94939,2026-09-27,27.93572,84.24996,"84.24996,27.93572",Landslide at Rhishing Rural Municipality-1,True,True,other,54,108
94940,2026-09-27,28.20228,83.69519,"83.69519,28.20228",Landslide at Kushma Municipality-10,True,True,other,56,108
94941,2026-09-27,27.79618,84.66706,"84.66706,27.79618",Landslide at Benighat Rorang Rural Municipality-10,True,True,other,19,108
94942,2026-09-27,28.28362,84.43609,"84.43609,28.28362","Landslide at Kharkhare, Marsyangdi Rural Municipality-7",True,True,other,56,108
94943,2026-09-26,28.28362,84.43609,"84.43609,28.28362",Landslide at Marsyangdi Rural Municipality-7,True,True,other,56,68
94944,2026-09-26,27.67418,85.44123,"85.44123,27.67418",Landslide at Bhaktapur Municipality-9,True,True,other,31,68
94947,2026-09-26,29.67916,82.30447,"82.30447,29.67916",Landslide at Mugum Karmarong Rural Municipality-7,True,True,other,26,68
94948,2026-09-26,27.15572,86.7091,"86.7091,27.15572",Landslide at Halesi Tuwachung Municipality-11,True,True,other,68,68
94949,2026-09-26,30.02618,81.88546,"81.88546,30.02618",Landslide at Simkot Rural Municipality-3,True,True,other,36,68
94950,2026-09-26,28.34628,83.99007,"83.99007,28.34628",Landslide at Machhapuchchhre Rural Municipality-2,True,True,other,61,68
94952,2026-09-26,27.13741,87.5752,"87.5752,27.13741",Landslide at Phedap Rural Municipality-3,True,True,other,53,68
94953,2026-09-26,28.65047,81.50876,"81.50876,28.65047","Landslide at Aulise , Barahtal Rural Municipality-8",True,True,other,24,68
94954,2026-09-26,27.62682,82.96838,"82.96838,27.62682","Landslide at Bhairaldanda, Buddhabhumi Municipality-8",True,True,other,7,68
94957,2026-09-26,28.40214,81.74954,"81.74954,28.40214",Landslide at Bheriganga Municipality-5,True,True,other,1,68
94958,2026-09-25,28.35288,83.27139,"83.27139,28.35288",Landslide at Dhorpatan Municipality-4,True,True,other,84,102
94959,2026-09-26,27.82173,83.63419,"83.63419,27.82173","Landslide at kashiban, Mathagadhi Rural Municipality-1",True,True,other,79,68
94960,2026-09-26,27.94393,83.04234,"83.04234,27.94393",Landslide at Bhumikasthan Municipality-7,True,True,other,50,68
94964,2026-09-26,27.65319,85.47419,"85.47419,27.65319",Landslide at Suryabinayak Municipality-10,True,True,other,5,68
94965,2026-09-26,29.92362,80.73694,"80.73694,29.92362",Landslide at Apihimal Rural Municipality-6,True,True,other,48,68
94966,2026-09-26,29.30167,80.65745,"80.65745,29.30167",Landslide at Amargadhi Municipality-11,True,True,other,1,68
94967,2026-09-26,27.94393,83.04234,"83.04234,27.94393","Landslide at Bhadara Tharthare, Bhumikasthan Municipality-7",True,True,other,50,68
94972,2026-09-26,28.28362,84.43609,"84.43609,28.28362",Landslide at Marsyangdi Rural Municipality-7,True,True,other,56,68
94974,2026-09-26,28.27345,84.8101,"84.8101,28.27345","Landslide at Naamrung , Dharche Rural Municipality-5",True,True,other,82,68
94977,2026-09-26,29.21559,81.74506,"81.74506,29.21559","Landslide at Rachuli , Pachaljharana Rural Municipality-3",True,True,other,81,68
94978,2026-09-26,28.35288,83.27139,"83.27139,28.35288",Landslide at Dhorpatan Municipality-4,True,True,other,84,68
94982,2026-09-26,28.27345,84.8101,"84.8101,28.27345","Landslide at Kokheaahale , Dharche Rural Municipality-5",True,True,other,82,68
94985,2026-09-26,27.82173,83.63419,"83.63419,27.82173",Landslide at Mathagadhi Rural Municipality-1,True,True,other,79,68
94988,2026-09-25,27.82173,83.63419,"83.63419,27.82173","Landslide at Damara, Mathagadhi Rural Municipality-1",True,True,other,79,102
94990,2026-09-25,28.73884,82.46045,"82.46045,28.73884",Landslide at Banphikot Rural Municipality-6,True,True,other,44,102
94992,2026-09-26,28.50291,83.84147,"83.84147,28.50291",Landslide at Annapurna Rural Municipality-11,True,True,other,5,68
94998,2026-09-26,27.93572,84.24996,"84.24996,27.93572",Landslide at Rhishing Rural Municipality-1,True,True,other,54,68
94999,2026-09-26,28.10342,82.36182,"82.36182,28.10342",Landslide at Tulsipur Submetropolitan City-18,True,True,other,2,68
95000,2026-09-26,28.34628,83.99007,"83.99007,28.34628",Landslide at Machhapuchchhre Rural Municipality-2,True,True,other,61,68
95001,2026-09-26,29.23923,82.21605,"82.21605,29.23923",Landslide at Guthichaur Rural Municipality-5,True,True,other,7,68
95002,2026-09-26,28.09848,83.31058,"83.31058,28.09848","Landslide at Bhulke, Resunga Municipality-14",True,True,other,90,68
95004,2026-09-26,28.20228,83.69519,"83.69519,28.20228",Landslide at Kushma Municipality-10,True,True,other,56,68
95005,2026-09-26,28.9548,83.86811,"83.86811,28.9548",Landslide at Lo Ghekar Damodarkunda Rural Municipality-5,True,True,other,22,68
95006,2026-09-26,27.33592,86.44629,"86.44629,27.33592","Landslide at Puranogau, Molung Rural Municipality-1",True,True,other,71,68
95007,2026-09-26,27.56706,85.53985,"85.53985,27.56706",Landslide at Panauti Municipality-10,True,True,other,3,68
95008,2026-09-26,27.33592,86.44629,"86.44629,27.33592",Landslide at Molung Rural Municipality-1,True,True,other,71,68
95011,2026-09-26,27.33592,86.44629,"86.44629,27.33592",Landslide at Molung Rural Municipality-1,True,True,other,71,68
95012,2026-09-26,29.21559,81.74506,"81.74506,29.21559",Landslide at Pachaljharana Rural Municipality-3,True,True,other,81,68
95013,2026-09-26,28.9548,83.86811,"83.86811,28.9548",Landslide at Lo Ghekar Damodarkunda Rural Municipality-5,True,True,other,22,68
95019,2026-09-26,27.94393,83.04234,"83.04234,27.94393",Landslide at Bhumikasthan Municipality-7,True,True,other,50,68
95020,2026-09-26,28.01715,83.15423,"83.15423,28.01715",Landslide at Sandhikharka Municipality-11,True,True,other,2,68
95026,2026-09-26,28.20228,83.69519,"83.69519,28.20228",Landslide at Kushma Municipality-10,True,True,other,56,68
95027,2026-09-26,27.94393,83.04234,"83.04234,27.94393",Landslide at Bhumikasthan Municipality-7,True,True,other,50,68
95028,2026-09-26,27.4427,85.08797,"85.08797,27.4427",Landslide at Makawanpurgadhi Rural Municipality-5,True,True,other,52,68
95031,2026-09-25,27.67418,85.44123,"85.44123,27.67418",Landslide at Bhaktapur Municipality-9,True,True,other,31,102
95032,2026-09-26,27.54493,85.63649,"85.63649,27.54493",Landslide at Namobuddha Municipality-7,True,True,other,59,68
95033,2026-09-26,28.27345,84.8101,"84.8101,28.27345",Landslide at Dharche Rural Municipality-5,True,True,other,82,68
95034,2026-09-26,27.53685,86.18811,"86.18811,27.53685",Landslide at Gokulganga Rural Municipality-4,True,True,other,49,68
95035,2026-09-26,27.18536,85.90753,"85.90753,27.18536",Landslide at Kamalamai Municipality-5,True,True,other,36,68
95036,2026-09-26,27.83556,84.13765,"84.13765,27.83556",Landslide at Bulingtar Rural Municipality-6,True,True,other,2,68
95039,2026-09-27,28.35288,83.27139,"83.27139,28.35288",Landslide at Dhorpatan Municipality-4,True,True,other,84,108
95040,2026-09-27,28.54637,83.48729,"83.48729,28.54637",Landslide at Raghuganga Rural Municipality-8,True,True,other,128,108
95041,2026-09-27,28.16563,84.30526,"84.30526,28.16563","Landslide at Bimirebhanjyang , MadhyaNepal Municipality-10",True,True,other,18,108
95042,2026-09-27,29.24194,81.66626,"81.66626,29.24194",Landslide at Raskot Municipality-8,True,True,other,3,108
95043,2026-09-27,27.05642,85.94431,"85.94431,27.05642",Landslide at Mithila Municipality-11,True,True,other,1,108
95045,2026-09-27,27.82173,83.63419,"83.63419,27.82173",Landslide at Mathagadhi Rural Municipality-1,True,True,other,79,108
95046,2026-09-27,28.54637,83.48729,"83.48729,28.54637",Landslide at Raghuganga Rural Municipality-8,True,True,other,128,108
95047,2026-09-27,28.19766,84.43897,"84.43897,28.19766",Landslide at Besishahar Municipality-11,True,True,other,2,108
95048,2026-09-27,28.54637,83.48729,"83.48729,28.54637",Landslide at Raghuganga Rural Municipality-8,True,True,other,128,108
95049,2026-09-27,28.35288,83.27139,"83.27139,28.35288",Landslide at Dhorpatan Municipality-4,True,True,other,84,108
95054,2026-09-27,28.00638,84.94688,"84.94688,28.00638",Landslide at Netrawati Dabjong Rural Municipality-1,True,True,other,86,108
95056,2026-09-27,28.11433,84.45251,"84.45251,28.11433",Landslide at Rainas Municipality-8,True,True,other,1,108
95057,2026-09-27,28.28362,84.43609,"84.43609,28.28362",Landslide at Marsyangdi Rural Municipality-7,True,True,other,56,108
95060,2026-09-27,27.69912,85.37856,"85.37856,27.69912",Landslide at Kageshwori Manahora Municipality-9,True,True,other,61,108
95061,2026-09-27,28.9548,83.86811,"83.86811,28.9548",Landslide at Lo Ghekar Damodarkunda Rural Municipality-5,True,True,other,22,108
95064,2026-09-27,28.00638,84.94688,"84.94688,28.00638",Landslide at Netrawati Dabjong Rural Municipality-1,True,True,other,86,108
95066,2026-09-27,27.93572,84.24996,"84.24996,27.93572",Landslide at Rhishing Rural Municipality-1,True,True,other,54,108
95067,2026-09-27,28.34628,83.99007,"83.99007,28.34628",Landslide at Machhapuchchhre Rural Municipality-2,True,True,other,61,108
95068,2026-09-27,27.77921,84.48542,"84.48542,27.77921",Landslide at Bharatpur Metropolitan City-29,True,True,other,23,108
95069,2026-09-27,27.94393,83.04234,"83.04234,27.94393",Landslide at Bhumikasthan Municipality-7,True,True,other,50,108
95071,2026-09-27,28.00406,83.11864,"83.11864,28.00406","Landslide at Dharampani, Sandhikharka Municipality-10",True,True,other,1,108
95073,2026-09-27,27.80072,83.07075,"83.07075,27.80072",Landslide at Sitganga Municipality-12,True,True,other,6,108
95074,2026-09-27,27.80072,83.07075,"83.07075,27.80072",Landslide at Sitganga Municipality-12,True,True,other,6,108
95075,2026-09-27,27.4427,85.08797,"85.08797,27.4427",Landslide at Makawanpurgadhi Rural Municipality-5,True,True,other,52,108
95079,2026-09-27,28.1756,84.10946,"84.10946,28.1756",Landslide at Pokhara Metropolitan City-31,True,True,other,3,108
95081,2026-09-27,29.50844,80.57647,"80.57647,29.50844",Landslide at Surnaya Rural Municipality-5,True,True,other,73,108
95083,2026-09-27,28.20228,83.69519,"83.69519,28.20228",Landslide at Kushma Municipality-10,True,True,other,56,108
95084,2026-09-27,27.91654,84.33952,"84.33952,27.91654",Landslide at Vyas Municipality-14,True,True,other,2,108
95085,2026-09-27,28.19884,83.91163,"83.91163,28.19884","Landslide at Bhalukhola, Pokhara Metropolitan City-22",True,True,other,8,108
95086,2026-09-27,27.69139,83.952,"83.952,27.69139",Landslide at Madhyabindu Municipality-11,True,True,other,1,108
95087,2026-09-27,27.43702,85.00267,"85.00267,27.43702",Landslide at Hetauda Submetropolitan City-11,True,True,other,1,108
95088,2026-09-27,27.93572,84.24996,"84.24996,27.93572",Landslide at Rhishing Rural Municipality-1,True,True,other,54,108
95089,2026-09-27,27.54796,85.33968,"85.33968,27.54796","Landslide at Tikabhairav, Konjyosom Rural Municipality-4",True,True,other,105,108
95091,2026-09-27,27.93572,84.24996,"84.24996,27.93572","Landslide at Chapaghat, Rhishing Rural Municipality-1",True,True,other,54,108
95092,2026-09-27,28.20228,83.69519,"83.69519,28.20228","Landslide at dhapakhola, Kushma Municipality-10",True,True,other,56,108
95095,2026-09-27,27.54493,85.63649,"85.63649,27.54493","Landslide at Jeepline, Namobuddha Municipality-7",True,True,other,59,108
95098,2026-09-27,28.35288,83.27139,"83.27139,28.35288","Landslide at Lammela, Dhorpatan Municipality-4",True,True,other,84,108
95103,2026-09-27,27.4427,85.08797,"85.08797,27.4427","Landslide at Schooldanda, Makawanpurgadhi Rural Municipality-5",True,True,other,52,108
95104,2026-09-27,27.93572,84.24996,"84.24996,27.93572",Landslide at Rhishing Rural Municipality-1,True,True,other,54,108
95105,2026-09-27,28.01037,84.27161,"84.27161,28.01037",Landslide at Vyas Municipality-10,True,True,other,1,108
95108,2026-09-27,28.1193,84.04796,"84.04796,28.1193",Landslide at Pokhara Metropolitan City-33,True,True,other,4,108
95114,2026-09-27,27.82173,83.63419,"83.63419,27.82173","Landslide at Kokaldhara, Mathagadhi Rural Municipality-1",True,True,other,79,108
95116,2026-09-27,28.27345,84.8101,"84.8101,28.27345","Landslide at Batase , Dharche Rural Municipality-5",True,True,other,82,108
95123,2026-09-27,28.27345,84.8101,"84.8101,28.27345",Landslide at Dharche Rural Municipality-5,True,True,other,82,108
95124,2026-09-27,28.27345,84.8101,"84.8101,28.27345",Landslide at Dharche Rural Municipality-5,True,True,other,82,108
95133,2026-09-27,27.94393,83.04234,"83.04234,27.94393",Landslide at Bhumikasthan Municipality-7,True,True,other,50,108
95135,2026-09-27,27.72488,86.68194,"86.68194,27.72488",Landslide at Khumbu Pasanglhamu Rural Municipality-3,True,True,other,88,108
95137,2026-09-26,29.7171,81.15534,"81.15534,29.7171",Landslide at Surma Rural Municipality-1,True,True,other,38,68
95142,2026-09-27,27.81101,83.54275,"83.54275,27.81101",Landslide at Tansen Municipality-8,True,True,other,8,108
95144,2026-09-27,27.94393,83.04234,"83.04234,27.94393",Landslide at Bhumikasthan Municipality-7,True,True,other,50,108
95145,2026-09-27,27.67418,85.44123,"85.44123,27.67418",Landslide at Bhaktapur Municipality-9,True,True,other,31,108
95146,2026-09-27,29.06417,81.30663,"81.30663,29.06417",Landslide at Kamalbazar Municipality-7,True,True,other,19,108
95149,2026-09-27,28.20228,83.69519,"83.69519,28.20228",Landslide at Kushma Municipality-10,True,True,other,56,108
95151,2026-09-27,28.4,82.09154,"82.09154,28.4",Landslide at Sharada Municipality-9,True,True,other,45,108
95152,2026-09-27,28.00638,84.94688,"84.94688,28.00638",Landslide at Netrawati Dabjong Rural Municipality-1,True,True,other,86,108
95154,2026-09-27,27.67418,85.44123,"85.44123,27.67418",Landslide at Bhaktapur Municipality-9,True,True,other,31,108
95157,2026-09-27,28.01007,84.61036,"84.61036,28.01007",Landslide at Gorkha Municipality-5,True,True,other,2,108
95162,2026-09-27,28.27345,84.8101,"84.8101,28.27345",Landslide at Dharche Rural Municipality-5,True,True,other,82,108
95163,2026-09-27,29.21277,83.03833,"83.03833,29.21277",Landslide at Shey Phoksundo Rural Municipality-99,True,True,other,32,108
95165,2026-09-27,28.11439,83.63891,"83.63891,28.11439",Landslide at Phalewas Municipality-11,True,True,other,1,108
95171,2026-09-27,28.27345,84.8101,"84.8101,28.27345",Landslide at Dharche Rural Municipality-5,True,True,other,82,108
95172,2026-09-27,29.5579,81.49045,"81.49045,29.5579",Landslide at Gaumul Rural Municipality-1,True,True,other,57,108
95173,2026-09-27,27.64583,85.43785,"85.43785,27.64583",Landslide at Suryabinayak Municipality-8,True,True,other,4,108
95181,2026-09-27,27.93572,84.24996,"84.24996,27.93572",Landslide at Rhishing Rural Municipality-1,True,True,other,54,108
95182,2026-09-27,28.00638,84.94688,"84.94688,28.00638",Landslide at Netrawati Dabjong Rural Municipality-1,True,True,other,86,108
95184,2026-09-27,29.21559,81.74506,"81.74506,29.21559","Landslide at tirkhgadha, Pachaljharana Rural Municipality-3",True,True,other,81,108
95185,2026-09-27,27.91916,84.43437,"84.43437,27.91916",Landslide at Aanbookhaireni Rural Municipality-1,True,True,other,1,108
95198,2026-09-27,29.92362,80.73694,"80.73694,29.92362",Landslide at Apihimal Rural Municipality-6,True,True,other,48,108
95199,2026-09-27,27.94393,83.04234,"83.04234,27.94393","Landslide at Durgaphata, Bhumikasthan Municipality-7",True,True,other,50,108
95202,2026-09-27,27.94393,83.04234,"83.04234,27.94393",Landslide at Bhumikasthan Municipality-7,True,True,other,50,108
95204,2026-09-27,29.50844,80.57647,"80.57647,29.50844",Landslide at Surnaya Rural Municipality-5,True,True,other,73,108
95209,2026-09-28,28.73884,82.46045,"82.46045,28.73884",Landslide at Banphikot Rural Municipality-6,True,True,other,44,25
95212,2026-09-28,27.15572,86.7091,"86.7091,27.15572",Landslide at Halesi Tuwachung Municipality-11,True,True,other,68,25
95214,2026-09-27,28.54637,83.48729,"83.48729,28.54637",Landslide at Raghuganga Rural Municipality-8,True,True,other,128,108
95217,2026-09-27,28.38159,83.64214,"83.64214,28.38159",Landslide at Annapurna Rural Municipality-8,True,True,other,1,108
95224,2026-09-27,28.05026,83.73811,"83.73811,28.05026","Landslide at Chhinepani, Bhirkot Municipality-8",True,True,other,56,108
95225,2026-09-27,28.05026,83.73811,"83.73811,28.05026",Landslide at Bhirkot Municipality-8,True,True,other,56,108
95227,2026-09-27,28.28362,84.43609,"84.43609,28.28362",Landslide at Marsyangdi Rural Municipality-7,True,True,other,56,108
95229,2026-09-27,27.17377,87.09084,"87.09084,27.17377","Landslide at Dhakalgau, Bhojpur Municipality-11",True,True,other,65,108
95233,2026-09-26,28.05026,83.73811,"83.73811,28.05026","Landslide at Badaharea, Bhirkot Municipality-8",True,True,other,56,68
95235,2026-09-27,28.49627,84.76122,"84.76122,28.49627",Landslide at Chum Nubri Rural Municipality-4,True,True,other,1,108
95238,2026-09-27,30.02618,81.88546,"81.88546,30.02618",Landslide at Simkot Rural Municipality-3,True,True,other,36,108
95240,2026-09-27,27.94393,83.04234,"83.04234,27.94393",Landslide at Bhumikasthan Municipality-7,True,True,other,50,108
95241,2026-09-26,29.20864,80.48616,"80.48616,29.20864",Landslide at Alital Rural Municipality-3,True,True,other,44,68
95242,2026-09-27,29.21277,83.03833,"83.03833,29.21277",Landslide at Shey Phoksundo Rural Municipality-99,True,True,other,32,108
95244,2026-09-27,27.67418,85.44123,"85.44123,27.67418",Landslide at Bhaktapur Municipality-9,True,True,other,31,108
95246,2026-09-27,28.20228,83.69519,"83.69519,28.20228","Landslide at Kalmara, Kushma Municipality-10",True,True,other,56,108
95248,2026-09-26,27.62682,82.96838,"82.96838,27.62682",Landslide at Buddhabhumi Municipality-8,True,True,other,7,68
95251,2026-09-27,27.94393,83.04234,"83.04234,27.94393","Landslide at rokkatole, Bhumikasthan Municipality-7",True,True,other,50,108
95258,2026-09-27,29.06417,81.30663,"81.30663,29.06417",Landslide at Kamalbazar Municipality-7,True,True,other,19,108
95259,2026-09-27,29.06417,81.30663,"81.30663,29.06417",Landslide at Kamalbazar Municipality-7,True,True,other,19,108
95262,2026-09-27,28.27345,84.8101,"84.8101,28.27345",Landslide at Dharche Rural Municipality-5,True,True,other,82,108
95264,2026-09-27,28.2543,83.90601,"83.90601,28.2543","Landslide at Chhapgau, Pokhara Metropolitan City-24",True,True,other,7,108
95275,2026-09-26,27.33592,86.44629,"86.44629,27.33592","Landslide at Panchabuddha, Molung Rural Municipality-1",True,True,other,71,68
95282,2026-09-27,27.94393,83.04234,"83.04234,27.94393",Landslide at Bhumikasthan Municipality-7,True,True,other,50,108
95286,2026-09-27,27.79618,84.66706,"84.66706,27.79618","Landslide at Panidhara, Benighat Rorang Rural Municipality-10",True,True,other,19,108
95291,2026-09-27,28.9548,83.86811,"83.86811,28.9548","Landslide at Missi, Lo Ghekar Damodarkunda Rural Municipality-5",True,True,other,22,108
95295,2026-09-27,27.82173,83.63419,"83.63419,27.82173",Landslide at Mathagadhi Rural Municipality-1,True,True,other,79,108
95296,2026-09-27,28.28362,84.43609,"84.43609,28.28362","Landslide at Aapchaur, Marsyangdi Rural Municipality-7",True,True,other,56,108
95314,2026-09-27,27.4427,85.08797,"85.08797,27.4427",Landslide at Makawanpurgadhi Rural Municipality-5,True,True,other,52,108
95315,2026-09-28,27.97826,84.33696,"84.33696,27.97826",Landslide at Vyas Municipality-12,True,True,other,7,25
95316,2026-09-27,27.93572,84.24996,"84.24996,27.93572",Landslide at Rhishing Rural Municipality-1,True,True,other,54,108
95318,2026-09-28,29.50844,80.57647,"80.57647,29.50844",Landslide at Surnaya Rural Municipality-5,True,True,other,73,25
95320,2026-09-28,28.20228,83.69519,"83.69519,28.20228","Landslide at Lamabager, Kushma Municipality-10",True,True,other,56,25
95321,2026-09-28,27.54796,85.33968,"85.33968,27.54796",Landslide at Konjyosom Rural Municipality-4,True,True,other,105,25
95323,2026-09-27,27.68739,84.06217,"84.06217,27.68739","Landslide at Raikot, Hupsekot Rural Municipality-4",True,True,other,23,108
95324,2026-09-27,28.62729,81.74011,"81.74011,28.62729","Landslide at Tymke , Birendranagar Municipality-16",True,True,other,1,108
95326,2026-09-28,28.74013,80.89463,"80.89463,28.74013","Landslide at Khadkakhola, Gauriganga Municipality-9",True,True,other,15,25
95327,2026-09-28,27.67418,85.44123,"85.44123,27.67418",Landslide at Bhaktapur Municipality-9,True,True,other,31,25
95331,2026-09-28,27.93572,84.24996,"84.24996,27.93572","Landslide at Majtar, Rhishing Rural Municipality-1",True,True,other,54,25
95335,2026-09-26,30.02618,81.88546,"81.88546,30.02618",Landslide at Simkot Rural Municipality-3,True,True,other,36,68
95336,2026-09-28,26.96729,85.57183,"85.57183,26.96729",Landslide at Haripur Municipality-3,True,True,other,4,25
95338,2026-09-28,28.20228,83.69519,"83.69519,28.20228","Landslide at Karkineta, Kushma Municipality-10",True,True,other,56,25
95339,2026-09-28,28.00638,84.94688,"84.94688,28.00638",Landslide at Netrawati Dabjong Rural Municipality-1,True,True,other,86,25
95341,2026-09-28,27.68739,84.06217,"84.06217,27.68739",Landslide at Hupsekot Rural Municipality-4,True,True,other,23,25
95342,2026-09-28,28.27345,84.8101,"84.8101,28.27345","Landslide at Andadanda, Dharche Rural Municipality-5",True,True,other,82,25
95343,2026-09-28,27.82173,83.63419,"83.63419,27.82173",Landslide at Mathagadhi Rural Municipality-1,True,True,other,79,25
95345,2026-09-28,27.4427,85.08797,"85.08797,27.4427",Landslide at Makawanpurgadhi Rural Municipality-5,True,True,other,52,25
95349,2026-09-27,29.50844,80.57647,"80.57647,29.50844",Landslide at Surnaya Rural Municipality-5,True,True,other,73,108
95350,2026-09-28,27.18536,85.90753,"85.90753,27.18536","Landslide at Hardeni , Kamalamai Municipality-5",True,True,other,36,25
95352,2026-09-28,28.00638,84.94688,"84.94688,28.00638",Landslide at Netrawati Dabjong Rural Municipality-1,True,True,other,86,25
95355,2026-09-29,28.20228,83.69519,"83.69519,28.20228",Landslide at Kushma Municipality-10,True,True,other,56,2
95364,2026-09-28,27.82173,83.63419,"83.63419,27.82173",Landslide at Mathagadhi Rural Municipality-1,True,True,other,79,25
95366,2026-09-28,27.93393,84.41459,"84.41459,27.93393",Landslide at Bandipur Rural Municipality-4,True,True,other,1,25
95368,2026-09-28,29.21559,81.74506,"81.74506,29.21559",Landslide at Pachaljharana Rural Municipality-3,True,True,other,81,25
95377,2026-09-28,27.35559,87.61397,"87.61397,27.35559",Landslide at Aathrai Tribeni Rural Municipality-5,True,True,other,2,25
95389,2026-09-27,26.88482,85.81298,"85.81298,26.88482","Landslide at Kalapani , Aurahi Municipality-2",True,True,other,1,108
95390,2026-09-28,29.21277,83.03833,"83.03833,29.21277",Landslide at Shey Phoksundo Rural Municipality-99,True,True,other,32,25
95391,2026-09-28,27.60988,87.82613,"87.82613,27.60988",Landslide at Phaktanglung Rural Municipality-6,True,True,other,148,25
95396,2026-09-28,27.93572,84.24996,"84.24996,27.93572",Landslide at Rhishing Rural Municipality-1,True,True,other,54,25
95401,2026-09-26,28.27345,84.8101,"84.8101,28.27345",Landslide at Dharche Rural Municipality-5,True,True,other,82,68
95402,2026-09-30,27.54796,85.33968,"85.33968,27.54796","Landslide at Tarkuche , Konjyosom Rural Municipality-4",True,True,other,105,1
95405,2026-09-29,27.9672,82.44665,"82.44665,27.9672",Landslide at Ghorahi Submetropolitan City-5,True,True,other,14,2
95406,2026-09-26,28.27345,84.8101,"84.8101,28.27345",Landslide at Dharche Rural Municipality-5,True,True,other,82,68
95411,2026-09-27,27.54796,85.33968,"85.33968,27.54796",Landslide at Konjyosom Rural Municipality-4,True,True,other,105,108
